declaration_id,member_id,authority,register_held_by,ward,role,committee,declaration_category,declaration_detail,withheld,registered_date,last_updated_date
D-000001,M-00001,Ramsey Town Council,Huntingdonshire District Council,Little Paxton,Vice-Chair,Environment,Membership of a charity or voluntary body,Membership of a charity or voluntary body declared in the register,False,2025-01-13,2025-04-26
D-000002,M-00001,Ramsey Town Council,Huntingdonshire District Council,Little Paxton,Vice-Chair,Audit and Governance,Contracts with the authority,Contracts with the authority declared in the register,False,2024-06-06,2025-07-06
D-000003,M-00001,Ramsey Town Council,Huntingdonshire District Council,Little Paxton,Vice-Chair,Health and Wellbeing,Membership of a body exercising public functions,Membership of a body exercising public functions declared in the register,False,2024-08-24,2024-10-05
D-000004,M-00001,Ramsey Town Council,Huntingdonshire District Council,Little Paxton,Vice-Chair,Overview and Scrutiny,Directorship,Directorship declared in the register,False,2023-10-19,2024-07-25
D-000005,M-00002,Cambridgeshire County Council,Cambridgeshire County Council,Hemingfords,Councillor,Standards,Trade union membership,Trade union membership declared in the register,False,2025-04-10,2025-08-16
D-000006,M-00002,Cambridgeshire County Council,Cambridgeshire County Council,Hemingfords,Councillor,Licensing,"Employment, office, trade or profession",Employment declared in the register,False,2024-09-19,2024-10-08
D-000007,M-00002,Cambridgeshire County Council,Cambridgeshire County Council,Hemingfords,Councillor,Licensing,Contracts with the authority,Contracts with the authority declared in the register,False,2025-07-05,2026-04-07
D-000008,M-00003,St Ives Town Council,Huntingdonshire District Council,Alconbury,Committee Member,Planning,Licences to occupy land,Licences to occupy land declared in the register,False,2024-02-13,2024-05-28
D-000009,M-00004,Ramsey Town Council,Huntingdonshire District Council,Hemingfords,Councillor,Environment,Licences to occupy land,Licences to occupy land declared in the register,False,2024-09-17,2025-08-10
D-000010,M-00004,Ramsey Town Council,Huntingdonshire District Council,Hemingfords,Councillor,Planning,Membership of a charity or voluntary body,Membership of a charity or voluntary body declared in the register,False,2023-06-06,2023-09-16
D-000011,M-00005,St Ives Town Council,Huntingdonshire District Council,Buckden,Councillor,Audit and Governance,Contracts with the authority,Contracts with the authority declared in the register,False,2025-07-29,2026-05-24
D-000012,M-00005,St Ives Town Council,Huntingdonshire District Council,Buckden,Councillor,Audit and Governance,Securities,Securities declared in the register,False,2025-02-03,2025-10-11
D-000013,M-00005,St Ives Town Council,Huntingdonshire District Council,Buckden,Councillor,Audit and Governance,Contracts with the authority,Contracts with the authority declared in the register,False,2024-05-11,2024-09-01
D-000014,M-00005,St Ives Town Council,Huntingdonshire District Council,Buckden,Councillor,Corporate Governance,Membership of a body exercising public functions,Membership of a body exercising public functions declared in the register,False,2023-12-08,2023-12-09
D-000015,M-00006,South Cambridgeshire District Council,South Cambridgeshire District Council,Somersham,Councillor,Corporate Governance,"Employment, office, trade or profession",Employment declared in the register,False,2023-09-16,2024-06-07
D-000016,M-00006,South Cambridgeshire District Council,South Cambridgeshire District Council,Somersham,Councillor,Standards,Licences to occupy land,Licences to occupy land declared in the register,False,2025-09-08,2026-02-16
D-000017,M-00007,Huntingdonshire District Council,Huntingdonshire District Council,St Neots East,Councillor,Corporate Governance,"Employment, office, trade or profession",Employment declared in the register,False,2025-09-03,2026-03-17
D-000018,M-00007,Huntingdonshire District Council,Huntingdonshire District Council,St Neots East,Councillor,Audit and Governance,"Employment, office, trade or profession",Employment declared in the register,False,2024-12-20,2025-04-25
D-000019,M-00008,St Ives Town Council,Huntingdonshire District Council,Alconbury,Councillor,Audit and Governance,Securities,Securities declared in the register,False,2023-09-02,2024-09-16
D-000020,M-00009,St Ives Town Council,Huntingdonshire District Council,St Neots East,Vice-Chair,Environment,Sponsorship,Sponsorship declared in the register,False,2024-06-12,2024-09-19
D-000021,M-00009,St Ives Town Council,Huntingdonshire District Council,St Neots East,Vice-Chair,Corporate Governance,Corporate tenancies,Corporate tenancies declared in the register,False,2024-11-10,2025-02-22
D-000022,M-00010,Huntingdonshire District Council,Huntingdonshire District Council,Huntingdon West,Cabinet Member,Audit and Governance,Corporate tenancies,Corporate tenancies declared in the register,False,2025-01-13,2025-05-27
D-000023,M-00010,Huntingdonshire District Council,Huntingdonshire District Council,Huntingdon West,Cabinet Member,Finance,Sensitive interest (withheld under s.32),,True,2024-03-06,2025-02-10
D-000024,M-00010,Huntingdonshire District Council,Huntingdonshire District Council,Huntingdon West,Cabinet Member,(none),Securities,Securities declared in the register,False,2025-08-02,2026-04-24
D-000025,M-00010,Huntingdonshire District Council,Huntingdonshire District Council,Huntingdon West,Cabinet Member,Employment,Sensitive interest (withheld under s.32),,True,2023-10-12,2024-02-24
D-000026,M-00011,Huntingdonshire District Council,Huntingdonshire District Council,Warboys,Councillor,Employment,Securities,Securities declared in the register,False,2025-01-15,2025-04-12
D-000027,M-00011,Huntingdonshire District Council,Huntingdonshire District Council,Warboys,Councillor,Health and Wellbeing,Trade union membership,Trade union membership declared in the register,False,2023-09-19,2024-04-20
D-000028,M-00011,Huntingdonshire District Council,Huntingdonshire District Council,Warboys,Councillor,Standards,Membership of a body exercising public functions,Membership of a body exercising public functions declared in the register,False,2024-01-02,2024-03-12
D-000029,M-00012,Ramsey Town Council,Huntingdonshire District Council,Brampton,Vice-Chair,Finance,Contracts with the authority,Contracts with the authority declared in the register,False,2025-03-12,2026-01-10
D-000030,M-00013,South Cambridgeshire District Council,South Cambridgeshire District Council,Huntingdon East,Councillor,Planning,Licences to occupy land,Licences to occupy land declared in the register,False,2025-10-13,2026-10-28
D-000031,M-00013,South Cambridgeshire District Council,South Cambridgeshire District Council,Huntingdon East,Councillor,Environment,Contracts with the authority,Contracts with the authority declared in the register,False,2023-06-20,2023-09-29
D-000032,M-00014,Cambridgeshire County Council,Cambridgeshire County Council,Buckden,Councillor,Audit and Governance,Membership of a political party,Membership of a political party declared in the register,False,2024-02-12,2024-07-18
D-000033,M-00014,Cambridgeshire County Council,Cambridgeshire County Council,Buckden,Councillor,Licensing,Membership of a charity or voluntary body,Membership of a charity or voluntary body declared in the register,False,2024-03-13,2024-08-10
D-000034,M-00014,Cambridgeshire County Council,Cambridgeshire County Council,Buckden,Councillor,Audit and Governance,Membership of a charity or voluntary body,Membership of a charity or voluntary body declared in the register,False,2025-02-22,2025-07-07
D-000035,M-00014,Cambridgeshire County Council,Cambridgeshire County Council,Buckden,Councillor,Licensing,Trade union membership,Trade union membership declared in the register,False,2025-06-19,2025-08-19
D-000036,M-00014,Cambridgeshire County Council,Cambridgeshire County Council,Buckden,Councillor,Overview and Scrutiny,Directorship,Directorship declared in the register,False,2024-08-18,2024-11-20
D-000037,M-00015,St Ives Town Council,Huntingdonshire District Council,Fenstanton,Committee Member,Licensing,Membership of a body exercising public functions,Membership of a body exercising public functions declared in the register,False,2023-10-07,2024-09-30
D-000038,M-00016,South Cambridgeshire District Council,South Cambridgeshire District Council,Fenstanton,Councillor,Environment,"Employment, office, trade or profession",Employment declared in the register,False,2025-06-05,2025-11-17
D-000039,M-00016,South Cambridgeshire District Council,South Cambridgeshire District Council,Fenstanton,Councillor,Corporate Governance,Licences to occupy land,Licences to occupy land declared in the register,False,2023-11-27,2024-04-06
D-000040,M-00016,South Cambridgeshire District Council,South Cambridgeshire District Council,Fenstanton,Councillor,Corporate Governance,Land and property in the area,Land and property in the area declared in the register,False,2025-09-17,2026-08-06
D-000041,M-00016,South Cambridgeshire District Council,South Cambridgeshire District Council,Fenstanton,Councillor,Employment,Contracts with the authority,Contracts with the authority declared in the register,False,2025-01-04,2025-04-16
D-000042,M-00016,South Cambridgeshire District Council,South Cambridgeshire District Council,Fenstanton,Councillor,Environment,Membership of a charity or voluntary body,Membership of a charity or voluntary body declared in the register,False,2024-05-06,2025-03-22
D-000043,M-00017,Ramsey Town Council,Huntingdonshire District Council,St Ives East,Cabinet Member,Corporate Governance,Land and property in the area,Land and property in the area declared in the register,False,2025-07-21,2025-11-20
D-000044,M-00018,Cambridgeshire County Council,Cambridgeshire County Council,St Neots East,Councillor,Planning,Licences to occupy land,Licences to occupy land declared in the register,False,2023-08-31,2024-02-19
D-000045,M-00019,South Cambridgeshire District Council,South Cambridgeshire District Council,St Ives South,Councillor,Employment,Contracts with the authority,Contracts with the authority declared in the register,False,2025-06-08,2025-10-23
D-000046,M-00019,South Cambridgeshire District Council,South Cambridgeshire District Council,St Ives South,Councillor,(none),Contracts with the authority,Contracts with the authority declared in the register,False,2024-11-12,2025-05-14
D-000047,M-00019,South Cambridgeshire District Council,South Cambridgeshire District Council,St Ives South,Councillor,Employment,"Employment, office, trade or profession",Employment declared in the register,False,2025-05-15,2025-07-24
D-000048,M-00020,St Ives Town Council,Huntingdonshire District Council,Buckden,Councillor,Health and Wellbeing,Membership of a political party,Membership of a political party declared in the register,False,2025-10-02,2025-11-30
D-000049,M-00021,Ramsey Town Council,Huntingdonshire District Council,Huntingdon West,Chair,Licensing,Membership of a charity or voluntary body,Membership of a charity or voluntary body declared in the register,False,2025-01-23,2025-08-06
D-000050,M-00021,Ramsey Town Council,Huntingdonshire District Council,Huntingdon West,Chair,Finance,Contracts with the authority,Contracts with the authority declared in the register,False,2023-11-07,2024-06-28
D-000051,M-00021,Ramsey Town Council,Huntingdonshire District Council,Huntingdon West,Chair,Planning,Contracts with the authority,Contracts with the authority declared in the register,False,2025-01-02,2025-12-29
D-000052,M-00021,Ramsey Town Council,Huntingdonshire District Council,Huntingdon West,Chair,Finance,Membership of a political party,Membership of a political party declared in the register,False,2025-09-02,2026-07-10
D-000053,M-00021,Ramsey Town Council,Huntingdonshire District Council,Huntingdon West,Chair,Licensing,Licences to occupy land,Licences to occupy land declared in the register,False,2023-10-10,2024-08-11
D-000054,M-00022,Huntingdon Town Council,Huntingdonshire District Council,Godmanchester,Councillor,Standards,Corporate tenancies,Corporate tenancies declared in the register,False,2024-02-15,2024-05-17
D-000055,M-00022,Huntingdon Town Council,Huntingdonshire District Council,Godmanchester,Councillor,(none),Licences to occupy land,Licences to occupy land declared in the register,False,2024-04-17,2024-10-20
D-000056,M-00022,Huntingdon Town Council,Huntingdonshire District Council,Godmanchester,Councillor,Employment,Securities,Securities declared in the register,False,2023-12-29,2024-10-11
D-000057,M-00022,Huntingdon Town Council,Huntingdonshire District Council,Godmanchester,Councillor,Licensing,Licences to occupy land,Licences to occupy land declared in the register,False,2025-04-17,2025-09-30
D-000058,M-00022,Huntingdon Town Council,Huntingdonshire District Council,Godmanchester,Councillor,Environment,Trade union membership,Trade union membership declared in the register,False,2025-02-21,2026-01-09
D-000059,M-00023,Ramsey Town Council,Huntingdonshire District Council,Somersham,Cabinet Member,Corporate Governance,Sponsorship,Sponsorship declared in the register,False,2023-09-19,2024-02-24
D-000060,M-00023,Ramsey Town Council,Huntingdonshire District Council,Somersham,Cabinet Member,(none),Securities,Securities declared in the register,False,2024-02-07,2024-11-06
D-000061,M-00023,Ramsey Town Council,Huntingdonshire District Council,Somersham,Cabinet Member,Licensing,"Employment, office, trade or profession",Employment declared in the register,False,2025-06-30,2026-06-27
D-000062,M-00024,Cambridgeshire County Council,Cambridgeshire County Council,Sawtry,Committee Member,Licensing,Membership of a political party,Membership of a political party declared in the register,False,2024-07-09,2024-11-22
D-000063,M-00024,Cambridgeshire County Council,Cambridgeshire County Council,Sawtry,Committee Member,Planning,Directorship,Directorship declared in the register,False,2023-12-03,2024-10-12
D-000064,M-00024,Cambridgeshire County Council,Cambridgeshire County Council,Sawtry,Committee Member,Corporate Governance,Corporate tenancies,Corporate tenancies declared in the register,False,2025-07-27,2026-05-13
D-000065,M-00024,Cambridgeshire County Council,Cambridgeshire County Council,Sawtry,Committee Member,Health and Wellbeing,Membership of a political party,Membership of a political party declared in the register,False,2024-11-15,2025-11-11
D-000066,M-00025,Huntingdon Town Council,Huntingdonshire District Council,Little Paxton,Councillor,Environment,Securities,Securities declared in the register,False,2025-06-23,2025-07-14
D-000067,M-00025,Huntingdon Town Council,Huntingdonshire District Council,Little Paxton,Councillor,Overview and Scrutiny,"Employment, office, trade or profession",Employment declared in the register,False,2025-08-21,2026-01-22
D-000068,M-00026,Huntingdonshire District Council,Huntingdonshire District Council,St Ives East,Councillor,Planning,Securities,Securities declared in the register,False,2024-09-30,2024-12-22
D-000069,M-00026,Huntingdonshire District Council,Huntingdonshire District Council,St Ives East,Councillor,(none),Contracts with the authority,Contracts with the authority declared in the register,False,2023-09-22,2023-11-25
D-000070,M-00026,Huntingdonshire District Council,Huntingdonshire District Council,St Ives East,Councillor,Overview and Scrutiny,"Employment, office, trade or profession",Employment declared in the register,False,2023-09-29,2023-10-19
D-000071,M-00026,Huntingdonshire District Council,Huntingdonshire District Council,St Ives East,Councillor,Finance,Membership of a body exercising public functions,Membership of a body exercising public functions declared in the register,False,2023-08-30,2023-11-24
D-000072,M-00026,Huntingdonshire District Council,Huntingdonshire District Council,St Ives East,Councillor,Finance,Corporate tenancies,Corporate tenancies declared in the register,False,2024-08-17,2025-05-19
D-000073,M-00027,Ramsey Town Council,Huntingdonshire District Council,Ramsey,Councillor,Employment,Corporate tenancies,Corporate tenancies declared in the register,False,2023-07-27,2024-08-01
D-000074,M-00027,Ramsey Town Council,Huntingdonshire District Council,Ramsey,Councillor,Standards,Sponsorship,Sponsorship declared in the register,False,2024-07-14,2025-07-27
D-000075,M-00027,Ramsey Town Council,Huntingdonshire District Council,Ramsey,Councillor,(none),Membership of a charity or voluntary body,Membership of a charity or voluntary body declared in the register,False,2023-07-23,2024-08-25
D-000076,M-00028,Cambridgeshire County Council,Cambridgeshire County Council,St Neots East,Councillor,Overview and Scrutiny,Membership of a body exercising public functions,Membership of a body exercising public functions declared in the register,False,2024-08-27,2024-12-05
D-000077,M-00028,Cambridgeshire County Council,Cambridgeshire County Council,St Neots East,Councillor,Environment,Sponsorship,Sponsorship declared in the register,False,2024-01-04,2024-10-08
D-000078,M-00028,Cambridgeshire County Council,Cambridgeshire County Council,St Neots East,Councillor,Audit and Governance,Directorship,Directorship declared in the register,False,2023-05-19,2024-05-17
D-000079,M-00028,Cambridgeshire County Council,Cambridgeshire County Council,St Neots East,Councillor,Planning,Corporate tenancies,Corporate tenancies declared in the register,False,2024-05-19,2024-07-16
D-000080,M-00029,Huntingdon Town Council,Huntingdonshire District Council,St Neots East,Committee Member,Licensing,Licences to occupy land,Licences to occupy land declared in the register,False,2023-09-01,2024-01-31
D-000081,M-00029,Huntingdon Town Council,Huntingdonshire District Council,St Neots East,Committee Member,Planning,Licences to occupy land,Licences to occupy land declared in the register,False,2025-04-02,2025-08-24
D-000082,M-00030,South Cambridgeshire District Council,South Cambridgeshire District Council,Huntingdon West,Councillor,Corporate Governance,Land and property in the area,Land and property in the area declared in the register,False,2024-11-04,2025-04-17
D-000083,M-00030,South Cambridgeshire District Council,South Cambridgeshire District Council,Huntingdon West,Councillor,Audit and Governance,Directorship,Directorship declared in the register,False,2025-03-30,2025-07-31
D-000084,M-00031,South Cambridgeshire District Council,South Cambridgeshire District Council,St Ives West,Councillor,Corporate Governance,Membership of a body exercising public functions,Membership of a body exercising public functions declared in the register,False,2023-09-22,2024-06-12
D-000085,M-00031,South Cambridgeshire District Council,South Cambridgeshire District Council,St Ives West,Councillor,(none),Corporate tenancies,Corporate tenancies declared in the register,False,2023-07-10,2024-06-25
D-000086,M-00032,Ramsey Town Council,Huntingdonshire District Council,Warboys,Chair,(none),Corporate tenancies,Corporate tenancies declared in the register,False,2024-12-23,2025-08-29
D-000087,M-00032,Ramsey Town Council,Huntingdonshire District Council,Warboys,Chair,Overview and Scrutiny,Securities,Securities declared in the register,False,2025-01-30,2025-05-26
D-000088,M-00032,Ramsey Town Council,Huntingdonshire District Council,Warboys,Chair,Planning,Land and property in the area,Land and property in the area declared in the register,False,2024-11-02,2025-09-27
D-000089,M-00032,Ramsey Town Council,Huntingdonshire District Council,Warboys,Chair,Standards,Land and property in the area,Land and property in the area declared in the register,False,2024-02-06,2024-07-06
D-000090,M-00033,Huntingdonshire District Council,Huntingdonshire District Council,Huntingdon North,Councillor,(none),Land and property in the area,Land and property in the area declared in the register,False,2023-08-09,2024-01-05
D-000091,M-00033,Huntingdonshire District Council,Huntingdonshire District Council,Huntingdon North,Councillor,Overview and Scrutiny,Membership of a charity or voluntary body,Membership of a charity or voluntary body declared in the register,False,2023-09-16,2024-08-20
D-000092,M-00033,Huntingdonshire District Council,Huntingdonshire District Council,Huntingdon North,Councillor,Corporate Governance,Directorship,Directorship declared in the register,False,2025-04-26,2026-04-10
D-000093,M-00033,Huntingdonshire District Council,Huntingdonshire District Council,Huntingdon North,Councillor,Audit and Governance,Corporate tenancies,Corporate tenancies declared in the register,False,2024-11-28,2025-07-27
D-000094,M-00033,Huntingdonshire District Council,Huntingdonshire District Council,Huntingdon North,Councillor,Corporate Governance,Land and property in the area,Land and property in the area declared in the register,False,2025-05-21,2026-05-11
D-000095,M-00034,South Cambridgeshire District Council,South Cambridgeshire District Council,Yaxley,Councillor,Planning,Membership of a body exercising public functions,Membership of a body exercising public functions declared in the register,False,2024-11-02,2025-05-09
D-000096,M-00034,South Cambridgeshire District Council,South Cambridgeshire District Council,Yaxley,Councillor,Planning,"Employment, office, trade or profession",Employment declared in the register,False,2023-12-26,2024-12-07
D-000097,M-00034,South Cambridgeshire District Council,South Cambridgeshire District Council,Yaxley,Councillor,Overview and Scrutiny,Directorship,Directorship declared in the register,False,2023-05-06,2023-11-02
D-000098,M-00034,South Cambridgeshire District Council,South Cambridgeshire District Council,Yaxley,Councillor,Corporate Governance,Membership of a body exercising public functions,Membership of a body exercising public functions declared in the register,False,2023-10-17,2024-02-04
D-000099,M-00035,St Ives Town Council,Huntingdonshire District Council,St Neots East,Cabinet Member,Environment,Licences to occupy land,Licences to occupy land declared in the register,False,2024-07-07,2025-03-09
D-000100,M-00035,St Ives Town Council,Huntingdonshire District Council,St Neots East,Cabinet Member,Licensing,Securities,Securities declared in the register,False,2023-08-25,2023-12-22
D-000101,M-00035,St Ives Town Council,Huntingdonshire District Council,St Neots East,Cabinet Member,Health and Wellbeing,Sensitive interest (withheld under s.32),,True,2025-01-24,2025-04-05
D-000102,M-00036,South Cambridgeshire District Council,South Cambridgeshire District Council,St Ives West,Councillor,Environment,"Employment, office, trade or profession",Employment declared in the register,False,2025-02-21,2025-06-18
D-000103,M-00037,St Ives Town Council,Huntingdonshire District Council,Huntingdon North,Committee Member,Health and Wellbeing,Contracts with the authority,Contracts with the authority declared in the register,False,2025-01-11,2025-01-31
D-000104,M-00038,Ramsey Town Council,Huntingdonshire District Council,Godmanchester,Councillor,Planning,Land and property in the area,Land and property in the area declared in the register,False,2024-12-20,2025-09-21
D-000105,M-00038,Ramsey Town Council,Huntingdonshire District Council,Godmanchester,Councillor,Licensing,Contracts with the authority,Contracts with the authority declared in the register,False,2023-05-01,2023-07-15
D-000106,M-00038,Ramsey Town Council,Huntingdonshire District Council,Godmanchester,Councillor,Environment,Licences to occupy land,Licences to occupy land declared in the register,False,2023-08-15,2024-06-23
D-000107,M-00039,Huntingdon Town Council,Huntingdonshire District Council,Somersham,Vice-Chair,Standards,Membership of a political party,Membership of a political party declared in the register,False,2024-03-06,2024-09-06
D-000108,M-00040,Ramsey Town Council,Huntingdonshire District Council,Huntingdon East,Councillor,Corporate Governance,Corporate tenancies,Corporate tenancies declared in the register,False,2024-05-31,2025-04-27
D-000109,M-00040,Ramsey Town Council,Huntingdonshire District Council,Huntingdon East,Councillor,Environment,Land and property in the area,Land and property in the area declared in the register,False,2025-07-17,2026-06-02
D-000110,M-00041,Cambridgeshire County Council,Cambridgeshire County Council,Sawtry,Councillor,Overview and Scrutiny,Membership of a body exercising public functions,Membership of a body exercising public functions declared in the register,False,2025-05-10,2025-08-25
D-000111,M-00041,Cambridgeshire County Council,Cambridgeshire County Council,Sawtry,Councillor,Health and Wellbeing,Land and property in the area,Land and property in the area declared in the register,False,2025-02-17,2025-05-25
D-000112,M-00041,Cambridgeshire County Council,Cambridgeshire County Council,Sawtry,Councillor,Health and Wellbeing,Directorship,Directorship declared in the register,False,2023-05-25,2023-11-01
D-000113,M-00041,Cambridgeshire County Council,Cambridgeshire County Council,Sawtry,Councillor,(none),Sponsorship,Sponsorship declared in the register,False,2023-09-16,2024-08-28
D-000114,M-00042,Ramsey Town Council,Huntingdonshire District Council,Huntingdon West,Councillor,Environment,Sponsorship,Sponsorship declared in the register,False,2023-12-09,2025-01-07
D-000115,M-00042,Ramsey Town Council,Huntingdonshire District Council,Huntingdon West,Councillor,Finance,Membership of a charity or voluntary body,Membership of a charity or voluntary body declared in the register,False,2023-06-14,2024-04-20
D-000116,M-00043,Huntingdon Town Council,Huntingdonshire District Council,Huntingdon North,Cabinet Member,Finance,"Employment, office, trade or profession",Employment declared in the register,False,2023-12-04,2024-07-07
D-000117,M-00043,Huntingdon Town Council,Huntingdonshire District Council,Huntingdon North,Cabinet Member,Corporate Governance,Trade union membership,Trade union membership declared in the register,False,2024-06-16,2024-06-27
D-000118,M-00044,St Ives Town Council,Huntingdonshire District Council,St Ives West,Councillor,Corporate Governance,Membership of a body exercising public functions,Membership of a body exercising public functions declared in the register,False,2024-11-22,2024-12-30
D-000119,M-00044,St Ives Town Council,Huntingdonshire District Council,St Ives West,Councillor,Overview and Scrutiny,Licences to occupy land,Licences to occupy land declared in the register,False,2023-11-13,2024-03-16
D-000120,M-00044,St Ives Town Council,Huntingdonshire District Council,St Ives West,Councillor,Licensing,Securities,Securities declared in the register,False,2023-12-26,2024-07-20
D-000121,M-00044,St Ives Town Council,Huntingdonshire District Council,St Ives West,Councillor,Standards,Contracts with the authority,Contracts with the authority declared in the register,False,2024-05-19,2024-12-11
D-000122,M-00045,St Ives Town Council,Huntingdonshire District Council,Warboys,Councillor,Audit and Governance,Membership of a body exercising public functions,Membership of a body exercising public functions declared in the register,False,2025-07-16,2026-07-31
D-000123,M-00045,St Ives Town Council,Huntingdonshire District Council,Warboys,Councillor,Planning,Licences to occupy land,Licences to occupy land declared in the register,False,2024-08-10,2024-12-17
D-000124,M-00045,St Ives Town Council,Huntingdonshire District Council,Warboys,Councillor,Employment,Sensitive interest (withheld under s.32),,True,2024-10-22,2025-04-17
D-000125,M-00046,St Ives Town Council,Huntingdonshire District Council,Warboys,Chair,Overview and Scrutiny,Membership of a charity or voluntary body,Membership of a charity or voluntary body declared in the register,False,2025-10-04,2026-05-04
D-000126,M-00046,St Ives Town Council,Huntingdonshire District Council,Warboys,Chair,Environment,Sponsorship,Sponsorship declared in the register,False,2024-06-22,2025-02-20
D-000127,M-00047,South Cambridgeshire District Council,South Cambridgeshire District Council,Huntingdon North,Councillor,Planning,Membership of a political party,Membership of a political party declared in the register,False,2023-09-10,2024-02-03
D-000128,M-00047,South Cambridgeshire District Council,South Cambridgeshire District Council,Huntingdon North,Councillor,Overview and Scrutiny,Membership of a political party,Membership of a political party declared in the register,False,2024-05-16,2024-09-06
D-000129,M-00047,South Cambridgeshire District Council,South Cambridgeshire District Council,Huntingdon North,Councillor,Environment,Contracts with the authority,Contracts with the authority declared in the register,False,2024-07-08,2024-12-16
D-000130,M-00047,South Cambridgeshire District Council,South Cambridgeshire District Council,Huntingdon North,Councillor,Environment,Land and property in the area,Land and property in the area declared in the register,False,2025-08-18,2025-09-20
D-000131,M-00047,South Cambridgeshire District Council,South Cambridgeshire District Council,Huntingdon North,Councillor,Standards,Membership of a body exercising public functions,Membership of a body exercising public functions declared in the register,False,2025-06-29,2026-07-15
D-000132,M-00048,Ramsey Town Council,Huntingdonshire District Council,Brampton,Councillor,(none),Securities,Securities declared in the register,False,2024-11-24,2024-11-28
D-000133,M-00049,South Cambridgeshire District Council,South Cambridgeshire District Council,St Ives South,Committee Member,Environment,"Employment, office, trade or profession",Employment declared in the register,False,2024-10-03,2025-09-02
D-000134,M-00050,St Ives Town Council,Huntingdonshire District Council,St Ives West,Chair,Health and Wellbeing,Membership of a body exercising public functions,Membership of a body exercising public functions declared in the register,False,2025-05-29,2026-01-22
D-000135,M-00050,St Ives Town Council,Huntingdonshire District Council,St Ives West,Chair,Audit and Governance,Membership of a body exercising public functions,Membership of a body exercising public functions declared in the register,False,2023-06-15,2023-08-06
D-000136,M-00051,Huntingdonshire District Council,Huntingdonshire District Council,St Neots Eynesbury,Committee Member,Environment,Contracts with the authority,Contracts with the authority declared in the register,False,2024-02-09,2025-01-08
D-000137,M-00051,Huntingdonshire District Council,Huntingdonshire District Council,St Neots Eynesbury,Committee Member,Licensing,"Employment, office, trade or profession",Employment declared in the register,False,2024-03-04,2024-11-16
D-000138,M-00052,Ramsey Town Council,Huntingdonshire District Council,St Neots East,Mayor,Health and Wellbeing,Securities,Securities declared in the register,False,2025-06-29,2025-10-04
D-000139,M-00052,Ramsey Town Council,Huntingdonshire District Council,St Neots East,Mayor,Standards,Membership of a political party,Membership of a political party declared in the register,False,2023-11-08,2024-01-04
D-000140,M-00052,Ramsey Town Council,Huntingdonshire District Council,St Neots East,Mayor,Audit and Governance,Land and property in the area,Land and property in the area declared in the register,False,2023-05-24,2024-02-29
D-000141,M-00052,Ramsey Town Council,Huntingdonshire District Council,St Neots East,Mayor,Audit and Governance,Membership of a political party,Membership of a political party declared in the register,False,2024-02-01,2024-11-12
D-000142,M-00052,Ramsey Town Council,Huntingdonshire District Council,St Neots East,Mayor,Licensing,Directorship,Directorship declared in the register,False,2024-05-25,2025-01-21
D-000143,M-00053,Huntingdonshire District Council,Huntingdonshire District Council,St Ives West,Councillor,(none),Membership of a political party,Membership of a political party declared in the register,False,2023-06-11,2023-08-12
D-000144,M-00053,Huntingdonshire District Council,Huntingdonshire District Council,St Ives West,Councillor,Audit and Governance,Licences to occupy land,Licences to occupy land declared in the register,False,2025-02-14,2026-03-09
D-000145,M-00053,Huntingdonshire District Council,Huntingdonshire District Council,St Ives West,Councillor,Overview and Scrutiny,Land and property in the area,Land and property in the area declared in the register,False,2024-09-25,2025-07-23
D-000146,M-00053,Huntingdonshire District Council,Huntingdonshire District Council,St Ives West,Councillor,Planning,Trade union membership,Trade union membership declared in the register,False,2025-01-16,2025-10-21
D-000147,M-00053,Huntingdonshire District Council,Huntingdonshire District Council,St Ives West,Councillor,Licensing,Corporate tenancies,Corporate tenancies declared in the register,False,2024-04-21,2024-05-07
D-000148,M-00054,Huntingdon Town Council,Huntingdonshire District Council,Godmanchester,Vice-Chair,Overview and Scrutiny,Membership of a political party,Membership of a political party declared in the register,False,2024-11-06,2025-08-13
D-000149,M-00054,Huntingdon Town Council,Huntingdonshire District Council,Godmanchester,Vice-Chair,Standards,"Employment, office, trade or profession",Employment declared in the register,False,2025-06-28,2026-06-22
D-000150,M-00055,Huntingdonshire District Council,Huntingdonshire District Council,Fenstanton,Councillor,Audit and Governance,Sensitive interest (withheld under s.32),,True,2024-04-11,2024-10-27
D-000151,M-00055,Huntingdonshire District Council,Huntingdonshire District Council,Fenstanton,Councillor,Corporate Governance,Land and property in the area,Land and property in the area declared in the register,False,2025-06-28,2026-05-25
D-000152,M-00055,Huntingdonshire District Council,Huntingdonshire District Council,Fenstanton,Councillor,Environment,Contracts with the authority,Contracts with the authority declared in the register,False,2025-05-27,2026-04-26
D-000153,M-00055,Huntingdonshire District Council,Huntingdonshire District Council,Fenstanton,Councillor,(none),Membership of a political party,Membership of a political party declared in the register,False,2024-01-29,2024-10-14
D-000154,M-00056,Huntingdonshire District Council,Huntingdonshire District Council,St Ives West,Mayor,Environment,Sensitive interest (withheld under s.32),,True,2025-03-15,2025-04-27
D-000155,M-00057,South Cambridgeshire District Council,South Cambridgeshire District Council,St Neots East,Committee Member,Licensing,Trade union membership,Trade union membership declared in the register,False,2024-03-18,2025-01-09
D-000156,M-00057,South Cambridgeshire District Council,South Cambridgeshire District Council,St Neots East,Committee Member,Standards,Membership of a body exercising public functions,Membership of a body exercising public functions declared in the register,False,2024-10-19,2024-12-05
D-000157,M-00057,South Cambridgeshire District Council,South Cambridgeshire District Council,St Neots East,Committee Member,Health and Wellbeing,Land and property in the area,Land and property in the area declared in the register,False,2024-01-16,2024-11-22
D-000158,M-00057,South Cambridgeshire District Council,South Cambridgeshire District Council,St Neots East,Committee Member,Employment,Membership of a body exercising public functions,Membership of a body exercising public functions declared in the register,False,2024-12-21,2024-12-26
D-000159,M-00057,South Cambridgeshire District Council,South Cambridgeshire District Council,St Neots East,Committee Member,Employment,Land and property in the area,Land and property in the area declared in the register,False,2023-11-29,2024-05-09
D-000160,M-00058,St Ives Town Council,Huntingdonshire District Council,Yaxley,Councillor,Planning,Contracts with the authority,Contracts with the authority declared in the register,False,2023-05-19,2024-05-13
D-000161,M-00058,St Ives Town Council,Huntingdonshire District Council,Yaxley,Councillor,Finance,Sponsorship,Sponsorship declared in the register,False,2024-08-13,2024-10-12
D-000162,M-00059,Huntingdon Town Council,Huntingdonshire District Council,Somersham,Councillor,Audit and Governance,Membership of a political party,Membership of a political party declared in the register,False,2024-06-08,2024-09-20
D-000163,M-00059,Huntingdon Town Council,Huntingdonshire District Council,Somersham,Councillor,Corporate Governance,Corporate tenancies,Corporate tenancies declared in the register,False,2024-02-26,2024-12-18
D-000164,M-00059,Huntingdon Town Council,Huntingdonshire District Council,Somersham,Councillor,Planning,Corporate tenancies,Corporate tenancies declared in the register,False,2023-12-13,2024-02-23
D-000165,M-00059,Huntingdon Town Council,Huntingdonshire District Council,Somersham,Councillor,Environment,"Employment, office, trade or profession",Employment declared in the register,False,2024-04-29,2025-03-09
D-000166,M-00060,Cambridgeshire County Council,Cambridgeshire County Council,Yaxley,Councillor,Employment,Sensitive interest (withheld under s.32),,True,2025-09-17,2026-09-06
D-000167,M-00060,Cambridgeshire County Council,Cambridgeshire County Council,Yaxley,Councillor,Audit and Governance,Corporate tenancies,Corporate tenancies declared in the register,False,2024-03-05,2024-10-07
D-000168,M-00061,South Cambridgeshire District Council,South Cambridgeshire District Council,Buckden,Councillor,Employment,Membership of a body exercising public functions,Membership of a body exercising public functions declared in the register,False,2024-06-19,2025-06-30
D-000169,M-00061,South Cambridgeshire District Council,South Cambridgeshire District Council,Buckden,Councillor,Finance,Land and property in the area,Land and property in the area declared in the register,False,2025-01-01,2025-06-16
D-000170,M-00061,South Cambridgeshire District Council,South Cambridgeshire District Council,Buckden,Councillor,Corporate Governance,Contracts with the authority,Contracts with the authority declared in the register,False,2025-03-10,2025-06-23
D-000171,M-00062,South Cambridgeshire District Council,South Cambridgeshire District Council,Somersham,Councillor,Corporate Governance,Sponsorship,Sponsorship declared in the register,False,2025-02-17,2025-03-28
D-000172,M-00063,Cambridgeshire County Council,Cambridgeshire County Council,Warboys,Vice-Chair,Employment,Corporate tenancies,Corporate tenancies declared in the register,False,2024-12-27,2025-09-05
D-000173,M-00064,St Ives Town Council,Huntingdonshire District Council,Hemingfords,Councillor,Environment,Membership of a political party,Membership of a political party declared in the register,False,2025-04-09,2025-09-25
D-000174,M-00065,Huntingdonshire District Council,Huntingdonshire District Council,Somersham,Councillor,Employment,Land and property in the area,Land and property in the area declared in the register,False,2023-10-24,2023-12-22
D-000175,M-00065,Huntingdonshire District Council,Huntingdonshire District Council,Somersham,Councillor,Planning,Corporate tenancies,Corporate tenancies declared in the register,False,2024-08-11,2025-09-02
D-000176,M-00065,Huntingdonshire District Council,Huntingdonshire District Council,Somersham,Councillor,Finance,"Employment, office, trade or profession",Employment declared in the register,False,2024-05-21,2024-12-09
D-000177,M-00066,St Ives Town Council,Huntingdonshire District Council,Huntingdon West,Councillor,Finance,Corporate tenancies,Corporate tenancies declared in the register,False,2025-09-19,2025-12-06
D-000178,M-00066,St Ives Town Council,Huntingdonshire District Council,Huntingdon West,Councillor,Finance,Trade union membership,Trade union membership declared in the register,False,2024-07-02,2025-03-03
D-000179,M-00066,St Ives Town Council,Huntingdonshire District Council,Huntingdon West,Councillor,Corporate Governance,Sponsorship,Sponsorship declared in the register,False,2024-04-06,2024-10-21
D-000180,M-00066,St Ives Town Council,Huntingdonshire District Council,Huntingdon West,Councillor,Audit and Governance,Corporate tenancies,Corporate tenancies declared in the register,False,2025-10-13,2026-03-01
D-000181,M-00067,St Ives Town Council,Huntingdonshire District Council,St Neots East,Councillor,(none),Membership of a charity or voluntary body,Membership of a charity or voluntary body declared in the register,False,2025-01-25,2025-02-11
D-000182,M-00067,St Ives Town Council,Huntingdonshire District Council,St Neots East,Councillor,Health and Wellbeing,Sponsorship,Sponsorship declared in the register,False,2023-07-01,2024-07-30
D-000183,M-00067,St Ives Town Council,Huntingdonshire District Council,St Neots East,Councillor,Overview and Scrutiny,Membership of a body exercising public functions,Membership of a body exercising public functions declared in the register,False,2025-06-12,2026-02-05
D-000184,M-00067,St Ives Town Council,Huntingdonshire District Council,St Neots East,Councillor,Audit and Governance,Trade union membership,Trade union membership declared in the register,False,2025-01-30,2025-03-08
D-000185,M-00067,St Ives Town Council,Huntingdonshire District Council,St Neots East,Councillor,Finance,Land and property in the area,Land and property in the area declared in the register,False,2024-05-16,2025-04-22
D-000186,M-00068,Huntingdon Town Council,Huntingdonshire District Council,Hemingfords,Councillor,Overview and Scrutiny,"Employment, office, trade or profession",Employment declared in the register,False,2025-04-14,2025-05-21
D-000187,M-00068,Huntingdon Town Council,Huntingdonshire District Council,Hemingfords,Councillor,Licensing,Membership of a charity or voluntary body,Membership of a charity or voluntary body declared in the register,False,2024-10-01,2025-03-21
D-000188,M-00068,Huntingdon Town Council,Huntingdonshire District Council,Hemingfords,Councillor,Licensing,Contracts with the authority,Contracts with the authority declared in the register,False,2023-09-13,2023-12-31
D-000189,M-00068,Huntingdon Town Council,Huntingdonshire District Council,Hemingfords,Councillor,Health and Wellbeing,Contracts with the authority,Contracts with the authority declared in the register,False,2024-12-19,2025-12-06
D-000190,M-00069,South Cambridgeshire District Council,South Cambridgeshire District Council,Godmanchester,Vice-Chair,Environment,Licences to occupy land,Licences to occupy land declared in the register,False,2023-09-21,2023-11-08
D-000191,M-00070,South Cambridgeshire District Council,South Cambridgeshire District Council,St Ives West,Councillor,(none),Trade union membership,Trade union membership declared in the register,False,2023-09-02,2024-04-04
D-000192,M-00070,South Cambridgeshire District Council,South Cambridgeshire District Council,St Ives West,Councillor,Licensing,Directorship,Directorship declared in the register,False,2024-03-21,2024-04-21
D-000193,M-00070,South Cambridgeshire District Council,South Cambridgeshire District Council,St Ives West,Councillor,Environment,Land and property in the area,Land and property in the area declared in the register,False,2025-03-10,2025-07-19
D-000194,M-00071,Ramsey Town Council,Huntingdonshire District Council,Godmanchester,Councillor,(none),Membership of a charity or voluntary body,Membership of a charity or voluntary body declared in the register,False,2025-08-11,2026-01-04
D-000195,M-00071,Ramsey Town Council,Huntingdonshire District Council,Godmanchester,Councillor,Finance,Membership of a political party,Membership of a political party declared in the register,False,2024-03-01,2024-10-28
D-000196,M-00071,Ramsey Town Council,Huntingdonshire District Council,Godmanchester,Councillor,Finance,Membership of a charity or voluntary body,Membership of a charity or voluntary body declared in the register,False,2023-10-06,2024-09-08
D-000197,M-00071,Ramsey Town Council,Huntingdonshire District Council,Godmanchester,Councillor,Licensing,Membership of a political party,Membership of a political party declared in the register,False,2024-08-16,2024-10-17
D-000198,M-00072,Huntingdon Town Council,Huntingdonshire District Council,Huntingdon East,Committee Member,(none),Corporate tenancies,Corporate tenancies declared in the register,False,2024-02-19,2024-05-30
D-000199,M-00072,Huntingdon Town Council,Huntingdonshire District Council,Huntingdon East,Committee Member,Licensing,Membership of a political party,Membership of a political party declared in the register,False,2024-08-09,2025-08-23
D-000200,M-00072,Huntingdon Town Council,Huntingdonshire District Council,Huntingdon East,Committee Member,Finance,Trade union membership,Trade union membership declared in the register,False,2024-10-10,2025-06-15
D-000201,M-00072,Huntingdon Town Council,Huntingdonshire District Council,Huntingdon East,Committee Member,(none),Licences to occupy land,Licences to occupy land declared in the register,False,2024-06-04,2024-11-23
D-000202,M-00072,Huntingdon Town Council,Huntingdonshire District Council,Huntingdon East,Committee Member,Corporate Governance,Licences to occupy land,Licences to occupy land declared in the register,False,2023-07-13,2023-09-15
D-000203,M-00073,Huntingdonshire District Council,Huntingdonshire District Council,Somersham,Councillor,Planning,Trade union membership,Trade union membership declared in the register,False,2024-01-09,2024-05-05
D-000204,M-00073,Huntingdonshire District Council,Huntingdonshire District Council,Somersham,Councillor,Finance,Securities,Securities declared in the register,False,2024-03-23,2025-04-18
D-000205,M-00073,Huntingdonshire District Council,Huntingdonshire District Council,Somersham,Councillor,Employment,Contracts with the authority,Contracts with the authority declared in the register,False,2025-06-08,2026-02-08
D-000206,M-00073,Huntingdonshire District Council,Huntingdonshire District Council,Somersham,Councillor,(none),Contracts with the authority,Contracts with the authority declared in the register,False,2024-12-25,2025-07-07
D-000207,M-00073,Huntingdonshire District Council,Huntingdonshire District Council,Somersham,Councillor,(none),Licences to occupy land,Licences to occupy land declared in the register,False,2024-02-17,2024-12-12
D-000208,M-00074,South Cambridgeshire District Council,South Cambridgeshire District Council,Hemingfords,Cabinet Member,(none),Membership of a body exercising public functions,Membership of a body exercising public functions declared in the register,False,2024-05-18,2024-07-12
D-000209,M-00075,Cambridgeshire County Council,Cambridgeshire County Council,Huntingdon East,Councillor,Planning,Licences to occupy land,Licences to occupy land declared in the register,False,2023-05-15,2023-09-09
D-000210,M-00076,Ramsey Town Council,Huntingdonshire District Council,St Neots Eynesbury,Committee Member,Health and Wellbeing,Membership of a charity or voluntary body,Membership of a charity or voluntary body declared in the register,False,2023-08-08,2024-04-13
D-000211,M-00076,Ramsey Town Council,Huntingdonshire District Council,St Neots Eynesbury,Committee Member,Audit and Governance,Licences to occupy land,Licences to occupy land declared in the register,False,2025-02-22,2025-08-30
D-000212,M-00076,Ramsey Town Council,Huntingdonshire District Council,St Neots Eynesbury,Committee Member,(none),"Employment, office, trade or profession",Employment declared in the register,False,2025-07-14,2026-02-03
D-000213,M-00076,Ramsey Town Council,Huntingdonshire District Council,St Neots Eynesbury,Committee Member,Employment,Membership of a body exercising public functions,Membership of a body exercising public functions declared in the register,False,2025-04-24,2026-03-07
D-000214,M-00076,Ramsey Town Council,Huntingdonshire District Council,St Neots Eynesbury,Committee Member,Finance,Membership of a political party,Membership of a political party declared in the register,False,2024-04-25,2025-03-17
D-000215,M-00077,Huntingdonshire District Council,Huntingdonshire District Council,Huntingdon North,Cabinet Member,Finance,Membership of a political party,Membership of a political party declared in the register,False,2024-02-10,2025-03-06
D-000216,M-00077,Huntingdonshire District Council,Huntingdonshire District Council,Huntingdon North,Cabinet Member,Corporate Governance,"Employment, office, trade or profession",Employment declared in the register,False,2024-06-20,2025-06-05
D-000217,M-00077,Huntingdonshire District Council,Huntingdonshire District Council,Huntingdon North,Cabinet Member,Planning,Membership of a body exercising public functions,Membership of a body exercising public functions declared in the register,False,2023-12-25,2024-05-08
D-000218,M-00077,Huntingdonshire District Council,Huntingdonshire District Council,Huntingdon North,Cabinet Member,Licensing,"Employment, office, trade or profession",Employment declared in the register,False,2023-06-14,2023-07-11
D-000219,M-00077,Huntingdonshire District Council,Huntingdonshire District Council,Huntingdon North,Cabinet Member,(none),Membership of a charity or voluntary body,Membership of a charity or voluntary body declared in the register,False,2023-12-22,2024-11-09
D-000220,M-00078,Cambridgeshire County Council,Cambridgeshire County Council,Yaxley,Councillor,Finance,Membership of a charity or voluntary body,Membership of a charity or voluntary body declared in the register,False,2025-08-25,2026-03-04
D-000221,M-00078,Cambridgeshire County Council,Cambridgeshire County Council,Yaxley,Councillor,Corporate Governance,Licences to occupy land,Licences to occupy land declared in the register,False,2025-05-06,2025-05-27
D-000222,M-00078,Cambridgeshire County Council,Cambridgeshire County Council,Yaxley,Councillor,Licensing,Contracts with the authority,Contracts with the authority declared in the register,False,2025-03-08,2025-03-15
D-000223,M-00078,Cambridgeshire County Council,Cambridgeshire County Council,Yaxley,Councillor,Health and Wellbeing,Membership of a political party,Membership of a political party declared in the register,False,2024-05-21,2024-12-01
D-000224,M-00079,Cambridgeshire County Council,Cambridgeshire County Council,Fenstanton,Committee Member,Finance,Directorship,Directorship declared in the register,False,2024-07-12,2024-07-12
D-000225,M-00079,Cambridgeshire County Council,Cambridgeshire County Council,Fenstanton,Committee Member,Employment,Contracts with the authority,Contracts with the authority declared in the register,False,2025-08-31,2026-03-05
D-000226,M-00079,Cambridgeshire County Council,Cambridgeshire County Council,Fenstanton,Committee Member,Licensing,Trade union membership,Trade union membership declared in the register,False,2025-05-05,2025-06-25
D-000227,M-00079,Cambridgeshire County Council,Cambridgeshire County Council,Fenstanton,Committee Member,Standards,Trade union membership,Trade union membership declared in the register,False,2024-03-26,2024-11-20
D-000228,M-00080,Huntingdon Town Council,Huntingdonshire District Council,Yaxley,Councillor,Environment,Contracts with the authority,Contracts with the authority declared in the register,False,2025-08-22,2025-10-12
D-000229,M-00080,Huntingdon Town Council,Huntingdonshire District Council,Yaxley,Councillor,Overview and Scrutiny,Directorship,Directorship declared in the register,False,2024-07-25,2025-06-17
D-000230,M-00080,Huntingdon Town Council,Huntingdonshire District Council,Yaxley,Councillor,Planning,Licences to occupy land,Licences to occupy land declared in the register,False,2024-04-22,2024-08-09
D-000231,M-00080,Huntingdon Town Council,Huntingdonshire District Council,Yaxley,Councillor,Audit and Governance,Directorship,Directorship declared in the register,False,2023-12-11,2024-10-07
D-000232,M-00081,Huntingdon Town Council,Huntingdonshire District Council,Ramsey,Councillor,Planning,"Employment, office, trade or profession",Employment declared in the register,False,2025-04-13,2026-02-01
D-000233,M-00081,Huntingdon Town Council,Huntingdonshire District Council,Ramsey,Councillor,Employment,Membership of a charity or voluntary body,Membership of a charity or voluntary body declared in the register,False,2024-07-23,2025-06-27
D-000234,M-00081,Huntingdon Town Council,Huntingdonshire District Council,Ramsey,Councillor,Standards,Securities,Securities declared in the register,False,2023-05-24,2023-08-28
D-000235,M-00082,St Ives Town Council,Huntingdonshire District Council,St Ives West,Councillor,Planning,Securities,Securities declared in the register,False,2025-02-04,2025-08-23
D-000236,M-00082,St Ives Town Council,Huntingdonshire District Council,St Ives West,Councillor,Employment,Trade union membership,Trade union membership declared in the register,False,2023-07-04,2023-08-02
D-000237,M-00082,St Ives Town Council,Huntingdonshire District Council,St Ives West,Councillor,Licensing,"Employment, office, trade or profession",Employment declared in the register,False,2024-07-06,2025-04-12
D-000238,M-00083,Huntingdonshire District Council,Huntingdonshire District Council,Godmanchester,Councillor,Finance,Membership of a charity or voluntary body,Membership of a charity or voluntary body declared in the register,False,2024-08-31,2024-12-07
D-000239,M-00083,Huntingdonshire District Council,Huntingdonshire District Council,Godmanchester,Councillor,Overview and Scrutiny,"Employment, office, trade or profession",Employment declared in the register,False,2025-01-27,2025-09-04
D-000240,M-00083,Huntingdonshire District Council,Huntingdonshire District Council,Godmanchester,Councillor,Employment,Land and property in the area,Land and property in the area declared in the register,False,2023-10-31,2024-11-08
D-000241,M-00083,Huntingdonshire District Council,Huntingdonshire District Council,Godmanchester,Councillor,Environment,Land and property in the area,Land and property in the area declared in the register,False,2024-04-04,2025-03-04
D-000242,M-00083,Huntingdonshire District Council,Huntingdonshire District Council,Godmanchester,Councillor,Overview and Scrutiny,Trade union membership,Trade union membership declared in the register,False,2024-04-17,2024-06-03
D-000243,M-00084,Cambridgeshire County Council,Cambridgeshire County Council,Ramsey,Committee Member,Employment,Corporate tenancies,Corporate tenancies declared in the register,False,2025-06-24,2025-09-19
D-000244,M-00084,Cambridgeshire County Council,Cambridgeshire County Council,Ramsey,Committee Member,Standards,Land and property in the area,Land and property in the area declared in the register,False,2025-07-28,2025-08-19
D-000245,M-00084,Cambridgeshire County Council,Cambridgeshire County Council,Ramsey,Committee Member,Planning,Membership of a political party,Membership of a political party declared in the register,False,2025-07-25,2026-04-22
D-000246,M-00084,Cambridgeshire County Council,Cambridgeshire County Council,Ramsey,Committee Member,Health and Wellbeing,Directorship,Directorship declared in the register,False,2024-10-07,2025-04-03
D-000247,M-00085,St Ives Town Council,Huntingdonshire District Council,Godmanchester,Councillor,Health and Wellbeing,Securities,Securities declared in the register,False,2023-09-11,2024-01-19
D-000248,M-00086,St Ives Town Council,Huntingdonshire District Council,Buckden,Councillor,Standards,Contracts with the authority,Contracts with the authority declared in the register,False,2023-08-07,2023-12-15
D-000249,M-00086,St Ives Town Council,Huntingdonshire District Council,Buckden,Councillor,Finance,"Employment, office, trade or profession",Employment declared in the register,False,2024-09-26,2025-07-20
D-000250,M-00086,St Ives Town Council,Huntingdonshire District Council,Buckden,Councillor,Corporate Governance,Licences to occupy land,Licences to occupy land declared in the register,False,2023-06-02,2023-10-17
D-000251,M-00086,St Ives Town Council,Huntingdonshire District Council,Buckden,Councillor,Employment,Directorship,Directorship declared in the register,False,2024-04-06,2025-03-27
D-000252,M-00087,Huntingdon Town Council,Huntingdonshire District Council,Fenstanton,Councillor,Licensing,Trade union membership,Trade union membership declared in the register,False,2025-09-27,2025-12-14
D-000253,M-00087,Huntingdon Town Council,Huntingdonshire District Council,Fenstanton,Councillor,Employment,Contracts with the authority,Contracts with the authority declared in the register,False,2024-04-06,2025-04-24
D-000254,M-00087,Huntingdon Town Council,Huntingdonshire District Council,Fenstanton,Councillor,Finance,Membership of a body exercising public functions,Membership of a body exercising public functions declared in the register,False,2025-03-17,2025-04-11
D-000255,M-00087,Huntingdon Town Council,Huntingdonshire District Council,Fenstanton,Councillor,Planning,Land and property in the area,Land and property in the area declared in the register,False,2024-10-15,2025-01-27
D-000256,M-00088,Huntingdonshire District Council,Huntingdonshire District Council,Fenstanton,Cabinet Member,Overview and Scrutiny,Membership of a body exercising public functions,Membership of a body exercising public functions declared in the register,False,2023-08-09,2023-12-23
D-000257,M-00088,Huntingdonshire District Council,Huntingdonshire District Council,Fenstanton,Cabinet Member,Licensing,Trade union membership,Trade union membership declared in the register,False,2023-05-22,2023-06-20
D-000258,M-00088,Huntingdonshire District Council,Huntingdonshire District Council,Fenstanton,Cabinet Member,(none),"Employment, office, trade or profession",Employment declared in the register,False,2024-08-27,2025-05-16
D-000259,M-00088,Huntingdonshire District Council,Huntingdonshire District Council,Fenstanton,Cabinet Member,Environment,Land and property in the area,Land and property in the area declared in the register,False,2023-10-08,2024-03-09
D-000260,M-00088,Huntingdonshire District Council,Huntingdonshire District Council,Fenstanton,Cabinet Member,Standards,Membership of a political party,Membership of a political party declared in the register,False,2025-02-01,2025-08-16
D-000261,M-00089,Huntingdon Town Council,Huntingdonshire District Council,Somersham,Councillor,Audit and Governance,Membership of a political party,Membership of a political party declared in the register,False,2024-11-12,2025-10-05
D-000262,M-00089,Huntingdon Town Council,Huntingdonshire District Council,Somersham,Councillor,Licensing,Sensitive interest (withheld under s.32),,True,2024-05-10,2024-12-31
D-000263,M-00090,Ramsey Town Council,Huntingdonshire District Council,St Neots East,Cabinet Member,Overview and Scrutiny,Membership of a charity or voluntary body,Membership of a charity or voluntary body declared in the register,False,2024-08-31,2025-07-28
D-000264,M-00090,Ramsey Town Council,Huntingdonshire District Council,St Neots East,Cabinet Member,Environment,Land and property in the area,Land and property in the area declared in the register,False,2025-05-01,2025-10-15
D-000265,M-00090,Ramsey Town Council,Huntingdonshire District Council,St Neots East,Cabinet Member,Standards,Licences to occupy land,Licences to occupy land declared in the register,False,2024-05-24,2024-08-31
D-000266,M-00091,Huntingdonshire District Council,Huntingdonshire District Council,Huntingdon North,Councillor,Health and Wellbeing,Membership of a charity or voluntary body,Membership of a charity or voluntary body declared in the register,False,2025-03-17,2026-03-08
D-000267,M-00091,Huntingdonshire District Council,Huntingdonshire District Council,Huntingdon North,Councillor,Environment,Sensitive interest (withheld under s.32),,True,2023-11-26,2024-12-14
D-000268,M-00091,Huntingdonshire District Council,Huntingdonshire District Council,Huntingdon North,Councillor,Audit and Governance,Membership of a body exercising public functions,Membership of a body exercising public functions declared in the register,False,2023-11-05,2024-05-24
D-000269,M-00091,Huntingdonshire District Council,Huntingdonshire District Council,Huntingdon North,Councillor,Employment,Contracts with the authority,Contracts with the authority declared in the register,False,2024-03-26,2024-12-02
D-000270,M-00092,St Ives Town Council,Huntingdonshire District Council,Fenstanton,Councillor,Finance,Membership of a body exercising public functions,Membership of a body exercising public functions declared in the register,False,2024-01-26,2024-10-29
D-000271,M-00092,St Ives Town Council,Huntingdonshire District Council,Fenstanton,Councillor,Corporate Governance,Corporate tenancies,Corporate tenancies declared in the register,False,2024-03-19,2024-08-07
D-000272,M-00092,St Ives Town Council,Huntingdonshire District Council,Fenstanton,Councillor,Corporate Governance,Trade union membership,Trade union membership declared in the register,False,2024-08-04,2024-12-30
D-000273,M-00092,St Ives Town Council,Huntingdonshire District Council,Fenstanton,Councillor,Employment,Membership of a political party,Membership of a political party declared in the register,False,2023-07-14,2023-08-04
D-000274,M-00093,Cambridgeshire County Council,Cambridgeshire County Council,Brampton,Councillor,Overview and Scrutiny,Securities,Securities declared in the register,False,2023-05-31,2023-10-12
D-000275,M-00094,Ramsey Town Council,Huntingdonshire District Council,Godmanchester,Councillor,Environment,Contracts with the authority,Contracts with the authority declared in the register,False,2024-05-16,2025-05-12
D-000276,M-00094,Ramsey Town Council,Huntingdonshire District Council,Godmanchester,Councillor,Planning,Membership of a body exercising public functions,Membership of a body exercising public functions declared in the register,False,2024-11-22,2025-11-13
D-000277,M-00094,Ramsey Town Council,Huntingdonshire District Council,Godmanchester,Councillor,Environment,Membership of a political party,Membership of a political party declared in the register,False,2024-01-26,2024-08-21
D-000278,M-00094,Ramsey Town Council,Huntingdonshire District Council,Godmanchester,Councillor,Finance,Licences to occupy land,Licences to occupy land declared in the register,False,2024-04-22,2024-07-04
D-000279,M-00094,Ramsey Town Council,Huntingdonshire District Council,Godmanchester,Councillor,Standards,Directorship,Directorship declared in the register,False,2025-10-16,2025-11-03
D-000280,M-00095,Huntingdonshire District Council,Huntingdonshire District Council,St Ives West,Vice-Chair,Corporate Governance,Trade union membership,Trade union membership declared in the register,False,2023-08-03,2024-01-29
D-000281,M-00095,Huntingdonshire District Council,Huntingdonshire District Council,St Ives West,Vice-Chair,Employment,Membership of a political party,Membership of a political party declared in the register,False,2025-07-06,2026-07-21
D-000282,M-00095,Huntingdonshire District Council,Huntingdonshire District Council,St Ives West,Vice-Chair,Audit and Governance,Securities,Securities declared in the register,False,2024-08-29,2025-07-16
D-000283,M-00096,St Ives Town Council,Huntingdonshire District Council,St Ives East,Councillor,Employment,Corporate tenancies,Corporate tenancies declared in the register,False,2024-06-10,2024-12-24
D-000284,M-00097,Huntingdon Town Council,Huntingdonshire District Council,St Neots Eynesbury,Committee Member,Environment,Sponsorship,Sponsorship declared in the register,False,2024-07-17,2024-12-29
D-000285,M-00097,Huntingdon Town Council,Huntingdonshire District Council,St Neots Eynesbury,Committee Member,Corporate Governance,Securities,Securities declared in the register,False,2023-10-26,2024-03-05
D-000286,M-00097,Huntingdon Town Council,Huntingdonshire District Council,St Neots Eynesbury,Committee Member,Finance,Membership of a charity or voluntary body,Membership of a charity or voluntary body declared in the register,False,2025-07-25,2025-11-17
D-000287,M-00097,Huntingdon Town Council,Huntingdonshire District Council,St Neots Eynesbury,Committee Member,Finance,Contracts with the authority,Contracts with the authority declared in the register,False,2025-02-08,2025-06-23
D-000288,M-00097,Huntingdon Town Council,Huntingdonshire District Council,St Neots Eynesbury,Committee Member,Licensing,Corporate tenancies,Corporate tenancies declared in the register,False,2023-05-05,2024-01-29
D-000289,M-00098,South Cambridgeshire District Council,South Cambridgeshire District Council,Alconbury,Councillor,Finance,Licences to occupy land,Licences to occupy land declared in the register,False,2025-04-12,2025-12-05
D-000290,M-00098,South Cambridgeshire District Council,South Cambridgeshire District Council,Alconbury,Councillor,Planning,Membership of a body exercising public functions,Membership of a body exercising public functions declared in the register,False,2025-02-12,2026-02-22
D-000291,M-00098,South Cambridgeshire District Council,South Cambridgeshire District Council,Alconbury,Councillor,Finance,Land and property in the area,Land and property in the area declared in the register,False,2025-06-21,2026-03-15
D-000292,M-00099,Huntingdon Town Council,Huntingdonshire District Council,St Ives East,Councillor,Corporate Governance,Sponsorship,Sponsorship declared in the register,False,2023-07-30,2024-04-21
D-000293,M-00099,Huntingdon Town Council,Huntingdonshire District Council,St Ives East,Councillor,Environment,Contracts with the authority,Contracts with the authority declared in the register,False,2023-07-18,2023-12-16
D-000294,M-00099,Huntingdon Town Council,Huntingdonshire District Council,St Ives East,Councillor,Environment,Land and property in the area,Land and property in the area declared in the register,False,2023-06-21,2023-10-30
D-000295,M-00099,Huntingdon Town Council,Huntingdonshire District Council,St Ives East,Councillor,Standards,Corporate tenancies,Corporate tenancies declared in the register,False,2023-05-20,2023-10-13
D-000296,M-00100,Cambridgeshire County Council,Cambridgeshire County Council,Yaxley,Cabinet Member,Audit and Governance,Membership of a body exercising public functions,Membership of a body exercising public functions declared in the register,False,2024-03-09,2025-03-09
D-000297,M-00100,Cambridgeshire County Council,Cambridgeshire County Council,Yaxley,Cabinet Member,Environment,"Employment, office, trade or profession",Employment declared in the register,False,2024-07-31,2025-06-05
D-000298,M-00100,Cambridgeshire County Council,Cambridgeshire County Council,Yaxley,Cabinet Member,Overview and Scrutiny,Licences to occupy land,Licences to occupy land declared in the register,False,2025-05-27,2025-07-10
D-000299,M-00100,Cambridgeshire County Council,Cambridgeshire County Council,Yaxley,Cabinet Member,Planning,Sensitive interest (withheld under s.32),,True,2024-06-25,2024-08-16
D-000300,M-00100,Cambridgeshire County Council,Cambridgeshire County Council,Yaxley,Cabinet Member,Finance,Contracts with the authority,Contracts with the authority declared in the register,False,2025-09-19,2026-01-31
D-000301,M-00101,St Ives Town Council,Huntingdonshire District Council,Brampton,Councillor,Environment,Sponsorship,Sponsorship declared in the register,False,2025-03-19,2025-05-05
D-000302,M-00101,St Ives Town Council,Huntingdonshire District Council,Brampton,Councillor,Environment,Sponsorship,Sponsorship declared in the register,False,2025-07-04,2025-10-28
D-000303,M-00101,St Ives Town Council,Huntingdonshire District Council,Brampton,Councillor,Corporate Governance,Membership of a political party,Membership of a political party declared in the register,False,2024-03-02,2024-03-05
D-000304,M-00102,St Ives Town Council,Huntingdonshire District Council,St Ives South,Councillor,Corporate Governance,Land and property in the area,Land and property in the area declared in the register,False,2024-10-21,2025-07-16
D-000305,M-00102,St Ives Town Council,Huntingdonshire District Council,St Ives South,Councillor,Employment,Directorship,Directorship declared in the register,False,2025-06-30,2026-05-20
D-000306,M-00103,St Ives Town Council,Huntingdonshire District Council,Huntingdon East,Councillor,Planning,Land and property in the area,Land and property in the area declared in the register,False,2023-09-17,2023-09-24
D-000307,M-00104,St Ives Town Council,Huntingdonshire District Council,St Neots Eynesbury,Councillor,Licensing,Corporate tenancies,Corporate tenancies declared in the register,False,2023-07-08,2023-08-02
D-000308,M-00104,St Ives Town Council,Huntingdonshire District Council,St Neots Eynesbury,Councillor,(none),Sponsorship,Sponsorship declared in the register,False,2023-08-16,2024-03-15
D-000309,M-00104,St Ives Town Council,Huntingdonshire District Council,St Neots Eynesbury,Councillor,Standards,Membership of a political party,Membership of a political party declared in the register,False,2023-09-24,2024-08-21
D-000310,M-00105,Cambridgeshire County Council,Cambridgeshire County Council,St Neots Eynesbury,Vice-Chair,Planning,Land and property in the area,Land and property in the area declared in the register,False,2024-09-18,2025-07-11
D-000311,M-00105,Cambridgeshire County Council,Cambridgeshire County Council,St Neots Eynesbury,Vice-Chair,Employment,Directorship,Directorship declared in the register,False,2023-11-16,2024-02-13
D-000312,M-00105,Cambridgeshire County Council,Cambridgeshire County Council,St Neots Eynesbury,Vice-Chair,Health and Wellbeing,Membership of a charity or voluntary body,Membership of a charity or voluntary body declared in the register,False,2023-08-20,2024-03-02
D-000313,M-00105,Cambridgeshire County Council,Cambridgeshire County Council,St Neots Eynesbury,Vice-Chair,Finance,Land and property in the area,Land and property in the area declared in the register,False,2025-06-28,2025-09-16
D-000314,M-00105,Cambridgeshire County Council,Cambridgeshire County Council,St Neots Eynesbury,Vice-Chair,Health and Wellbeing,Land and property in the area,Land and property in the area declared in the register,False,2025-05-30,2026-01-14
D-000315,M-00106,Cambridgeshire County Council,Cambridgeshire County Council,Somersham,Committee Member,Licensing,Membership of a charity or voluntary body,Membership of a charity or voluntary body declared in the register,False,2025-09-12,2026-06-29
D-000316,M-00106,Cambridgeshire County Council,Cambridgeshire County Council,Somersham,Committee Member,Standards,Contracts with the authority,Contracts with the authority declared in the register,False,2023-12-27,2024-12-25
D-000317,M-00107,Huntingdonshire District Council,Huntingdonshire District Council,Fenstanton,Councillor,Overview and Scrutiny,Securities,Securities declared in the register,False,2024-01-22,2024-05-26
D-000318,M-00107,Huntingdonshire District Council,Huntingdonshire District Council,Fenstanton,Councillor,Overview and Scrutiny,Directorship,Directorship declared in the register,False,2023-11-18,2024-10-26
D-000319,M-00107,Huntingdonshire District Council,Huntingdonshire District Council,Fenstanton,Councillor,(none),Contracts with the authority,Contracts with the authority declared in the register,False,2023-11-28,2024-01-19
D-000320,M-00107,Huntingdonshire District Council,Huntingdonshire District Council,Fenstanton,Councillor,Licensing,Sponsorship,Sponsorship declared in the register,False,2024-09-29,2024-12-31
D-000321,M-00107,Huntingdonshire District Council,Huntingdonshire District Council,Fenstanton,Councillor,Finance,Membership of a body exercising public functions,Membership of a body exercising public functions declared in the register,False,2025-06-28,2026-03-21
D-000322,M-00108,Huntingdon Town Council,Huntingdonshire District Council,Fenstanton,Councillor,(none),"Employment, office, trade or profession",Employment declared in the register,False,2025-07-02,2026-04-11
D-000323,M-00108,Huntingdon Town Council,Huntingdonshire District Council,Fenstanton,Councillor,Licensing,Membership of a charity or voluntary body,Membership of a charity or voluntary body declared in the register,False,2024-02-12,2024-03-14
D-000324,M-00109,South Cambridgeshire District Council,South Cambridgeshire District Council,Buckden,Chair,Corporate Governance,Corporate tenancies,Corporate tenancies declared in the register,False,2025-10-03,2026-03-06
D-000325,M-00109,South Cambridgeshire District Council,South Cambridgeshire District Council,Buckden,Chair,Health and Wellbeing,Membership of a political party,Membership of a political party declared in the register,False,2024-07-26,2024-08-16
D-000326,M-00110,St Ives Town Council,Huntingdonshire District Council,St Ives West,Committee Member,Health and Wellbeing,Corporate tenancies,Corporate tenancies declared in the register,False,2024-03-23,2024-12-01
D-000327,M-00110,St Ives Town Council,Huntingdonshire District Council,St Ives West,Committee Member,Environment,Licences to occupy land,Licences to occupy land declared in the register,False,2023-05-22,2023-10-09
D-000328,M-00110,St Ives Town Council,Huntingdonshire District Council,St Ives West,Committee Member,Finance,Directorship,Directorship declared in the register,False,2025-06-20,2026-04-27
D-000329,M-00111,Huntingdon Town Council,Huntingdonshire District Council,Ramsey,Mayor,Standards,Membership of a body exercising public functions,Membership of a body exercising public functions declared in the register,False,2024-09-12,2025-09-29
D-000330,M-00111,Huntingdon Town Council,Huntingdonshire District Council,Ramsey,Mayor,Licensing,Directorship,Directorship declared in the register,False,2024-06-10,2024-09-10
D-000331,M-00111,Huntingdon Town Council,Huntingdonshire District Council,Ramsey,Mayor,Standards,"Employment, office, trade or profession",Employment declared in the register,False,2023-12-01,2024-08-01
D-000332,M-00111,Huntingdon Town Council,Huntingdonshire District Council,Ramsey,Mayor,Standards,Sponsorship,Sponsorship declared in the register,False,2023-05-12,2024-05-04
D-000333,M-00112,Huntingdon Town Council,Huntingdonshire District Council,St Ives South,Chair,Audit and Governance,Trade union membership,Trade union membership declared in the register,False,2024-06-04,2025-02-05
D-000334,M-00112,Huntingdon Town Council,Huntingdonshire District Council,St Ives South,Chair,Environment,"Employment, office, trade or profession",Employment declared in the register,False,2024-06-29,2025-06-07
D-000335,M-00112,Huntingdon Town Council,Huntingdonshire District Council,St Ives South,Chair,Audit and Governance,Membership of a charity or voluntary body,Membership of a charity or voluntary body declared in the register,False,2023-10-31,2024-05-02
D-000336,M-00112,Huntingdon Town Council,Huntingdonshire District Council,St Ives South,Chair,Environment,Directorship,Directorship declared in the register,False,2023-08-19,2023-09-24
D-000337,M-00112,Huntingdon Town Council,Huntingdonshire District Council,St Ives South,Chair,Audit and Governance,Contracts with the authority,Contracts with the authority declared in the register,False,2024-04-18,2025-03-24
D-000338,M-00113,Ramsey Town Council,Huntingdonshire District Council,Alconbury,Committee Member,Health and Wellbeing,"Employment, office, trade or profession",Employment declared in the register,False,2024-07-08,2024-07-29
D-000339,M-00113,Ramsey Town Council,Huntingdonshire District Council,Alconbury,Committee Member,Environment,Membership of a body exercising public functions,Membership of a body exercising public functions declared in the register,False,2025-04-04,2025-09-25
D-000340,M-00113,Ramsey Town Council,Huntingdonshire District Council,Alconbury,Committee Member,Standards,Membership of a charity or voluntary body,Membership of a charity or voluntary body declared in the register,False,2024-08-17,2024-11-17
D-000341,M-00114,St Ives Town Council,Huntingdonshire District Council,Godmanchester,Councillor,Standards,Securities,Securities declared in the register,False,2025-03-13,2026-03-11
D-000342,M-00114,St Ives Town Council,Huntingdonshire District Council,Godmanchester,Councillor,Environment,Membership of a body exercising public functions,Membership of a body exercising public functions declared in the register,False,2024-05-25,2024-09-26
D-000343,M-00114,St Ives Town Council,Huntingdonshire District Council,Godmanchester,Councillor,Environment,Membership of a charity or voluntary body,Membership of a charity or voluntary body declared in the register,False,2023-07-01,2024-06-19
D-000344,M-00115,Ramsey Town Council,Huntingdonshire District Council,Alconbury,Councillor,Planning,"Employment, office, trade or profession",Employment declared in the register,False,2023-12-09,2024-01-03
D-000345,M-00115,Ramsey Town Council,Huntingdonshire District Council,Alconbury,Councillor,Employment,Membership of a charity or voluntary body,Membership of a charity or voluntary body declared in the register,False,2024-11-07,2025-02-07
D-000346,M-00115,Ramsey Town Council,Huntingdonshire District Council,Alconbury,Councillor,Employment,Membership of a political party,Membership of a political party declared in the register,False,2024-06-04,2025-03-27
D-000347,M-00115,Ramsey Town Council,Huntingdonshire District Council,Alconbury,Councillor,Health and Wellbeing,Membership of a charity or voluntary body,Membership of a charity or voluntary body declared in the register,False,2025-01-27,2025-03-11
D-000348,M-00115,Ramsey Town Council,Huntingdonshire District Council,Alconbury,Councillor,Employment,Land and property in the area,Land and property in the area declared in the register,False,2024-12-21,2025-02-25
D-000349,M-00116,South Cambridgeshire District Council,South Cambridgeshire District Council,Buckden,Councillor,Overview and Scrutiny,Sponsorship,Sponsorship declared in the register,False,2023-06-10,2023-10-06
D-000350,M-00116,South Cambridgeshire District Council,South Cambridgeshire District Council,Buckden,Councillor,Health and Wellbeing,Securities,Securities declared in the register,False,2025-03-03,2025-03-04
D-000351,M-00116,South Cambridgeshire District Council,South Cambridgeshire District Council,Buckden,Councillor,Licensing,Directorship,Directorship declared in the register,False,2025-09-09,2026-04-05
D-000352,M-00116,South Cambridgeshire District Council,South Cambridgeshire District Council,Buckden,Councillor,Audit and Governance,Corporate tenancies,Corporate tenancies declared in the register,False,2023-08-06,2024-05-28
D-000353,M-00117,Huntingdon Town Council,Huntingdonshire District Council,Warboys,Councillor,Health and Wellbeing,Corporate tenancies,Corporate tenancies declared in the register,False,2024-12-03,2025-02-01
D-000354,M-00117,Huntingdon Town Council,Huntingdonshire District Council,Warboys,Councillor,Overview and Scrutiny,"Employment, office, trade or profession",Employment declared in the register,False,2024-12-03,2025-09-02
D-000355,M-00117,Huntingdon Town Council,Huntingdonshire District Council,Warboys,Councillor,Licensing,Membership of a body exercising public functions,Membership of a body exercising public functions declared in the register,False,2024-07-10,2024-08-07
D-000356,M-00118,Huntingdon Town Council,Huntingdonshire District Council,Huntingdon East,Councillor,Audit and Governance,Corporate tenancies,Corporate tenancies declared in the register,False,2025-08-27,2026-09-05
D-000357,M-00118,Huntingdon Town Council,Huntingdonshire District Council,Huntingdon East,Councillor,Overview and Scrutiny,Membership of a charity or voluntary body,Membership of a charity or voluntary body declared in the register,False,2024-08-28,2024-11-22
D-000358,M-00118,Huntingdon Town Council,Huntingdonshire District Council,Huntingdon East,Councillor,Planning,Land and property in the area,Land and property in the area declared in the register,False,2025-09-19,2026-02-04
D-000359,M-00118,Huntingdon Town Council,Huntingdonshire District Council,Huntingdon East,Councillor,Employment,Membership of a body exercising public functions,Membership of a body exercising public functions declared in the register,False,2024-11-07,2025-01-31
D-000360,M-00119,Ramsey Town Council,Huntingdonshire District Council,St Ives East,Councillor,Overview and Scrutiny,Sponsorship,Sponsorship declared in the register,False,2023-11-23,2024-10-15
D-000361,M-00119,Ramsey Town Council,Huntingdonshire District Council,St Ives East,Councillor,Planning,"Employment, office, trade or profession",Employment declared in the register,False,2025-07-07,2026-01-20
D-000362,M-00119,Ramsey Town Council,Huntingdonshire District Council,St Ives East,Councillor,Health and Wellbeing,Corporate tenancies,Corporate tenancies declared in the register,False,2024-06-19,2024-12-19
D-000363,M-00119,Ramsey Town Council,Huntingdonshire District Council,St Ives East,Councillor,Health and Wellbeing,Corporate tenancies,Corporate tenancies declared in the register,False,2023-11-05,2024-05-24
D-000364,M-00119,Ramsey Town Council,Huntingdonshire District Council,St Ives East,Councillor,Overview and Scrutiny,Sensitive interest (withheld under s.32),,True,2024-10-14,2025-05-26
D-000365,M-00120,Huntingdon Town Council,Huntingdonshire District Council,Hemingfords,Councillor,Environment,Directorship,Directorship declared in the register,False,2024-09-19,2024-11-24
D-000366,M-00120,Huntingdon Town Council,Huntingdonshire District Council,Hemingfords,Councillor,(none),Membership of a political party,Membership of a political party declared in the register,False,2023-12-16,2024-07-29
D-000367,M-00121,St Ives Town Council,Huntingdonshire District Council,Hemingfords,Councillor,Planning,Trade union membership,Trade union membership declared in the register,False,2024-04-15,2024-09-10
D-000368,M-00121,St Ives Town Council,Huntingdonshire District Council,Hemingfords,Councillor,Overview and Scrutiny,Membership of a political party,Membership of a political party declared in the register,False,2024-09-09,2025-01-16
D-000369,M-00121,St Ives Town Council,Huntingdonshire District Council,Hemingfords,Councillor,Employment,Directorship,Directorship declared in the register,False,2024-07-13,2024-09-21
D-000370,M-00121,St Ives Town Council,Huntingdonshire District Council,Hemingfords,Councillor,Standards,Membership of a charity or voluntary body,Membership of a charity or voluntary body declared in the register,False,2023-11-25,2024-12-22
D-000371,M-00121,St Ives Town Council,Huntingdonshire District Council,Hemingfords,Councillor,Audit and Governance,Membership of a charity or voluntary body,Membership of a charity or voluntary body declared in the register,False,2025-04-01,2025-06-26
D-000372,M-00122,St Ives Town Council,Huntingdonshire District Council,Warboys,Cabinet Member,Employment,Directorship,Directorship declared in the register,False,2024-06-15,2024-12-17
D-000373,M-00122,St Ives Town Council,Huntingdonshire District Council,Warboys,Cabinet Member,(none),Membership of a charity or voluntary body,Membership of a charity or voluntary body declared in the register,False,2023-07-12,2024-01-17
D-000374,M-00122,St Ives Town Council,Huntingdonshire District Council,Warboys,Cabinet Member,Corporate Governance,Membership of a charity or voluntary body,Membership of a charity or voluntary body declared in the register,False,2023-06-07,2023-09-02
D-000375,M-00122,St Ives Town Council,Huntingdonshire District Council,Warboys,Cabinet Member,Licensing,Membership of a body exercising public functions,Membership of a body exercising public functions declared in the register,False,2024-04-03,2024-12-03
D-000376,M-00123,St Ives Town Council,Huntingdonshire District Council,St Neots Eynesbury,Councillor,Standards,Contracts with the authority,Contracts with the authority declared in the register,False,2024-11-05,2025-11-13
D-000377,M-00124,Ramsey Town Council,Huntingdonshire District Council,Huntingdon West,Chair,Corporate Governance,Securities,Securities declared in the register,False,2025-01-30,2026-02-14
D-000378,M-00124,Ramsey Town Council,Huntingdonshire District Council,Huntingdon West,Chair,Employment,Membership of a political party,Membership of a political party declared in the register,False,2025-07-18,2026-08-19
D-000379,M-00124,Ramsey Town Council,Huntingdonshire District Council,Huntingdon West,Chair,Planning,Membership of a body exercising public functions,Membership of a body exercising public functions declared in the register,False,2023-06-26,2024-05-03
D-000380,M-00124,Ramsey Town Council,Huntingdonshire District Council,Huntingdon West,Chair,Health and Wellbeing,Membership of a charity or voluntary body,Membership of a charity or voluntary body declared in the register,False,2024-04-11,2024-09-06
D-000381,M-00124,Ramsey Town Council,Huntingdonshire District Council,Huntingdon West,Chair,Corporate Governance,"Employment, office, trade or profession",Employment declared in the register,False,2024-06-12,2024-09-05
D-000382,M-00125,Cambridgeshire County Council,Cambridgeshire County Council,Huntingdon West,Councillor,Employment,"Employment, office, trade or profession",Employment declared in the register,False,2024-05-05,2024-09-20
D-000383,M-00125,Cambridgeshire County Council,Cambridgeshire County Council,Huntingdon West,Councillor,Overview and Scrutiny,Sensitive interest (withheld under s.32),,True,2024-12-29,2025-03-29
D-000384,M-00126,Ramsey Town Council,Huntingdonshire District Council,Huntingdon North,Councillor,Overview and Scrutiny,Securities,Securities declared in the register,False,2025-02-13,2025-06-03
D-000385,M-00126,Ramsey Town Council,Huntingdonshire District Council,Huntingdon North,Councillor,Planning,Directorship,Directorship declared in the register,False,2024-01-08,2024-11-20
D-000386,M-00126,Ramsey Town Council,Huntingdonshire District Council,Huntingdon North,Councillor,Health and Wellbeing,Securities,Securities declared in the register,False,2023-06-14,2023-11-22
D-000387,M-00126,Ramsey Town Council,Huntingdonshire District Council,Huntingdon North,Councillor,Environment,Licences to occupy land,Licences to occupy land declared in the register,False,2024-06-27,2024-11-23
D-000388,M-00127,St Ives Town Council,Huntingdonshire District Council,Little Paxton,Councillor,Finance,Directorship,Directorship declared in the register,False,2024-03-28,2024-11-30
D-000389,M-00127,St Ives Town Council,Huntingdonshire District Council,Little Paxton,Councillor,Finance,Membership of a political party,Membership of a political party declared in the register,False,2023-05-01,2023-09-12
D-000390,M-00128,Cambridgeshire County Council,Cambridgeshire County Council,St Neots East,Committee Member,Corporate Governance,Sponsorship,Sponsorship declared in the register,False,2025-02-24,2025-04-21
D-000391,M-00128,Cambridgeshire County Council,Cambridgeshire County Council,St Neots East,Committee Member,Standards,Membership of a charity or voluntary body,Membership of a charity or voluntary body declared in the register,False,2024-08-12,2024-10-23
D-000392,M-00128,Cambridgeshire County Council,Cambridgeshire County Council,St Neots East,Committee Member,Health and Wellbeing,Sensitive interest (withheld under s.32),,True,2024-04-23,2025-01-01
D-000393,M-00129,St Ives Town Council,Huntingdonshire District Council,Huntingdon West,Chair,(none),Licences to occupy land,Licences to occupy land declared in the register,False,2025-02-08,2025-02-10
D-000394,M-00129,St Ives Town Council,Huntingdonshire District Council,Huntingdon West,Chair,Planning,Membership of a charity or voluntary body,Membership of a charity or voluntary body declared in the register,False,2024-05-31,2025-06-01
D-000395,M-00129,St Ives Town Council,Huntingdonshire District Council,Huntingdon West,Chair,Overview and Scrutiny,Sponsorship,Sponsorship declared in the register,False,2025-05-06,2026-01-22
D-000396,M-00129,St Ives Town Council,Huntingdonshire District Council,Huntingdon West,Chair,Employment,Securities,Securities declared in the register,False,2024-11-09,2025-09-17
D-000397,M-00129,St Ives Town Council,Huntingdonshire District Council,Huntingdon West,Chair,Corporate Governance,Sponsorship,Sponsorship declared in the register,False,2024-05-21,2025-04-27
D-000398,M-00130,Cambridgeshire County Council,Cambridgeshire County Council,Buckden,Councillor,Audit and Governance,Trade union membership,Trade union membership declared in the register,False,2023-08-18,2024-04-24
D-000399,M-00130,Cambridgeshire County Council,Cambridgeshire County Council,Buckden,Councillor,Planning,Land and property in the area,Land and property in the area declared in the register,False,2024-02-12,2024-07-28
D-000400,M-00130,Cambridgeshire County Council,Cambridgeshire County Council,Buckden,Councillor,Audit and Governance,Membership of a body exercising public functions,Membership of a body exercising public functions declared in the register,False,2024-07-22,2024-08-26
D-000401,M-00130,Cambridgeshire County Council,Cambridgeshire County Council,Buckden,Councillor,Health and Wellbeing,Licences to occupy land,Licences to occupy land declared in the register,False,2024-01-18,2024-06-07
D-000402,M-00131,Cambridgeshire County Council,Cambridgeshire County Council,St Ives East,Vice-Chair,Audit and Governance,Securities,Securities declared in the register,False,2023-07-03,2023-08-02
D-000403,M-00131,Cambridgeshire County Council,Cambridgeshire County Council,St Ives East,Vice-Chair,(none),Corporate tenancies,Corporate tenancies declared in the register,False,2025-09-05,2025-11-04
D-000404,M-00131,Cambridgeshire County Council,Cambridgeshire County Council,St Ives East,Vice-Chair,Planning,"Employment, office, trade or profession",Employment declared in the register,False,2024-09-12,2025-10-04
D-000405,M-00132,Cambridgeshire County Council,Cambridgeshire County Council,St Ives West,Councillor,(none),Securities,Securities declared in the register,False,2024-08-05,2025-04-18
D-000406,M-00132,Cambridgeshire County Council,Cambridgeshire County Council,St Ives West,Councillor,(none),Directorship,Directorship declared in the register,False,2024-07-16,2025-07-12
D-000407,M-00133,Cambridgeshire County Council,Cambridgeshire County Council,Alconbury,Cabinet Member,Overview and Scrutiny,Contracts with the authority,Contracts with the authority declared in the register,False,2023-08-05,2023-08-16
D-000408,M-00133,Cambridgeshire County Council,Cambridgeshire County Council,Alconbury,Cabinet Member,Licensing,Directorship,Directorship declared in the register,False,2025-06-07,2025-11-03
D-000409,M-00133,Cambridgeshire County Council,Cambridgeshire County Council,Alconbury,Cabinet Member,Corporate Governance,Licences to occupy land,Licences to occupy land declared in the register,False,2025-05-15,2026-03-07
D-000410,M-00133,Cambridgeshire County Council,Cambridgeshire County Council,Alconbury,Cabinet Member,Licensing,"Employment, office, trade or profession",Employment declared in the register,False,2024-10-12,2025-03-18
D-000411,M-00133,Cambridgeshire County Council,Cambridgeshire County Council,Alconbury,Cabinet Member,Environment,Sponsorship,Sponsorship declared in the register,False,2025-03-31,2025-08-30
D-000412,M-00134,South Cambridgeshire District Council,South Cambridgeshire District Council,Ramsey,Councillor,Environment,Membership of a charity or voluntary body,Membership of a charity or voluntary body declared in the register,False,2024-08-01,2025-07-13
D-000413,M-00134,South Cambridgeshire District Council,South Cambridgeshire District Council,Ramsey,Councillor,Overview and Scrutiny,Directorship,Directorship declared in the register,False,2024-06-13,2025-06-25
D-000414,M-00134,South Cambridgeshire District Council,South Cambridgeshire District Council,Ramsey,Councillor,Planning,Contracts with the authority,Contracts with the authority declared in the register,False,2023-11-14,2024-07-20
D-000415,M-00134,South Cambridgeshire District Council,South Cambridgeshire District Council,Ramsey,Councillor,Overview and Scrutiny,Land and property in the area,Land and property in the area declared in the register,False,2025-01-15,2025-08-21
D-000416,M-00134,South Cambridgeshire District Council,South Cambridgeshire District Council,Ramsey,Councillor,Health and Wellbeing,Membership of a charity or voluntary body,Membership of a charity or voluntary body declared in the register,False,2024-01-22,2024-02-04
D-000417,M-00135,Huntingdon Town Council,Huntingdonshire District Council,Ramsey,Vice-Chair,Employment,Securities,Securities declared in the register,False,2024-10-10,2024-11-24
D-000418,M-00135,Huntingdon Town Council,Huntingdonshire District Council,Ramsey,Vice-Chair,Overview and Scrutiny,Membership of a body exercising public functions,Membership of a body exercising public functions declared in the register,False,2024-09-11,2025-09-21
D-000419,M-00135,Huntingdon Town Council,Huntingdonshire District Council,Ramsey,Vice-Chair,Finance,"Employment, office, trade or profession",Employment declared in the register,False,2023-10-14,2024-01-24
D-000420,M-00136,South Cambridgeshire District Council,South Cambridgeshire District Council,St Neots East,Councillor,Environment,Directorship,Directorship declared in the register,False,2024-03-31,2024-08-29
D-000421,M-00136,South Cambridgeshire District Council,South Cambridgeshire District Council,St Neots East,Councillor,(none),Licences to occupy land,Licences to occupy land declared in the register,False,2025-08-25,2025-10-11
D-000422,M-00136,South Cambridgeshire District Council,South Cambridgeshire District Council,St Neots East,Councillor,Audit and Governance,Membership of a political party,Membership of a political party declared in the register,False,2024-05-04,2024-06-15
D-000423,M-00136,South Cambridgeshire District Council,South Cambridgeshire District Council,St Neots East,Councillor,Planning,Sponsorship,Sponsorship declared in the register,False,2024-08-22,2025-04-26
D-000424,M-00137,Huntingdonshire District Council,Huntingdonshire District Council,Brampton,Councillor,Licensing,Trade union membership,Trade union membership declared in the register,False,2025-06-30,2025-10-14
D-000425,M-00137,Huntingdonshire District Council,Huntingdonshire District Council,Brampton,Councillor,Finance,Land and property in the area,Land and property in the area declared in the register,False,2025-04-26,2025-09-13
D-000426,M-00138,Cambridgeshire County Council,Cambridgeshire County Council,Sawtry,Chair,Standards,Licences to occupy land,Licences to occupy land declared in the register,False,2024-01-31,2024-09-27
D-000427,M-00139,Huntingdonshire District Council,Huntingdonshire District Council,Huntingdon East,Councillor,Planning,Membership of a political party,Membership of a political party declared in the register,False,2025-02-10,2025-05-10
D-000428,M-00140,South Cambridgeshire District Council,South Cambridgeshire District Council,Huntingdon North,Councillor,Finance,Membership of a body exercising public functions,Membership of a body exercising public functions declared in the register,False,2024-11-15,2025-10-21
D-000429,M-00140,South Cambridgeshire District Council,South Cambridgeshire District Council,Huntingdon North,Councillor,Audit and Governance,"Employment, office, trade or profession",Employment declared in the register,False,2023-06-21,2024-07-14
D-000430,M-00140,South Cambridgeshire District Council,South Cambridgeshire District Council,Huntingdon North,Councillor,Finance,Membership of a charity or voluntary body,Membership of a charity or voluntary body declared in the register,False,2025-08-02,2026-04-04
D-000431,M-00140,South Cambridgeshire District Council,South Cambridgeshire District Council,Huntingdon North,Councillor,Planning,"Employment, office, trade or profession",Employment declared in the register,False,2024-04-08,2024-04-23
D-000432,M-00140,South Cambridgeshire District Council,South Cambridgeshire District Council,Huntingdon North,Councillor,Health and Wellbeing,Trade union membership,Trade union membership declared in the register,False,2023-07-28,2024-04-25
D-000433,M-00141,Ramsey Town Council,Huntingdonshire District Council,Brampton,Councillor,Standards,Sponsorship,Sponsorship declared in the register,False,2025-05-05,2026-01-19
D-000434,M-00141,Ramsey Town Council,Huntingdonshire District Council,Brampton,Councillor,Audit and Governance,Licences to occupy land,Licences to occupy land declared in the register,False,2024-06-16,2024-11-20
D-000435,M-00142,Huntingdonshire District Council,Huntingdonshire District Council,St Ives West,Councillor,Audit and Governance,Corporate tenancies,Corporate tenancies declared in the register,False,2024-06-10,2025-05-04
D-000436,M-00142,Huntingdonshire District Council,Huntingdonshire District Council,St Ives West,Councillor,Overview and Scrutiny,"Employment, office, trade or profession",Employment declared in the register,False,2024-07-24,2024-12-03
D-000437,M-00142,Huntingdonshire District Council,Huntingdonshire District Council,St Ives West,Councillor,Overview and Scrutiny,Membership of a body exercising public functions,Membership of a body exercising public functions declared in the register,False,2023-09-25,2023-09-27
D-000438,M-00142,Huntingdonshire District Council,Huntingdonshire District Council,St Ives West,Councillor,Licensing,Directorship,Directorship declared in the register,False,2025-07-04,2025-12-22
D-000439,M-00142,Huntingdonshire District Council,Huntingdonshire District Council,St Ives West,Councillor,Finance,Membership of a political party,Membership of a political party declared in the register,False,2024-01-29,2024-03-22
D-000440,M-00143,Cambridgeshire County Council,Cambridgeshire County Council,St Neots East,Councillor,Overview and Scrutiny,Membership of a charity or voluntary body,Membership of a charity or voluntary body declared in the register,False,2024-09-07,2024-12-01
D-000441,M-00143,Cambridgeshire County Council,Cambridgeshire County Council,St Neots East,Councillor,Standards,Securities,Securities declared in the register,False,2024-10-21,2025-05-07
D-000442,M-00144,St Ives Town Council,Huntingdonshire District Council,Somersham,Councillor,Health and Wellbeing,Corporate tenancies,Corporate tenancies declared in the register,False,2024-06-23,2025-02-07
D-000443,M-00144,St Ives Town Council,Huntingdonshire District Council,Somersham,Councillor,(none),Membership of a political party,Membership of a political party declared in the register,False,2025-03-23,2025-05-15
D-000444,M-00144,St Ives Town Council,Huntingdonshire District Council,Somersham,Councillor,Employment,Membership of a body exercising public functions,Membership of a body exercising public functions declared in the register,False,2024-08-17,2024-08-24
D-000445,M-00145,Huntingdonshire District Council,Huntingdonshire District Council,Warboys,Cabinet Member,Planning,Membership of a charity or voluntary body,Membership of a charity or voluntary body declared in the register,False,2024-04-29,2025-02-28
D-000446,M-00145,Huntingdonshire District Council,Huntingdonshire District Council,Warboys,Cabinet Member,Health and Wellbeing,Land and property in the area,Land and property in the area declared in the register,False,2023-10-20,2024-09-04
D-000447,M-00146,South Cambridgeshire District Council,South Cambridgeshire District Council,Huntingdon North,Cabinet Member,Standards,Contracts with the authority,Contracts with the authority declared in the register,False,2024-10-09,2025-08-05
D-000448,M-00146,South Cambridgeshire District Council,South Cambridgeshire District Council,Huntingdon North,Cabinet Member,(none),Membership of a body exercising public functions,Membership of a body exercising public functions declared in the register,False,2024-03-30,2024-08-13
D-000449,M-00146,South Cambridgeshire District Council,South Cambridgeshire District Council,Huntingdon North,Cabinet Member,Planning,Securities,Securities declared in the register,False,2024-08-25,2025-04-02
D-000450,M-00146,South Cambridgeshire District Council,South Cambridgeshire District Council,Huntingdon North,Cabinet Member,Health and Wellbeing,Membership of a charity or voluntary body,Membership of a charity or voluntary body declared in the register,False,2023-08-27,2024-08-13
D-000451,M-00146,South Cambridgeshire District Council,South Cambridgeshire District Council,Huntingdon North,Cabinet Member,Licensing,Sponsorship,Sponsorship declared in the register,False,2024-03-15,2024-08-23
D-000452,M-00147,Cambridgeshire County Council,Cambridgeshire County Council,Little Paxton,Councillor,Audit and Governance,Land and property in the area,Land and property in the area declared in the register,False,2025-01-24,2025-08-19
D-000453,M-00147,Cambridgeshire County Council,Cambridgeshire County Council,Little Paxton,Councillor,(none),Corporate tenancies,Corporate tenancies declared in the register,False,2025-06-12,2026-01-01
D-000454,M-00147,Cambridgeshire County Council,Cambridgeshire County Council,Little Paxton,Councillor,Environment,Sponsorship,Sponsorship declared in the register,False,2025-03-12,2026-03-28
D-000455,M-00147,Cambridgeshire County Council,Cambridgeshire County Council,Little Paxton,Councillor,Audit and Governance,Trade union membership,Trade union membership declared in the register,False,2025-07-09,2025-11-27
D-000456,M-00148,Ramsey Town Council,Huntingdonshire District Council,Godmanchester,Committee Member,(none),Membership of a charity or voluntary body,Membership of a charity or voluntary body declared in the register,False,2023-08-05,2024-04-22
D-000457,M-00148,Ramsey Town Council,Huntingdonshire District Council,Godmanchester,Committee Member,Environment,"Employment, office, trade or profession",Employment declared in the register,False,2023-08-17,2024-08-28
D-000458,M-00148,Ramsey Town Council,Huntingdonshire District Council,Godmanchester,Committee Member,Standards,Membership of a charity or voluntary body,Membership of a charity or voluntary body declared in the register,False,2024-06-25,2025-01-31
D-000459,M-00148,Ramsey Town Council,Huntingdonshire District Council,Godmanchester,Committee Member,Audit and Governance,"Employment, office, trade or profession",Employment declared in the register,False,2025-10-09,2026-07-01
D-000460,M-00148,Ramsey Town Council,Huntingdonshire District Council,Godmanchester,Committee Member,Standards,Securities,Securities declared in the register,False,2025-07-08,2025-08-28
D-000461,M-00149,Ramsey Town Council,Huntingdonshire District Council,Hemingfords,Councillor,Environment,Membership of a body exercising public functions,Membership of a body exercising public functions declared in the register,False,2025-05-27,2026-06-11
D-000462,M-00149,Ramsey Town Council,Huntingdonshire District Council,Hemingfords,Councillor,Licensing,Licences to occupy land,Licences to occupy land declared in the register,False,2024-05-17,2024-10-03
D-000463,M-00149,Ramsey Town Council,Huntingdonshire District Council,Hemingfords,Councillor,Licensing,Licences to occupy land,Licences to occupy land declared in the register,False,2025-09-10,2025-11-24
D-000464,M-00149,Ramsey Town Council,Huntingdonshire District Council,Hemingfords,Councillor,Overview and Scrutiny,Membership of a charity or voluntary body,Membership of a charity or voluntary body declared in the register,False,2024-02-01,2024-12-25
D-000465,M-00149,Ramsey Town Council,Huntingdonshire District Council,Hemingfords,Councillor,Licensing,Land and property in the area,Land and property in the area declared in the register,False,2023-09-23,2024-09-13
D-000466,M-00150,Huntingdon Town Council,Huntingdonshire District Council,Hemingfords,Councillor,Corporate Governance,Sponsorship,Sponsorship declared in the register,False,2024-06-26,2025-06-12
D-000467,M-00150,Huntingdon Town Council,Huntingdonshire District Council,Hemingfords,Councillor,Audit and Governance,Land and property in the area,Land and property in the area declared in the register,False,2024-08-21,2024-08-25
D-000468,M-00150,Huntingdon Town Council,Huntingdonshire District Council,Hemingfords,Councillor,Health and Wellbeing,Securities,Securities declared in the register,False,2024-10-30,2025-07-01
D-000469,M-00150,Huntingdon Town Council,Huntingdonshire District Council,Hemingfords,Councillor,Standards,Membership of a body exercising public functions,Membership of a body exercising public functions declared in the register,False,2023-11-12,2024-05-04
D-000470,M-00150,Huntingdon Town Council,Huntingdonshire District Council,Hemingfords,Councillor,(none),Licences to occupy land,Licences to occupy land declared in the register,False,2023-12-15,2024-12-05
D-000471,M-00151,Huntingdonshire District Council,Huntingdonshire District Council,Huntingdon North,Councillor,Licensing,Licences to occupy land,Licences to occupy land declared in the register,False,2024-03-06,2024-07-31
D-000472,M-00151,Huntingdonshire District Council,Huntingdonshire District Council,Huntingdon North,Councillor,Environment,Sponsorship,Sponsorship declared in the register,False,2024-12-08,2025-01-29
D-000473,M-00151,Huntingdonshire District Council,Huntingdonshire District Council,Huntingdon North,Councillor,Employment,Membership of a body exercising public functions,Membership of a body exercising public functions declared in the register,False,2023-07-29,2023-09-23
D-000474,M-00152,St Ives Town Council,Huntingdonshire District Council,St Ives East,Councillor,Audit and Governance,Sponsorship,Sponsorship declared in the register,False,2025-04-27,2026-05-05
D-000475,M-00152,St Ives Town Council,Huntingdonshire District Council,St Ives East,Councillor,Health and Wellbeing,Licences to occupy land,Licences to occupy land declared in the register,False,2023-12-12,2024-01-01
D-000476,M-00153,Ramsey Town Council,Huntingdonshire District Council,Fenstanton,Councillor,Planning,Membership of a charity or voluntary body,Membership of a charity or voluntary body declared in the register,False,2024-01-22,2024-11-13
D-000477,M-00153,Ramsey Town Council,Huntingdonshire District Council,Fenstanton,Councillor,(none),Trade union membership,Trade union membership declared in the register,False,2024-01-02,2024-03-16
D-000478,M-00153,Ramsey Town Council,Huntingdonshire District Council,Fenstanton,Councillor,Corporate Governance,Directorship,Directorship declared in the register,False,2025-04-22,2025-08-27
D-000479,M-00154,Huntingdonshire District Council,Huntingdonshire District Council,Hemingfords,Councillor,Standards,Trade union membership,Trade union membership declared in the register,False,2024-10-09,2024-10-10
D-000480,M-00155,St Ives Town Council,Huntingdonshire District Council,St Ives South,Councillor,Health and Wellbeing,Corporate tenancies,Corporate tenancies declared in the register,False,2025-08-09,2026-05-24
D-000481,M-00156,Huntingdonshire District Council,Huntingdonshire District Council,Sawtry,Chair,Finance,Membership of a political party,Membership of a political party declared in the register,False,2023-08-02,2023-11-14
D-000482,M-00157,Ramsey Town Council,Huntingdonshire District Council,Fenstanton,Councillor,Employment,Sponsorship,Sponsorship declared in the register,False,2025-10-01,2026-02-28
D-000483,M-00157,Ramsey Town Council,Huntingdonshire District Council,Fenstanton,Councillor,Finance,Membership of a body exercising public functions,Membership of a body exercising public functions declared in the register,False,2023-07-21,2023-09-27
D-000484,M-00157,Ramsey Town Council,Huntingdonshire District Council,Fenstanton,Councillor,Finance,Directorship,Directorship declared in the register,False,2025-02-16,2025-05-26
D-000485,M-00157,Ramsey Town Council,Huntingdonshire District Council,Fenstanton,Councillor,Health and Wellbeing,"Employment, office, trade or profession",Employment declared in the register,False,2024-02-07,2024-10-18
D-000486,M-00158,Cambridgeshire County Council,Cambridgeshire County Council,Little Paxton,Mayor,Environment,Trade union membership,Trade union membership declared in the register,False,2024-05-10,2025-03-16
D-000487,M-00158,Cambridgeshire County Council,Cambridgeshire County Council,Little Paxton,Mayor,Corporate Governance,Licences to occupy land,Licences to occupy land declared in the register,False,2023-12-31,2024-06-25
D-000488,M-00158,Cambridgeshire County Council,Cambridgeshire County Council,Little Paxton,Mayor,Corporate Governance,Membership of a body exercising public functions,Membership of a body exercising public functions declared in the register,False,2025-07-03,2026-06-19
D-000489,M-00159,St Ives Town Council,Huntingdonshire District Council,Ramsey,Councillor,Overview and Scrutiny,Corporate tenancies,Corporate tenancies declared in the register,False,2024-07-14,2025-07-12
D-000490,M-00160,St Ives Town Council,Huntingdonshire District Council,Sawtry,Vice-Chair,Standards,Licences to occupy land,Licences to occupy land declared in the register,False,2024-12-23,2025-03-26
D-000491,M-00160,St Ives Town Council,Huntingdonshire District Council,Sawtry,Vice-Chair,Planning,Trade union membership,Trade union membership declared in the register,False,2025-07-02,2026-04-30
D-000492,M-00161,Ramsey Town Council,Huntingdonshire District Council,Buckden,Cabinet Member,Licensing,Corporate tenancies,Corporate tenancies declared in the register,False,2024-01-29,2025-02-03
D-000493,M-00161,Ramsey Town Council,Huntingdonshire District Council,Buckden,Cabinet Member,Planning,Land and property in the area,Land and property in the area declared in the register,False,2023-05-09,2023-09-10
D-000494,M-00161,Ramsey Town Council,Huntingdonshire District Council,Buckden,Cabinet Member,Environment,Trade union membership,Trade union membership declared in the register,False,2024-12-10,2025-07-26
D-000495,M-00161,Ramsey Town Council,Huntingdonshire District Council,Buckden,Cabinet Member,Licensing,Membership of a political party,Membership of a political party declared in the register,False,2024-07-05,2025-04-19
D-000496,M-00162,Huntingdon Town Council,Huntingdonshire District Council,St Neots East,Councillor,Employment,Securities,Securities declared in the register,False,2024-01-20,2024-10-10
D-000497,M-00162,Huntingdon Town Council,Huntingdonshire District Council,St Neots East,Councillor,Audit and Governance,Land and property in the area,Land and property in the area declared in the register,False,2024-10-03,2025-08-29
D-000498,M-00162,Huntingdon Town Council,Huntingdonshire District Council,St Neots East,Councillor,Corporate Governance,Membership of a charity or voluntary body,Membership of a charity or voluntary body declared in the register,False,2024-10-06,2025-02-23
D-000499,M-00162,Huntingdon Town Council,Huntingdonshire District Council,St Neots East,Councillor,Employment,Securities,Securities declared in the register,False,2025-02-03,2025-11-26
D-000500,M-00163,Cambridgeshire County Council,Cambridgeshire County Council,Somersham,Councillor,Environment,Membership of a charity or voluntary body,Membership of a charity or voluntary body declared in the register,False,2023-08-14,2024-07-24
D-000501,M-00163,Cambridgeshire County Council,Cambridgeshire County Council,Somersham,Councillor,Employment,"Employment, office, trade or profession",Employment declared in the register,False,2023-05-17,2024-01-05
D-000502,M-00163,Cambridgeshire County Council,Cambridgeshire County Council,Somersham,Councillor,Environment,Membership of a body exercising public functions,Membership of a body exercising public functions declared in the register,False,2024-11-16,2025-08-06
D-000503,M-00163,Cambridgeshire County Council,Cambridgeshire County Council,Somersham,Councillor,Corporate Governance,Trade union membership,Trade union membership declared in the register,False,2023-08-06,2024-02-11
D-000504,M-00164,Huntingdonshire District Council,Huntingdonshire District Council,Buckden,Councillor,Employment,Membership of a body exercising public functions,Membership of a body exercising public functions declared in the register,False,2023-11-30,2024-05-02
D-000505,M-00164,Huntingdonshire District Council,Huntingdonshire District Council,Buckden,Councillor,Overview and Scrutiny,Sponsorship,Sponsorship declared in the register,False,2024-03-23,2024-07-30
D-000506,M-00164,Huntingdonshire District Council,Huntingdonshire District Council,Buckden,Councillor,Standards,Trade union membership,Trade union membership declared in the register,False,2023-09-30,2024-08-13
D-000507,M-00165,St Ives Town Council,Huntingdonshire District Council,Godmanchester,Councillor,Audit and Governance,Membership of a body exercising public functions,Membership of a body exercising public functions declared in the register,False,2023-08-14,2023-08-17
D-000508,M-00166,Huntingdonshire District Council,Huntingdonshire District Council,Alconbury,Councillor,Health and Wellbeing,Contracts with the authority,Contracts with the authority declared in the register,False,2024-05-16,2024-09-29
D-000509,M-00166,Huntingdonshire District Council,Huntingdonshire District Council,Alconbury,Councillor,Standards,Securities,Securities declared in the register,False,2025-10-16,2026-08-31
D-000510,M-00166,Huntingdonshire District Council,Huntingdonshire District Council,Alconbury,Councillor,Health and Wellbeing,Land and property in the area,Land and property in the area declared in the register,False,2025-08-18,2026-08-02
D-000511,M-00166,Huntingdonshire District Council,Huntingdonshire District Council,Alconbury,Councillor,(none),Trade union membership,Trade union membership declared in the register,False,2023-07-11,2024-08-02
D-000512,M-00166,Huntingdonshire District Council,Huntingdonshire District Council,Alconbury,Councillor,Employment,Directorship,Directorship declared in the register,False,2023-07-08,2024-06-02
D-000513,M-00167,Cambridgeshire County Council,Cambridgeshire County Council,St Ives West,Councillor,Environment,Securities,Securities declared in the register,False,2024-03-10,2024-05-04
D-000514,M-00167,Cambridgeshire County Council,Cambridgeshire County Council,St Ives West,Councillor,Corporate Governance,Membership of a body exercising public functions,Membership of a body exercising public functions declared in the register,False,2024-08-13,2025-02-16
D-000515,M-00167,Cambridgeshire County Council,Cambridgeshire County Council,St Ives West,Councillor,Employment,Membership of a political party,Membership of a political party declared in the register,False,2025-09-08,2026-10-07
D-000516,M-00167,Cambridgeshire County Council,Cambridgeshire County Council,St Ives West,Councillor,Corporate Governance,Directorship,Directorship declared in the register,False,2024-07-29,2024-09-12
D-000517,M-00168,Huntingdon Town Council,Huntingdonshire District Council,Hemingfords,Councillor,Standards,Licences to occupy land,Licences to occupy land declared in the register,False,2025-05-25,2025-09-20
D-000518,M-00168,Huntingdon Town Council,Huntingdonshire District Council,Hemingfords,Councillor,Standards,Contracts with the authority,Contracts with the authority declared in the register,False,2023-12-16,2024-03-05
D-000519,M-00168,Huntingdon Town Council,Huntingdonshire District Council,Hemingfords,Councillor,Environment,Sponsorship,Sponsorship declared in the register,False,2024-09-15,2025-06-21
D-000520,M-00168,Huntingdon Town Council,Huntingdonshire District Council,Hemingfords,Councillor,Planning,Sponsorship,Sponsorship declared in the register,False,2023-12-10,2024-01-08
D-000521,M-00169,Cambridgeshire County Council,Cambridgeshire County Council,Little Paxton,Councillor,Health and Wellbeing,Membership of a charity or voluntary body,Membership of a charity or voluntary body declared in the register,False,2024-08-12,2025-01-18
D-000522,M-00169,Cambridgeshire County Council,Cambridgeshire County Council,Little Paxton,Councillor,Licensing,Sponsorship,Sponsorship declared in the register,False,2024-09-16,2024-12-21
D-000523,M-00169,Cambridgeshire County Council,Cambridgeshire County Council,Little Paxton,Councillor,Finance,Membership of a body exercising public functions,Membership of a body exercising public functions declared in the register,False,2024-10-21,2025-07-29
D-000524,M-00170,Huntingdon Town Council,Huntingdonshire District Council,Huntingdon West,Councillor,Employment,Membership of a body exercising public functions,Membership of a body exercising public functions declared in the register,False,2023-09-04,2024-07-09
D-000525,M-00170,Huntingdon Town Council,Huntingdonshire District Council,Huntingdon West,Councillor,Employment,Corporate tenancies,Corporate tenancies declared in the register,False,2024-04-20,2025-01-28
D-000526,M-00170,Huntingdon Town Council,Huntingdonshire District Council,Huntingdon West,Councillor,(none),Corporate tenancies,Corporate tenancies declared in the register,False,2024-12-20,2025-03-15
D-000527,M-00170,Huntingdon Town Council,Huntingdonshire District Council,Huntingdon West,Councillor,Health and Wellbeing,Sensitive interest (withheld under s.32),,True,2024-11-19,2024-12-21
D-000528,M-00170,Huntingdon Town Council,Huntingdonshire District Council,Huntingdon West,Councillor,(none),Membership of a charity or voluntary body,Membership of a charity or voluntary body declared in the register,False,2024-07-24,2025-05-21
D-000529,M-00171,Cambridgeshire County Council,Cambridgeshire County Council,Alconbury,Chair,Standards,Licences to occupy land,Licences to occupy land declared in the register,False,2023-07-18,2023-08-24
D-000530,M-00171,Cambridgeshire County Council,Cambridgeshire County Council,Alconbury,Chair,Standards,Membership of a political party,Membership of a political party declared in the register,False,2024-02-09,2024-10-04
D-000531,M-00171,Cambridgeshire County Council,Cambridgeshire County Council,Alconbury,Chair,Finance,Sponsorship,Sponsorship declared in the register,False,2023-09-30,2024-08-06
D-000532,M-00171,Cambridgeshire County Council,Cambridgeshire County Council,Alconbury,Chair,Health and Wellbeing,Trade union membership,Trade union membership declared in the register,False,2025-02-01,2025-02-20
D-000533,M-00171,Cambridgeshire County Council,Cambridgeshire County Council,Alconbury,Chair,Audit and Governance,Securities,Securities declared in the register,False,2023-10-29,2024-04-24
D-000534,M-00172,Huntingdonshire District Council,Huntingdonshire District Council,Godmanchester,Vice-Chair,Audit and Governance,Directorship,Directorship declared in the register,False,2025-06-03,2025-07-25
D-000535,M-00172,Huntingdonshire District Council,Huntingdonshire District Council,Godmanchester,Vice-Chair,(none),Directorship,Directorship declared in the register,False,2025-03-03,2026-03-25
D-000536,M-00172,Huntingdonshire District Council,Huntingdonshire District Council,Godmanchester,Vice-Chair,Employment,Membership of a body exercising public functions,Membership of a body exercising public functions declared in the register,False,2024-06-27,2025-02-24
D-000537,M-00172,Huntingdonshire District Council,Huntingdonshire District Council,Godmanchester,Vice-Chair,Employment,Corporate tenancies,Corporate tenancies declared in the register,False,2025-09-27,2026-03-19
D-000538,M-00173,St Ives Town Council,Huntingdonshire District Council,Sawtry,Chair,Planning,Membership of a charity or voluntary body,Membership of a charity or voluntary body declared in the register,False,2024-08-13,2025-04-01
D-000539,M-00174,Huntingdonshire District Council,Huntingdonshire District Council,Huntingdon West,Councillor,Environment,"Employment, office, trade or profession",Employment declared in the register,False,2024-08-22,2024-11-27
D-000540,M-00175,Huntingdon Town Council,Huntingdonshire District Council,Fenstanton,Councillor,Audit and Governance,Contracts with the authority,Contracts with the authority declared in the register,False,2024-06-12,2025-02-10
D-000541,M-00175,Huntingdon Town Council,Huntingdonshire District Council,Fenstanton,Councillor,Audit and Governance,Contracts with the authority,Contracts with the authority declared in the register,False,2024-05-06,2025-01-23
D-000542,M-00175,Huntingdon Town Council,Huntingdonshire District Council,Fenstanton,Councillor,Finance,Securities,Securities declared in the register,False,2024-07-14,2025-05-23
D-000543,M-00175,Huntingdon Town Council,Huntingdonshire District Council,Fenstanton,Councillor,Licensing,Membership of a political party,Membership of a political party declared in the register,False,2025-05-02,2026-02-26
D-000544,M-00176,Huntingdon Town Council,Huntingdonshire District Council,Huntingdon East,Vice-Chair,Licensing,"Employment, office, trade or profession",Employment declared in the register,False,2024-09-19,2024-10-31
D-000545,M-00176,Huntingdon Town Council,Huntingdonshire District Council,Huntingdon East,Vice-Chair,Health and Wellbeing,Licences to occupy land,Licences to occupy land declared in the register,False,2024-10-31,2024-11-16
D-000546,M-00177,Cambridgeshire County Council,Cambridgeshire County Council,Somersham,Councillor,Environment,Trade union membership,Trade union membership declared in the register,False,2023-07-22,2024-02-02
D-000547,M-00178,South Cambridgeshire District Council,South Cambridgeshire District Council,Buckden,Chair,Licensing,Corporate tenancies,Corporate tenancies declared in the register,False,2025-04-23,2026-01-29
D-000548,M-00178,South Cambridgeshire District Council,South Cambridgeshire District Council,Buckden,Chair,Corporate Governance,Securities,Securities declared in the register,False,2023-07-23,2024-08-23
D-000549,M-00178,South Cambridgeshire District Council,South Cambridgeshire District Council,Buckden,Chair,Standards,Membership of a body exercising public functions,Membership of a body exercising public functions declared in the register,False,2025-02-18,2025-06-01
D-000550,M-00178,South Cambridgeshire District Council,South Cambridgeshire District Council,Buckden,Chair,Planning,Membership of a body exercising public functions,Membership of a body exercising public functions declared in the register,False,2025-03-18,2025-10-05
D-000551,M-00178,South Cambridgeshire District Council,South Cambridgeshire District Council,Buckden,Chair,Employment,Membership of a charity or voluntary body,Membership of a charity or voluntary body declared in the register,False,2023-08-21,2023-09-05
D-000552,M-00179,South Cambridgeshire District Council,South Cambridgeshire District Council,Fenstanton,Councillor,Health and Wellbeing,Corporate tenancies,Corporate tenancies declared in the register,False,2023-12-22,2024-12-04
D-000553,M-00179,South Cambridgeshire District Council,South Cambridgeshire District Council,Fenstanton,Councillor,Standards,Corporate tenancies,Corporate tenancies declared in the register,False,2023-11-08,2024-08-05
D-000554,M-00179,South Cambridgeshire District Council,South Cambridgeshire District Council,Fenstanton,Councillor,Health and Wellbeing,Contracts with the authority,Contracts with the authority declared in the register,False,2023-11-16,2024-03-26
D-000555,M-00180,Huntingdon Town Council,Huntingdonshire District Council,Yaxley,Councillor,Licensing,Securities,Securities declared in the register,False,2025-03-09,2025-03-29
D-000556,M-00180,Huntingdon Town Council,Huntingdonshire District Council,Yaxley,Councillor,Standards,Membership of a political party,Membership of a political party declared in the register,False,2024-11-05,2025-02-09
D-000557,M-00180,Huntingdon Town Council,Huntingdonshire District Council,Yaxley,Councillor,Licensing,Corporate tenancies,Corporate tenancies declared in the register,False,2023-11-02,2024-01-21
D-000558,M-00180,Huntingdon Town Council,Huntingdonshire District Council,Yaxley,Councillor,Finance,Corporate tenancies,Corporate tenancies declared in the register,False,2025-08-18,2025-12-06
D-000559,M-00180,Huntingdon Town Council,Huntingdonshire District Council,Yaxley,Councillor,Environment,Trade union membership,Trade union membership declared in the register,False,2025-08-27,2026-02-24
D-000560,M-00181,Huntingdonshire District Council,Huntingdonshire District Council,Warboys,Councillor,Licensing,Licences to occupy land,Licences to occupy land declared in the register,False,2023-07-24,2023-11-07
D-000561,M-00181,Huntingdonshire District Council,Huntingdonshire District Council,Warboys,Councillor,Finance,Directorship,Directorship declared in the register,False,2025-05-17,2025-12-26
D-000562,M-00181,Huntingdonshire District Council,Huntingdonshire District Council,Warboys,Councillor,Environment,Securities,Securities declared in the register,False,2025-07-04,2026-04-29
D-000563,M-00181,Huntingdonshire District Council,Huntingdonshire District Council,Warboys,Councillor,Environment,Licences to occupy land,Licences to occupy land declared in the register,False,2023-08-05,2024-05-09
D-000564,M-00181,Huntingdonshire District Council,Huntingdonshire District Council,Warboys,Councillor,Planning,Land and property in the area,Land and property in the area declared in the register,False,2025-05-24,2026-03-11
D-000565,M-00182,St Ives Town Council,Huntingdonshire District Council,Hemingfords,Councillor,(none),Contracts with the authority,Contracts with the authority declared in the register,False,2024-08-01,2025-04-11
D-000566,M-00182,St Ives Town Council,Huntingdonshire District Council,Hemingfords,Councillor,Health and Wellbeing,"Employment, office, trade or profession",Employment declared in the register,False,2025-05-07,2026-03-27
D-000567,M-00183,Huntingdonshire District Council,Huntingdonshire District Council,Ramsey,Councillor,Overview and Scrutiny,Contracts with the authority,Contracts with the authority declared in the register,False,2024-08-06,2025-09-02
D-000568,M-00183,Huntingdonshire District Council,Huntingdonshire District Council,Ramsey,Councillor,Corporate Governance,Licences to occupy land,Licences to occupy land declared in the register,False,2025-06-19,2025-07-19
D-000569,M-00183,Huntingdonshire District Council,Huntingdonshire District Council,Ramsey,Councillor,Finance,Land and property in the area,Land and property in the area declared in the register,False,2024-09-03,2025-09-08
D-000570,M-00183,Huntingdonshire District Council,Huntingdonshire District Council,Ramsey,Councillor,Overview and Scrutiny,Membership of a political party,Membership of a political party declared in the register,False,2025-06-15,2025-11-02
D-000571,M-00183,Huntingdonshire District Council,Huntingdonshire District Council,Ramsey,Councillor,Overview and Scrutiny,Contracts with the authority,Contracts with the authority declared in the register,False,2023-06-22,2023-10-26
D-000572,M-00184,Huntingdonshire District Council,Huntingdonshire District Council,Fenstanton,Committee Member,Standards,Licences to occupy land,Licences to occupy land declared in the register,False,2024-01-26,2024-04-25
D-000573,M-00184,Huntingdonshire District Council,Huntingdonshire District Council,Fenstanton,Committee Member,Licensing,Sponsorship,Sponsorship declared in the register,False,2023-11-25,2024-09-24
D-000574,M-00184,Huntingdonshire District Council,Huntingdonshire District Council,Fenstanton,Committee Member,Standards,Membership of a body exercising public functions,Membership of a body exercising public functions declared in the register,False,2024-09-13,2024-11-30
D-000575,M-00185,St Ives Town Council,Huntingdonshire District Council,St Ives West,Committee Member,Health and Wellbeing,Directorship,Directorship declared in the register,False,2024-03-02,2024-03-27
D-000576,M-00185,St Ives Town Council,Huntingdonshire District Council,St Ives West,Committee Member,Employment,Licences to occupy land,Licences to occupy land declared in the register,False,2023-11-22,2024-11-24
D-000577,M-00185,St Ives Town Council,Huntingdonshire District Council,St Ives West,Committee Member,Overview and Scrutiny,Membership of a body exercising public functions,Membership of a body exercising public functions declared in the register,False,2025-03-16,2025-04-23
D-000578,M-00185,St Ives Town Council,Huntingdonshire District Council,St Ives West,Committee Member,Planning,Directorship,Directorship declared in the register,False,2025-07-28,2026-04-19
D-000579,M-00185,St Ives Town Council,Huntingdonshire District Council,St Ives West,Committee Member,(none),Securities,Securities declared in the register,False,2024-06-26,2025-05-20
D-000580,M-00186,Cambridgeshire County Council,Cambridgeshire County Council,Little Paxton,Councillor,Health and Wellbeing,Securities,Securities declared in the register,False,2023-12-15,2024-09-01
D-000581,M-00187,Huntingdonshire District Council,Huntingdonshire District Council,Huntingdon East,Chair,Audit and Governance,Land and property in the area,Land and property in the area declared in the register,False,2023-12-07,2024-09-06
D-000582,M-00187,Huntingdonshire District Council,Huntingdonshire District Council,Huntingdon East,Chair,Overview and Scrutiny,Contracts with the authority,Contracts with the authority declared in the register,False,2023-07-07,2023-08-29
D-000583,M-00187,Huntingdonshire District Council,Huntingdonshire District Council,Huntingdon East,Chair,(none),Land and property in the area,Land and property in the area declared in the register,False,2025-04-26,2025-06-26
D-000584,M-00187,Huntingdonshire District Council,Huntingdonshire District Council,Huntingdon East,Chair,Employment,Directorship,Directorship declared in the register,False,2024-02-25,2024-03-12
D-000585,M-00188,Huntingdon Town Council,Huntingdonshire District Council,Hemingfords,Councillor,Standards,"Employment, office, trade or profession",Employment declared in the register,False,2024-05-03,2025-01-25
D-000586,M-00188,Huntingdon Town Council,Huntingdonshire District Council,Hemingfords,Councillor,Environment,Trade union membership,Trade union membership declared in the register,False,2023-08-13,2024-02-28
D-000587,M-00188,Huntingdon Town Council,Huntingdonshire District Council,Hemingfords,Councillor,Corporate Governance,Contracts with the authority,Contracts with the authority declared in the register,False,2024-09-21,2025-05-12
D-000588,M-00188,Huntingdon Town Council,Huntingdonshire District Council,Hemingfords,Councillor,Corporate Governance,Membership of a body exercising public functions,Membership of a body exercising public functions declared in the register,False,2023-07-24,2023-11-01
D-000589,M-00189,St Ives Town Council,Huntingdonshire District Council,Brampton,Chair,Audit and Governance,Membership of a political party,Membership of a political party declared in the register,False,2024-10-04,2025-09-13
D-000590,M-00189,St Ives Town Council,Huntingdonshire District Council,Brampton,Chair,Overview and Scrutiny,Corporate tenancies,Corporate tenancies declared in the register,False,2025-02-13,2025-11-21
D-000591,M-00189,St Ives Town Council,Huntingdonshire District Council,Brampton,Chair,(none),Membership of a charity or voluntary body,Membership of a charity or voluntary body declared in the register,False,2024-09-03,2025-08-26
D-000592,M-00189,St Ives Town Council,Huntingdonshire District Council,Brampton,Chair,Employment,Membership of a body exercising public functions,Membership of a body exercising public functions declared in the register,False,2024-12-14,2025-09-18
D-000593,M-00190,Huntingdonshire District Council,Huntingdonshire District Council,Hemingfords,Councillor,Corporate Governance,"Employment, office, trade or profession",Employment declared in the register,False,2024-06-12,2024-07-21
D-000594,M-00190,Huntingdonshire District Council,Huntingdonshire District Council,Hemingfords,Councillor,Environment,Membership of a charity or voluntary body,Membership of a charity or voluntary body declared in the register,False,2023-05-12,2023-10-31
D-000595,M-00190,Huntingdonshire District Council,Huntingdonshire District Council,Hemingfords,Councillor,Health and Wellbeing,"Employment, office, trade or profession",Employment declared in the register,False,2024-06-30,2025-05-21
D-000596,M-00190,Huntingdonshire District Council,Huntingdonshire District Council,Hemingfords,Councillor,Licensing,Securities,Securities declared in the register,False,2023-09-12,2023-12-18
D-000597,M-00190,Huntingdonshire District Council,Huntingdonshire District Council,Hemingfords,Councillor,Licensing,Membership of a charity or voluntary body,Membership of a charity or voluntary body declared in the register,False,2025-06-25,2026-02-02
D-000598,M-00191,South Cambridgeshire District Council,South Cambridgeshire District Council,Brampton,Committee Member,Standards,"Employment, office, trade or profession",Employment declared in the register,False,2024-09-09,2025-06-09
D-000599,M-00191,South Cambridgeshire District Council,South Cambridgeshire District Council,Brampton,Committee Member,(none),Directorship,Directorship declared in the register,False,2025-09-09,2025-11-23
D-000600,M-00191,South Cambridgeshire District Council,South Cambridgeshire District Council,Brampton,Committee Member,Employment,Membership of a political party,Membership of a political party declared in the register,False,2025-03-30,2026-01-18
D-000601,M-00191,South Cambridgeshire District Council,South Cambridgeshire District Council,Brampton,Committee Member,(none),Membership of a body exercising public functions,Membership of a body exercising public functions declared in the register,False,2024-05-29,2024-06-20
D-000602,M-00192,Huntingdonshire District Council,Huntingdonshire District Council,Huntingdon West,Councillor,Planning,Membership of a charity or voluntary body,Membership of a charity or voluntary body declared in the register,False,2025-06-02,2026-03-17
D-000603,M-00192,Huntingdonshire District Council,Huntingdonshire District Council,Huntingdon West,Councillor,Standards,Land and property in the area,Land and property in the area declared in the register,False,2025-06-01,2026-02-18
D-000604,M-00192,Huntingdonshire District Council,Huntingdonshire District Council,Huntingdon West,Councillor,Finance,Securities,Securities declared in the register,False,2023-09-27,2024-04-14
D-000605,M-00192,Huntingdonshire District Council,Huntingdonshire District Council,Huntingdon West,Councillor,Overview and Scrutiny,Securities,Securities declared in the register,False,2025-10-04,2026-02-15
D-000606,M-00192,Huntingdonshire District Council,Huntingdonshire District Council,Huntingdon West,Councillor,Finance,Sponsorship,Sponsorship declared in the register,False,2024-08-31,2024-09-21
D-000607,M-00193,St Ives Town Council,Huntingdonshire District Council,Ramsey,Councillor,Finance,Contracts with the authority,Contracts with the authority declared in the register,False,2023-08-24,2023-12-15
D-000608,M-00193,St Ives Town Council,Huntingdonshire District Council,Ramsey,Councillor,Licensing,Securities,Securities declared in the register,False,2024-11-25,2025-05-24
D-000609,M-00193,St Ives Town Council,Huntingdonshire District Council,Ramsey,Councillor,Corporate Governance,"Employment, office, trade or profession",Employment declared in the register,False,2025-07-08,2025-08-05
D-000610,M-00194,Huntingdonshire District Council,Huntingdonshire District Council,Somersham,Councillor,Licensing,Directorship,Directorship declared in the register,False,2025-02-17,2025-11-19
D-000611,M-00195,Ramsey Town Council,Huntingdonshire District Council,Alconbury,Councillor,Environment,Securities,Securities declared in the register,False,2024-12-07,2025-09-21
D-000612,M-00195,Ramsey Town Council,Huntingdonshire District Council,Alconbury,Councillor,(none),Sponsorship,Sponsorship declared in the register,False,2025-03-07,2026-04-07
D-000613,M-00196,Ramsey Town Council,Huntingdonshire District Council,Sawtry,Committee Member,Corporate Governance,Membership of a body exercising public functions,Membership of a body exercising public functions declared in the register,False,2024-09-08,2024-12-20
D-000614,M-00196,Ramsey Town Council,Huntingdonshire District Council,Sawtry,Committee Member,(none),Licences to occupy land,Licences to occupy land declared in the register,False,2025-01-29,2025-02-16
D-000615,M-00196,Ramsey Town Council,Huntingdonshire District Council,Sawtry,Committee Member,Corporate Governance,Land and property in the area,Land and property in the area declared in the register,False,2025-03-09,2025-03-12
D-000616,M-00196,Ramsey Town Council,Huntingdonshire District Council,Sawtry,Committee Member,Overview and Scrutiny,Contracts with the authority,Contracts with the authority declared in the register,False,2023-05-24,2024-03-18
D-000617,M-00197,Ramsey Town Council,Huntingdonshire District Council,Warboys,Committee Member,(none),Membership of a political party,Membership of a political party declared in the register,False,2025-09-04,2026-06-26
D-000618,M-00197,Ramsey Town Council,Huntingdonshire District Council,Warboys,Committee Member,Licensing,Sponsorship,Sponsorship declared in the register,False,2023-10-03,2024-08-21
D-000619,M-00197,Ramsey Town Council,Huntingdonshire District Council,Warboys,Committee Member,(none),Directorship,Directorship declared in the register,False,2023-07-29,2024-02-20
D-000620,M-00197,Ramsey Town Council,Huntingdonshire District Council,Warboys,Committee Member,Overview and Scrutiny,Membership of a charity or voluntary body,Membership of a charity or voluntary body declared in the register,False,2024-03-16,2024-12-11
D-000621,M-00198,St Ives Town Council,Huntingdonshire District Council,Alconbury,Chair,Overview and Scrutiny,Land and property in the area,Land and property in the area declared in the register,False,2025-04-15,2026-04-18
D-000622,M-00198,St Ives Town Council,Huntingdonshire District Council,Alconbury,Chair,Standards,Securities,Securities declared in the register,False,2025-02-23,2026-03-20
D-000623,M-00199,St Ives Town Council,Huntingdonshire District Council,Huntingdon North,Councillor,Employment,Securities,Securities declared in the register,False,2025-08-23,2026-07-03
D-000624,M-00199,St Ives Town Council,Huntingdonshire District Council,Huntingdon North,Councillor,Employment,Licences to occupy land,Licences to occupy land declared in the register,False,2025-04-12,2025-11-01
D-000625,M-00199,St Ives Town Council,Huntingdonshire District Council,Huntingdon North,Councillor,Employment,Membership of a charity or voluntary body,Membership of a charity or voluntary body declared in the register,False,2025-10-04,2026-10-03
D-000626,M-00200,South Cambridgeshire District Council,South Cambridgeshire District Council,St Neots East,Councillor,Finance,"Employment, office, trade or profession",Employment declared in the register,False,2025-09-11,2026-05-29
D-000627,M-00200,South Cambridgeshire District Council,South Cambridgeshire District Council,St Neots East,Councillor,Corporate Governance,Directorship,Directorship declared in the register,False,2024-01-01,2024-10-04
D-000628,M-00200,South Cambridgeshire District Council,South Cambridgeshire District Council,St Neots East,Councillor,Standards,Sponsorship,Sponsorship declared in the register,False,2025-09-10,2026-07-18
D-000629,M-00200,South Cambridgeshire District Council,South Cambridgeshire District Council,St Neots East,Councillor,Employment,Licences to occupy land,Licences to occupy land declared in the register,False,2023-10-30,2024-08-19
D-000630,M-00200,South Cambridgeshire District Council,South Cambridgeshire District Council,St Neots East,Councillor,Audit and Governance,Trade union membership,Trade union membership declared in the register,False,2024-11-25,2025-03-26
D-000631,M-00201,Huntingdonshire District Council,Huntingdonshire District Council,St Neots Eynesbury,Councillor,Employment,Membership of a body exercising public functions,Membership of a body exercising public functions declared in the register,False,2024-11-13,2025-04-12
D-000632,M-00201,Huntingdonshire District Council,Huntingdonshire District Council,St Neots Eynesbury,Councillor,Audit and Governance,Land and property in the area,Land and property in the area declared in the register,False,2023-05-10,2024-04-07
D-000633,M-00201,Huntingdonshire District Council,Huntingdonshire District Council,St Neots Eynesbury,Councillor,Licensing,Contracts with the authority,Contracts with the authority declared in the register,False,2024-07-04,2025-06-22
D-000634,M-00201,Huntingdonshire District Council,Huntingdonshire District Council,St Neots Eynesbury,Councillor,Employment,Sponsorship,Sponsorship declared in the register,False,2025-10-10,2026-09-06
D-000635,M-00201,Huntingdonshire District Council,Huntingdonshire District Council,St Neots Eynesbury,Councillor,Overview and Scrutiny,Corporate tenancies,Corporate tenancies declared in the register,False,2023-11-17,2024-08-18
D-000636,M-00202,St Ives Town Council,Huntingdonshire District Council,Hemingfords,Councillor,Standards,"Employment, office, trade or profession",Employment declared in the register,False,2024-08-24,2025-04-28
D-000637,M-00203,Cambridgeshire County Council,Cambridgeshire County Council,Little Paxton,Chair,Finance,Membership of a body exercising public functions,Membership of a body exercising public functions declared in the register,False,2023-08-06,2024-06-05
D-000638,M-00203,Cambridgeshire County Council,Cambridgeshire County Council,Little Paxton,Chair,Corporate Governance,Trade union membership,Trade union membership declared in the register,False,2024-05-26,2025-04-30
D-000639,M-00204,Ramsey Town Council,Huntingdonshire District Council,Ramsey,Councillor,Corporate Governance,"Employment, office, trade or profession",Employment declared in the register,False,2025-06-06,2025-10-14
D-000640,M-00204,Ramsey Town Council,Huntingdonshire District Council,Ramsey,Councillor,Health and Wellbeing,Corporate tenancies,Corporate tenancies declared in the register,False,2024-10-16,2025-04-19
D-000641,M-00204,Ramsey Town Council,Huntingdonshire District Council,Ramsey,Councillor,Corporate Governance,Corporate tenancies,Corporate tenancies declared in the register,False,2025-07-26,2026-04-21
D-000642,M-00204,Ramsey Town Council,Huntingdonshire District Council,Ramsey,Councillor,(none),Contracts with the authority,Contracts with the authority declared in the register,False,2024-03-02,2024-03-19
D-000643,M-00205,Ramsey Town Council,Huntingdonshire District Council,Little Paxton,Committee Member,Standards,Licences to occupy land,Licences to occupy land declared in the register,False,2024-12-09,2024-12-26
D-000644,M-00205,Ramsey Town Council,Huntingdonshire District Council,Little Paxton,Committee Member,Employment,Sponsorship,Sponsorship declared in the register,False,2025-06-01,2025-10-12
D-000645,M-00205,Ramsey Town Council,Huntingdonshire District Council,Little Paxton,Committee Member,Standards,Land and property in the area,Land and property in the area declared in the register,False,2025-03-31,2025-05-07
D-000646,M-00205,Ramsey Town Council,Huntingdonshire District Council,Little Paxton,Committee Member,Corporate Governance,Corporate tenancies,Corporate tenancies declared in the register,False,2025-08-15,2026-02-12
D-000647,M-00205,Ramsey Town Council,Huntingdonshire District Council,Little Paxton,Committee Member,Finance,Securities,Securities declared in the register,False,2023-07-10,2024-07-30
D-000648,M-00206,Cambridgeshire County Council,Cambridgeshire County Council,Brampton,Committee Member,Licensing,"Employment, office, trade or profession",Employment declared in the register,False,2025-04-12,2026-01-15
D-000649,M-00206,Cambridgeshire County Council,Cambridgeshire County Council,Brampton,Committee Member,Overview and Scrutiny,Membership of a political party,Membership of a political party declared in the register,False,2024-11-12,2025-07-18
D-000650,M-00206,Cambridgeshire County Council,Cambridgeshire County Council,Brampton,Committee Member,Overview and Scrutiny,Corporate tenancies,Corporate tenancies declared in the register,False,2025-02-10,2025-10-31
D-000651,M-00206,Cambridgeshire County Council,Cambridgeshire County Council,Brampton,Committee Member,Overview and Scrutiny,Licences to occupy land,Licences to occupy land declared in the register,False,2025-07-23,2025-09-29
D-000652,M-00206,Cambridgeshire County Council,Cambridgeshire County Council,Brampton,Committee Member,Licensing,Trade union membership,Trade union membership declared in the register,False,2024-08-21,2025-09-17
D-000653,M-00207,Huntingdonshire District Council,Huntingdonshire District Council,Fenstanton,Committee Member,Health and Wellbeing,Licences to occupy land,Licences to occupy land declared in the register,False,2023-05-12,2023-07-28
D-000654,M-00207,Huntingdonshire District Council,Huntingdonshire District Council,Fenstanton,Committee Member,Standards,Contracts with the authority,Contracts with the authority declared in the register,False,2024-06-01,2024-08-24
D-000655,M-00208,Ramsey Town Council,Huntingdonshire District Council,St Ives East,Committee Member,Standards,Sponsorship,Sponsorship declared in the register,False,2025-07-28,2026-06-02
D-000656,M-00208,Ramsey Town Council,Huntingdonshire District Council,St Ives East,Committee Member,(none),Membership of a political party,Membership of a political party declared in the register,False,2025-09-22,2026-09-24
D-000657,M-00208,Ramsey Town Council,Huntingdonshire District Council,St Ives East,Committee Member,Environment,Directorship,Directorship declared in the register,False,2023-09-14,2024-05-19
D-000658,M-00208,Ramsey Town Council,Huntingdonshire District Council,St Ives East,Committee Member,Standards,Licences to occupy land,Licences to occupy land declared in the register,False,2025-05-28,2025-08-09
D-000659,M-00208,Ramsey Town Council,Huntingdonshire District Council,St Ives East,Committee Member,Licensing,Sponsorship,Sponsorship declared in the register,False,2023-11-26,2024-06-20
D-000660,M-00209,Cambridgeshire County Council,Cambridgeshire County Council,Buckden,Councillor,(none),Corporate tenancies,Corporate tenancies declared in the register,False,2024-11-03,2025-05-19
D-000661,M-00210,Huntingdon Town Council,Huntingdonshire District Council,St Neots Eynesbury,Cabinet Member,Licensing,"Employment, office, trade or profession",Employment declared in the register,False,2025-05-26,2025-12-12
D-000662,M-00210,Huntingdon Town Council,Huntingdonshire District Council,St Neots Eynesbury,Cabinet Member,Audit and Governance,Membership of a political party,Membership of a political party declared in the register,False,2024-07-08,2024-11-28
D-000663,M-00211,South Cambridgeshire District Council,South Cambridgeshire District Council,Yaxley,Cabinet Member,Environment,Land and property in the area,Land and property in the area declared in the register,False,2023-09-29,2024-07-03
D-000664,M-00211,South Cambridgeshire District Council,South Cambridgeshire District Council,Yaxley,Cabinet Member,Corporate Governance,Securities,Securities declared in the register,False,2024-12-10,2025-07-04
D-000665,M-00211,South Cambridgeshire District Council,South Cambridgeshire District Council,Yaxley,Cabinet Member,Environment,Sponsorship,Sponsorship declared in the register,False,2024-02-01,2024-09-02
D-000666,M-00212,Ramsey Town Council,Huntingdonshire District Council,Huntingdon North,Councillor,Audit and Governance,Membership of a charity or voluntary body,Membership of a charity or voluntary body declared in the register,False,2024-09-15,2025-01-30
D-000667,M-00213,St Ives Town Council,Huntingdonshire District Council,Huntingdon North,Committee Member,Finance,"Employment, office, trade or profession",Employment declared in the register,False,2023-08-07,2024-05-28
D-000668,M-00213,St Ives Town Council,Huntingdonshire District Council,Huntingdon North,Committee Member,Employment,Directorship,Directorship declared in the register,False,2024-03-13,2024-05-25
D-000669,M-00213,St Ives Town Council,Huntingdonshire District Council,Huntingdon North,Committee Member,Licensing,Membership of a political party,Membership of a political party declared in the register,False,2024-09-26,2025-07-28
D-000670,M-00213,St Ives Town Council,Huntingdonshire District Council,Huntingdon North,Committee Member,Environment,Securities,Securities declared in the register,False,2024-04-17,2025-05-12
D-000671,M-00213,St Ives Town Council,Huntingdonshire District Council,Huntingdon North,Committee Member,Finance,Sponsorship,Sponsorship declared in the register,False,2025-03-26,2025-09-24
D-000672,M-00214,Cambridgeshire County Council,Cambridgeshire County Council,Buckden,Councillor,Audit and Governance,"Employment, office, trade or profession",Employment declared in the register,False,2024-08-31,2025-02-05
D-000673,M-00214,Cambridgeshire County Council,Cambridgeshire County Council,Buckden,Councillor,Audit and Governance,Contracts with the authority,Contracts with the authority declared in the register,False,2024-05-25,2024-10-22
D-000674,M-00214,Cambridgeshire County Council,Cambridgeshire County Council,Buckden,Councillor,Overview and Scrutiny,Sensitive interest (withheld under s.32),,True,2024-02-16,2024-09-20
D-000675,M-00214,Cambridgeshire County Council,Cambridgeshire County Council,Buckden,Councillor,Standards,Membership of a body exercising public functions,Membership of a body exercising public functions declared in the register,False,2023-11-08,2024-09-21
D-000676,M-00215,St Ives Town Council,Huntingdonshire District Council,Huntingdon West,Cabinet Member,Finance,Membership of a charity or voluntary body,Membership of a charity or voluntary body declared in the register,False,2024-06-01,2025-03-04
D-000677,M-00215,St Ives Town Council,Huntingdonshire District Council,Huntingdon West,Cabinet Member,Health and Wellbeing,Securities,Securities declared in the register,False,2024-11-16,2025-01-22
D-000678,M-00215,St Ives Town Council,Huntingdonshire District Council,Huntingdon West,Cabinet Member,Planning,Membership of a body exercising public functions,Membership of a body exercising public functions declared in the register,False,2023-09-23,2024-08-12
D-000679,M-00215,St Ives Town Council,Huntingdonshire District Council,Huntingdon West,Cabinet Member,Health and Wellbeing,Securities,Securities declared in the register,False,2024-06-16,2024-11-16
D-000680,M-00216,South Cambridgeshire District Council,South Cambridgeshire District Council,St Ives East,Councillor,Licensing,Sensitive interest (withheld under s.32),,True,2024-11-04,2025-08-06
D-000681,M-00216,South Cambridgeshire District Council,South Cambridgeshire District Council,St Ives East,Councillor,Health and Wellbeing,Membership of a body exercising public functions,Membership of a body exercising public functions declared in the register,False,2024-08-29,2025-05-22
D-000682,M-00216,South Cambridgeshire District Council,South Cambridgeshire District Council,St Ives East,Councillor,Corporate Governance,Membership of a political party,Membership of a political party declared in the register,False,2024-04-18,2024-06-10
D-000683,M-00217,Ramsey Town Council,Huntingdonshire District Council,St Ives West,Committee Member,Licensing,Corporate tenancies,Corporate tenancies declared in the register,False,2024-04-27,2024-10-22
D-000684,M-00217,Ramsey Town Council,Huntingdonshire District Council,St Ives West,Committee Member,Overview and Scrutiny,Membership of a body exercising public functions,Membership of a body exercising public functions declared in the register,False,2025-05-18,2025-10-11
D-000685,M-00218,South Cambridgeshire District Council,South Cambridgeshire District Council,St Ives West,Cabinet Member,Overview and Scrutiny,Membership of a charity or voluntary body,Membership of a charity or voluntary body declared in the register,False,2025-09-10,2025-10-03
D-000686,M-00218,South Cambridgeshire District Council,South Cambridgeshire District Council,St Ives West,Cabinet Member,Health and Wellbeing,Membership of a political party,Membership of a political party declared in the register,False,2024-08-11,2025-05-30
D-000687,M-00218,South Cambridgeshire District Council,South Cambridgeshire District Council,St Ives West,Cabinet Member,Health and Wellbeing,Trade union membership,Trade union membership declared in the register,False,2023-05-19,2023-08-17
D-000688,M-00218,South Cambridgeshire District Council,South Cambridgeshire District Council,St Ives West,Cabinet Member,Environment,"Employment, office, trade or profession",Employment declared in the register,False,2024-11-21,2025-07-15
D-000689,M-00219,St Ives Town Council,Huntingdonshire District Council,St Neots Eynesbury,Councillor,Corporate Governance,Land and property in the area,Land and property in the area declared in the register,False,2024-09-22,2025-04-30
D-000690,M-00220,Huntingdon Town Council,Huntingdonshire District Council,Ramsey,Committee Member,Standards,Trade union membership,Trade union membership declared in the register,False,2023-07-23,2024-02-01
D-000691,M-00220,Huntingdon Town Council,Huntingdonshire District Council,Ramsey,Committee Member,Corporate Governance,Membership of a charity or voluntary body,Membership of a charity or voluntary body declared in the register,False,2024-07-20,2025-05-15
D-000692,M-00221,Huntingdonshire District Council,Huntingdonshire District Council,Huntingdon East,Councillor,Planning,Contracts with the authority,Contracts with the authority declared in the register,False,2023-06-14,2024-01-05
D-000693,M-00221,Huntingdonshire District Council,Huntingdonshire District Council,Huntingdon East,Councillor,(none),Sensitive interest (withheld under s.32),,True,2024-05-02,2024-08-15
D-000694,M-00222,Huntingdon Town Council,Huntingdonshire District Council,St Ives West,Councillor,Employment,Membership of a body exercising public functions,Membership of a body exercising public functions declared in the register,False,2025-07-10,2025-11-13
D-000695,M-00222,Huntingdon Town Council,Huntingdonshire District Council,St Ives West,Councillor,(none),Membership of a body exercising public functions,Membership of a body exercising public functions declared in the register,False,2024-01-22,2024-06-09
D-000696,M-00223,Huntingdonshire District Council,Huntingdonshire District Council,Huntingdon North,Councillor,Employment,Membership of a charity or voluntary body,Membership of a charity or voluntary body declared in the register,False,2025-06-08,2026-01-23
D-000697,M-00223,Huntingdonshire District Council,Huntingdonshire District Council,Huntingdon North,Councillor,Health and Wellbeing,"Employment, office, trade or profession",Employment declared in the register,False,2025-07-08,2025-10-09
D-000698,M-00223,Huntingdonshire District Council,Huntingdonshire District Council,Huntingdon North,Councillor,Employment,Contracts with the authority,Contracts with the authority declared in the register,False,2025-10-13,2025-11-14
D-000699,M-00223,Huntingdonshire District Council,Huntingdonshire District Council,Huntingdon North,Councillor,Audit and Governance,Directorship,Directorship declared in the register,False,2024-11-04,2025-05-26
D-000700,M-00223,Huntingdonshire District Council,Huntingdonshire District Council,Huntingdon North,Councillor,Audit and Governance,Membership of a charity or voluntary body,Membership of a charity or voluntary body declared in the register,False,2023-12-12,2024-12-31
D-000701,M-00224,Cambridgeshire County Council,Cambridgeshire County Council,St Ives East,Chair,Planning,Membership of a body exercising public functions,Membership of a body exercising public functions declared in the register,False,2024-09-30,2025-05-28
D-000702,M-00224,Cambridgeshire County Council,Cambridgeshire County Council,St Ives East,Chair,Health and Wellbeing,"Employment, office, trade or profession",Employment declared in the register,False,2024-06-07,2025-03-05
D-000703,M-00224,Cambridgeshire County Council,Cambridgeshire County Council,St Ives East,Chair,Standards,Land and property in the area,Land and property in the area declared in the register,False,2023-11-27,2024-06-16
D-000704,M-00225,Cambridgeshire County Council,Cambridgeshire County Council,Buckden,Councillor,Health and Wellbeing,Licences to occupy land,Licences to occupy land declared in the register,False,2023-08-28,2024-08-19
D-000705,M-00225,Cambridgeshire County Council,Cambridgeshire County Council,Buckden,Councillor,Corporate Governance,Membership of a body exercising public functions,Membership of a body exercising public functions declared in the register,False,2024-06-22,2025-06-14
D-000706,M-00226,Ramsey Town Council,Huntingdonshire District Council,Warboys,Councillor,(none),Membership of a charity or voluntary body,Membership of a charity or voluntary body declared in the register,False,2025-08-12,2026-08-16
D-000707,M-00227,St Ives Town Council,Huntingdonshire District Council,Huntingdon West,Councillor,Environment,Trade union membership,Trade union membership declared in the register,False,2023-09-18,2024-07-13
D-000708,M-00227,St Ives Town Council,Huntingdonshire District Council,Huntingdon West,Councillor,Planning,Membership of a political party,Membership of a political party declared in the register,False,2023-12-24,2024-10-03
D-000709,M-00227,St Ives Town Council,Huntingdonshire District Council,Huntingdon West,Councillor,Audit and Governance,Membership of a political party,Membership of a political party declared in the register,False,2025-05-29,2025-10-18
D-000710,M-00228,Cambridgeshire County Council,Cambridgeshire County Council,Sawtry,Councillor,(none),Land and property in the area,Land and property in the area declared in the register,False,2024-08-09,2024-12-18
D-000711,M-00228,Cambridgeshire County Council,Cambridgeshire County Council,Sawtry,Councillor,Employment,Sponsorship,Sponsorship declared in the register,False,2025-02-22,2025-06-07
D-000712,M-00228,Cambridgeshire County Council,Cambridgeshire County Council,Sawtry,Councillor,Environment,Directorship,Directorship declared in the register,False,2025-03-15,2025-07-19
D-000713,M-00228,Cambridgeshire County Council,Cambridgeshire County Council,Sawtry,Councillor,Overview and Scrutiny,Directorship,Directorship declared in the register,False,2023-07-08,2024-01-13
D-000714,M-00228,Cambridgeshire County Council,Cambridgeshire County Council,Sawtry,Councillor,Standards,Corporate tenancies,Corporate tenancies declared in the register,False,2024-07-15,2025-02-17
D-000715,M-00229,Huntingdonshire District Council,Huntingdonshire District Council,St Ives East,Councillor,Environment,Corporate tenancies,Corporate tenancies declared in the register,False,2023-12-06,2024-11-05
D-000716,M-00229,Huntingdonshire District Council,Huntingdonshire District Council,St Ives East,Councillor,Overview and Scrutiny,Membership of a charity or voluntary body,Membership of a charity or voluntary body declared in the register,False,2024-09-28,2025-06-21
D-000717,M-00230,Huntingdonshire District Council,Huntingdonshire District Council,Somersham,Cabinet Member,Audit and Governance,Directorship,Directorship declared in the register,False,2024-04-06,2024-10-09
D-000718,M-00230,Huntingdonshire District Council,Huntingdonshire District Council,Somersham,Cabinet Member,(none),Contracts with the authority,Contracts with the authority declared in the register,False,2024-01-21,2024-03-27
D-000719,M-00230,Huntingdonshire District Council,Huntingdonshire District Council,Somersham,Cabinet Member,(none),Sponsorship,Sponsorship declared in the register,False,2024-01-24,2024-07-04
D-000720,M-00230,Huntingdonshire District Council,Huntingdonshire District Council,Somersham,Cabinet Member,Licensing,Membership of a political party,Membership of a political party declared in the register,False,2024-04-09,2025-05-02
D-000721,M-00230,Huntingdonshire District Council,Huntingdonshire District Council,Somersham,Cabinet Member,Licensing,Directorship,Directorship declared in the register,False,2025-09-20,2026-01-04
D-000722,M-00231,Cambridgeshire County Council,Cambridgeshire County Council,Sawtry,Councillor,Audit and Governance,Land and property in the area,Land and property in the area declared in the register,False,2025-07-21,2025-08-28
D-000723,M-00231,Cambridgeshire County Council,Cambridgeshire County Council,Sawtry,Councillor,Health and Wellbeing,"Employment, office, trade or profession",Employment declared in the register,False,2024-05-23,2025-04-16
D-000724,M-00231,Cambridgeshire County Council,Cambridgeshire County Council,Sawtry,Councillor,Health and Wellbeing,Trade union membership,Trade union membership declared in the register,False,2024-11-27,2024-12-17
D-000725,M-00231,Cambridgeshire County Council,Cambridgeshire County Council,Sawtry,Councillor,Employment,Land and property in the area,Land and property in the area declared in the register,False,2024-08-28,2025-01-29
D-000726,M-00231,Cambridgeshire County Council,Cambridgeshire County Council,Sawtry,Councillor,Employment,Contracts with the authority,Contracts with the authority declared in the register,False,2024-09-23,2025-02-18
D-000727,M-00232,Huntingdonshire District Council,Huntingdonshire District Council,Buckden,Councillor,Standards,Licences to occupy land,Licences to occupy land declared in the register,False,2024-06-19,2025-05-15
D-000728,M-00233,Huntingdonshire District Council,Huntingdonshire District Council,Huntingdon North,Committee Member,Finance,"Employment, office, trade or profession",Employment declared in the register,False,2023-08-07,2024-03-15
D-000729,M-00233,Huntingdonshire District Council,Huntingdonshire District Council,Huntingdon North,Committee Member,Employment,Land and property in the area,Land and property in the area declared in the register,False,2025-06-04,2026-01-08
D-000730,M-00233,Huntingdonshire District Council,Huntingdonshire District Council,Huntingdon North,Committee Member,Finance,Membership of a body exercising public functions,Membership of a body exercising public functions declared in the register,False,2024-06-24,2024-11-10
D-000731,M-00233,Huntingdonshire District Council,Huntingdonshire District Council,Huntingdon North,Committee Member,Planning,Licences to occupy land,Licences to occupy land declared in the register,False,2025-10-06,2026-02-28
D-000732,M-00233,Huntingdonshire District Council,Huntingdonshire District Council,Huntingdon North,Committee Member,Planning,Trade union membership,Trade union membership declared in the register,False,2025-06-15,2025-08-30
D-000733,M-00234,Huntingdonshire District Council,Huntingdonshire District Council,Brampton,Councillor,Standards,Licences to occupy land,Licences to occupy land declared in the register,False,2023-05-05,2023-08-05
D-000734,M-00234,Huntingdonshire District Council,Huntingdonshire District Council,Brampton,Councillor,Corporate Governance,Securities,Securities declared in the register,False,2025-06-06,2026-03-30
D-000735,M-00234,Huntingdonshire District Council,Huntingdonshire District Council,Brampton,Councillor,Audit and Governance,Licences to occupy land,Licences to occupy land declared in the register,False,2025-05-26,2025-10-06
D-000736,M-00235,Ramsey Town Council,Huntingdonshire District Council,Fenstanton,Councillor,Employment,Membership of a political party,Membership of a political party declared in the register,False,2023-10-13,2024-05-06
D-000737,M-00235,Ramsey Town Council,Huntingdonshire District Council,Fenstanton,Councillor,Licensing,Trade union membership,Trade union membership declared in the register,False,2023-12-09,2024-03-31
D-000738,M-00236,Ramsey Town Council,Huntingdonshire District Council,Yaxley,Councillor,Environment,Corporate tenancies,Corporate tenancies declared in the register,False,2024-08-13,2024-10-06
D-000739,M-00236,Ramsey Town Council,Huntingdonshire District Council,Yaxley,Councillor,Environment,Trade union membership,Trade union membership declared in the register,False,2023-10-09,2024-06-19
D-000740,M-00237,Cambridgeshire County Council,Cambridgeshire County Council,Brampton,Councillor,Health and Wellbeing,Membership of a charity or voluntary body,Membership of a charity or voluntary body declared in the register,False,2024-01-12,2024-06-15
D-000741,M-00238,South Cambridgeshire District Council,South Cambridgeshire District Council,Huntingdon North,Councillor,Planning,Land and property in the area,Land and property in the area declared in the register,False,2024-04-21,2024-08-14
D-000742,M-00239,South Cambridgeshire District Council,South Cambridgeshire District Council,Sawtry,Councillor,Standards,Land and property in the area,Land and property in the area declared in the register,False,2025-07-20,2026-05-21
D-000743,M-00240,Huntingdonshire District Council,Huntingdonshire District Council,St Ives South,Councillor,Planning,"Employment, office, trade or profession",Employment declared in the register,False,2024-03-08,2024-03-16
D-000744,M-00240,Huntingdonshire District Council,Huntingdonshire District Council,St Ives South,Councillor,Audit and Governance,Directorship,Directorship declared in the register,False,2023-08-28,2023-12-04
D-000745,M-00241,Huntingdon Town Council,Huntingdonshire District Council,Hemingfords,Councillor,Licensing,"Employment, office, trade or profession",Employment declared in the register,False,2025-01-29,2025-03-14
D-000746,M-00241,Huntingdon Town Council,Huntingdonshire District Council,Hemingfords,Councillor,Standards,Membership of a political party,Membership of a political party declared in the register,False,2023-09-24,2024-08-06
D-000747,M-00242,Cambridgeshire County Council,Cambridgeshire County Council,Hemingfords,Committee Member,Planning,Licences to occupy land,Licences to occupy land declared in the register,False,2024-10-30,2024-12-21
D-000748,M-00242,Cambridgeshire County Council,Cambridgeshire County Council,Hemingfords,Committee Member,Planning,Land and property in the area,Land and property in the area declared in the register,False,2024-04-06,2024-06-09
D-000749,M-00242,Cambridgeshire County Council,Cambridgeshire County Council,Hemingfords,Committee Member,Overview and Scrutiny,Corporate tenancies,Corporate tenancies declared in the register,False,2023-10-26,2024-08-19
D-000750,M-00242,Cambridgeshire County Council,Cambridgeshire County Council,Hemingfords,Committee Member,Environment,Sponsorship,Sponsorship declared in the register,False,2023-07-01,2024-02-16
D-000751,M-00242,Cambridgeshire County Council,Cambridgeshire County Council,Hemingfords,Committee Member,Standards,Contracts with the authority,Contracts with the authority declared in the register,False,2023-08-18,2024-01-31
D-000752,M-00243,Huntingdon Town Council,Huntingdonshire District Council,St Ives South,Councillor,Health and Wellbeing,Membership of a charity or voluntary body,Membership of a charity or voluntary body declared in the register,False,2025-06-10,2026-06-16
D-000753,M-00244,Huntingdon Town Council,Huntingdonshire District Council,Huntingdon North,Councillor,Overview and Scrutiny,"Employment, office, trade or profession",Employment declared in the register,False,2023-11-06,2024-05-20
D-000754,M-00245,Ramsey Town Council,Huntingdonshire District Council,Somersham,Councillor,Health and Wellbeing,Trade union membership,Trade union membership declared in the register,False,2025-09-16,2026-05-25
D-000755,M-00245,Ramsey Town Council,Huntingdonshire District Council,Somersham,Councillor,Environment,Sensitive interest (withheld under s.32),,True,2023-05-23,2024-03-18
D-000756,M-00245,Ramsey Town Council,Huntingdonshire District Council,Somersham,Councillor,Planning,Membership of a body exercising public functions,Membership of a body exercising public functions declared in the register,False,2023-09-22,2024-01-25
D-000757,M-00245,Ramsey Town Council,Huntingdonshire District Council,Somersham,Councillor,Planning,Securities,Securities declared in the register,False,2023-07-09,2023-11-02
D-000758,M-00245,Ramsey Town Council,Huntingdonshire District Council,Somersham,Councillor,Employment,Membership of a political party,Membership of a political party declared in the register,False,2023-12-23,2025-01-23
D-000759,M-00246,Huntingdonshire District Council,Huntingdonshire District Council,Yaxley,Vice-Chair,Planning,Licences to occupy land,Licences to occupy land declared in the register,False,2025-01-27,2025-12-16
D-000760,M-00246,Huntingdonshire District Council,Huntingdonshire District Council,Yaxley,Vice-Chair,Overview and Scrutiny,Land and property in the area,Land and property in the area declared in the register,False,2024-01-21,2024-06-20
D-000761,M-00246,Huntingdonshire District Council,Huntingdonshire District Council,Yaxley,Vice-Chair,Finance,Membership of a political party,Membership of a political party declared in the register,False,2024-11-29,2025-01-09
D-000762,M-00247,Huntingdon Town Council,Huntingdonshire District Council,Sawtry,Cabinet Member,Standards,Licences to occupy land,Licences to occupy land declared in the register,False,2025-05-21,2026-04-14
D-000763,M-00247,Huntingdon Town Council,Huntingdonshire District Council,Sawtry,Cabinet Member,Employment,Directorship,Directorship declared in the register,False,2023-09-15,2024-08-31
D-000764,M-00247,Huntingdon Town Council,Huntingdonshire District Council,Sawtry,Cabinet Member,Planning,Corporate tenancies,Corporate tenancies declared in the register,False,2023-05-12,2023-08-12
D-000765,M-00248,Cambridgeshire County Council,Cambridgeshire County Council,St Ives South,Councillor,Employment,Directorship,Directorship declared in the register,False,2024-10-21,2025-01-27
D-000766,M-00248,Cambridgeshire County Council,Cambridgeshire County Council,St Ives South,Councillor,Corporate Governance,"Employment, office, trade or profession",Employment declared in the register,False,2023-09-19,2024-04-11
D-000767,M-00248,Cambridgeshire County Council,Cambridgeshire County Council,St Ives South,Councillor,Overview and Scrutiny,Sponsorship,Sponsorship declared in the register,False,2023-11-07,2023-12-25
D-000768,M-00248,Cambridgeshire County Council,Cambridgeshire County Council,St Ives South,Councillor,Finance,Membership of a charity or voluntary body,Membership of a charity or voluntary body declared in the register,False,2024-11-14,2025-02-18
D-000769,M-00249,Ramsey Town Council,Huntingdonshire District Council,St Ives South,Councillor,Employment,Corporate tenancies,Corporate tenancies declared in the register,False,2024-04-22,2025-04-11
D-000770,M-00249,Ramsey Town Council,Huntingdonshire District Council,St Ives South,Councillor,Audit and Governance,Contracts with the authority,Contracts with the authority declared in the register,False,2024-02-17,2024-10-11
D-000771,M-00250,Ramsey Town Council,Huntingdonshire District Council,St Ives South,Councillor,(none),Directorship,Directorship declared in the register,False,2025-05-09,2025-10-27
D-000772,M-00250,Ramsey Town Council,Huntingdonshire District Council,St Ives South,Councillor,Finance,"Employment, office, trade or profession",Employment declared in the register,False,2025-04-19,2025-08-10
D-000773,M-00250,Ramsey Town Council,Huntingdonshire District Council,St Ives South,Councillor,Standards,Contracts with the authority,Contracts with the authority declared in the register,False,2025-01-02,2025-12-15
D-000774,M-00250,Ramsey Town Council,Huntingdonshire District Council,St Ives South,Councillor,Planning,Trade union membership,Trade union membership declared in the register,False,2023-10-08,2024-01-21
D-000775,M-00250,Ramsey Town Council,Huntingdonshire District Council,St Ives South,Councillor,Licensing,Corporate tenancies,Corporate tenancies declared in the register,False,2025-01-17,2025-12-19
D-000776,M-00251,South Cambridgeshire District Council,South Cambridgeshire District Council,St Ives West,Committee Member,Corporate Governance,Corporate tenancies,Corporate tenancies declared in the register,False,2025-03-17,2026-02-24
D-000777,M-00251,South Cambridgeshire District Council,South Cambridgeshire District Council,St Ives West,Committee Member,Health and Wellbeing,Sponsorship,Sponsorship declared in the register,False,2024-12-07,2025-01-15
D-000778,M-00251,South Cambridgeshire District Council,South Cambridgeshire District Council,St Ives West,Committee Member,Planning,Directorship,Directorship declared in the register,False,2024-06-19,2024-10-25
D-000779,M-00252,South Cambridgeshire District Council,South Cambridgeshire District Council,St Ives East,Committee Member,Licensing,Corporate tenancies,Corporate tenancies declared in the register,False,2025-07-17,2026-06-30
D-000780,M-00252,South Cambridgeshire District Council,South Cambridgeshire District Council,St Ives East,Committee Member,(none),"Employment, office, trade or profession",Employment declared in the register,False,2024-06-03,2025-01-11
D-000781,M-00252,South Cambridgeshire District Council,South Cambridgeshire District Council,St Ives East,Committee Member,Employment,Membership of a charity or voluntary body,Membership of a charity or voluntary body declared in the register,False,2024-07-19,2025-03-15
D-000782,M-00253,Huntingdon Town Council,Huntingdonshire District Council,St Neots Eynesbury,Councillor,Health and Wellbeing,Membership of a charity or voluntary body,Membership of a charity or voluntary body declared in the register,False,2025-10-13,2026-01-28
D-000783,M-00253,Huntingdon Town Council,Huntingdonshire District Council,St Neots Eynesbury,Councillor,Environment,Membership of a charity or voluntary body,Membership of a charity or voluntary body declared in the register,False,2025-01-05,2026-02-01
D-000784,M-00253,Huntingdon Town Council,Huntingdonshire District Council,St Neots Eynesbury,Councillor,Planning,Sponsorship,Sponsorship declared in the register,False,2024-10-17,2024-11-19
D-000785,M-00253,Huntingdon Town Council,Huntingdonshire District Council,St Neots Eynesbury,Councillor,Environment,Sponsorship,Sponsorship declared in the register,False,2023-10-31,2024-02-22
D-000786,M-00254,Ramsey Town Council,Huntingdonshire District Council,Little Paxton,Committee Member,(none),Contracts with the authority,Contracts with the authority declared in the register,False,2024-09-04,2024-10-10
D-000787,M-00254,Ramsey Town Council,Huntingdonshire District Council,Little Paxton,Committee Member,Audit and Governance,Land and property in the area,Land and property in the area declared in the register,False,2024-03-21,2024-04-06
D-000788,M-00254,Ramsey Town Council,Huntingdonshire District Council,Little Paxton,Committee Member,Audit and Governance,Sensitive interest (withheld under s.32),,True,2023-06-14,2024-03-01
D-000789,M-00254,Ramsey Town Council,Huntingdonshire District Council,Little Paxton,Committee Member,Standards,Membership of a body exercising public functions,Membership of a body exercising public functions declared in the register,False,2024-09-07,2025-03-11
D-000790,M-00254,Ramsey Town Council,Huntingdonshire District Council,Little Paxton,Committee Member,(none),Land and property in the area,Land and property in the area declared in the register,False,2024-06-18,2024-07-23
D-000791,M-00255,Cambridgeshire County Council,Cambridgeshire County Council,Fenstanton,Councillor,Employment,Sponsorship,Sponsorship declared in the register,False,2024-02-27,2024-08-27
D-000792,M-00255,Cambridgeshire County Council,Cambridgeshire County Council,Fenstanton,Councillor,Health and Wellbeing,Land and property in the area,Land and property in the area declared in the register,False,2024-01-09,2024-09-15
D-000793,M-00255,Cambridgeshire County Council,Cambridgeshire County Council,Fenstanton,Councillor,Health and Wellbeing,Membership of a political party,Membership of a political party declared in the register,False,2023-06-13,2023-09-12
D-000794,M-00256,Huntingdon Town Council,Huntingdonshire District Council,Somersham,Committee Member,Overview and Scrutiny,Land and property in the area,Land and property in the area declared in the register,False,2024-02-14,2024-08-08
D-000795,M-00256,Huntingdon Town Council,Huntingdonshire District Council,Somersham,Committee Member,Licensing,"Employment, office, trade or profession",Employment declared in the register,False,2023-07-16,2024-06-24
D-000796,M-00257,Huntingdonshire District Council,Huntingdonshire District Council,Fenstanton,Committee Member,Standards,Land and property in the area,Land and property in the area declared in the register,False,2024-05-02,2024-05-26
D-000797,M-00258,South Cambridgeshire District Council,South Cambridgeshire District Council,Ramsey,Councillor,Planning,Membership of a body exercising public functions,Membership of a body exercising public functions declared in the register,False,2023-10-04,2024-01-06
D-000798,M-00258,South Cambridgeshire District Council,South Cambridgeshire District Council,Ramsey,Councillor,Licensing,Land and property in the area,Land and property in the area declared in the register,False,2024-08-17,2025-06-17
D-000799,M-00258,South Cambridgeshire District Council,South Cambridgeshire District Council,Ramsey,Councillor,(none),Contracts with the authority,Contracts with the authority declared in the register,False,2024-04-10,2024-06-24
D-000800,M-00258,South Cambridgeshire District Council,South Cambridgeshire District Council,Ramsey,Councillor,Employment,"Employment, office, trade or profession",Employment declared in the register,False,2025-03-13,2025-10-30
D-000801,M-00258,South Cambridgeshire District Council,South Cambridgeshire District Council,Ramsey,Councillor,(none),Licences to occupy land,Licences to occupy land declared in the register,False,2024-06-14,2025-03-22
D-000802,M-00259,Cambridgeshire County Council,Cambridgeshire County Council,Hemingfords,Committee Member,Planning,"Employment, office, trade or profession",Employment declared in the register,False,2025-03-07,2025-03-21
D-000803,M-00259,Cambridgeshire County Council,Cambridgeshire County Council,Hemingfords,Committee Member,Overview and Scrutiny,Trade union membership,Trade union membership declared in the register,False,2025-08-09,2026-08-29
D-000804,M-00260,St Ives Town Council,Huntingdonshire District Council,Alconbury,Vice-Chair,Planning,Trade union membership,Trade union membership declared in the register,False,2024-02-19,2024-04-23
D-000805,M-00260,St Ives Town Council,Huntingdonshire District Council,Alconbury,Vice-Chair,Standards,Membership of a body exercising public functions,Membership of a body exercising public functions declared in the register,False,2024-08-08,2024-11-28
D-000806,M-00260,St Ives Town Council,Huntingdonshire District Council,Alconbury,Vice-Chair,Corporate Governance,Membership of a charity or voluntary body,Membership of a charity or voluntary body declared in the register,False,2025-05-20,2025-11-17
D-000807,M-00260,St Ives Town Council,Huntingdonshire District Council,Alconbury,Vice-Chair,Corporate Governance,Land and property in the area,Land and property in the area declared in the register,False,2023-12-09,2024-04-29
D-000808,M-00260,St Ives Town Council,Huntingdonshire District Council,Alconbury,Vice-Chair,Corporate Governance,Membership of a body exercising public functions,Membership of a body exercising public functions declared in the register,False,2023-08-08,2024-03-01
D-000809,M-00261,Huntingdon Town Council,Huntingdonshire District Council,St Neots East,Committee Member,Planning,Corporate tenancies,Corporate tenancies declared in the register,False,2023-09-19,2023-12-23
D-000810,M-00261,Huntingdon Town Council,Huntingdonshire District Council,St Neots East,Committee Member,Environment,Sponsorship,Sponsorship declared in the register,False,2024-08-11,2025-05-05
D-000811,M-00262,Cambridgeshire County Council,Cambridgeshire County Council,St Neots East,Councillor,Employment,Securities,Securities declared in the register,False,2024-12-12,2025-08-21
D-000812,M-00262,Cambridgeshire County Council,Cambridgeshire County Council,St Neots East,Councillor,Employment,Membership of a political party,Membership of a political party declared in the register,False,2024-05-04,2024-06-10
D-000813,M-00262,Cambridgeshire County Council,Cambridgeshire County Council,St Neots East,Councillor,Planning,Sponsorship,Sponsorship declared in the register,False,2024-09-05,2025-09-12
D-000814,M-00262,Cambridgeshire County Council,Cambridgeshire County Council,St Neots East,Councillor,(none),Land and property in the area,Land and property in the area declared in the register,False,2025-09-14,2026-04-29
D-000815,M-00262,Cambridgeshire County Council,Cambridgeshire County Council,St Neots East,Councillor,Finance,Trade union membership,Trade union membership declared in the register,False,2023-08-29,2024-04-03
D-000816,M-00263,St Ives Town Council,Huntingdonshire District Council,Godmanchester,Councillor,Environment,Corporate tenancies,Corporate tenancies declared in the register,False,2023-09-21,2024-08-19
D-000817,M-00263,St Ives Town Council,Huntingdonshire District Council,Godmanchester,Councillor,(none),"Employment, office, trade or profession",Employment declared in the register,False,2024-12-15,2025-06-13
D-000818,M-00263,St Ives Town Council,Huntingdonshire District Council,Godmanchester,Councillor,Corporate Governance,Securities,Securities declared in the register,False,2024-08-28,2025-06-23
D-000819,M-00263,St Ives Town Council,Huntingdonshire District Council,Godmanchester,Councillor,Employment,Corporate tenancies,Corporate tenancies declared in the register,False,2025-06-27,2025-11-12
D-000820,M-00264,Cambridgeshire County Council,Cambridgeshire County Council,St Ives South,Vice-Chair,Planning,Membership of a body exercising public functions,Membership of a body exercising public functions declared in the register,False,2024-08-09,2025-05-30
D-000821,M-00264,Cambridgeshire County Council,Cambridgeshire County Council,St Ives South,Vice-Chair,Employment,Sponsorship,Sponsorship declared in the register,False,2023-06-27,2023-11-21
D-000822,M-00265,Cambridgeshire County Council,Cambridgeshire County Council,Somersham,Cabinet Member,(none),Securities,Securities declared in the register,False,2023-09-28,2023-12-11
D-000823,M-00265,Cambridgeshire County Council,Cambridgeshire County Council,Somersham,Cabinet Member,Overview and Scrutiny,Sponsorship,Sponsorship declared in the register,False,2025-09-16,2026-10-18
D-000824,M-00265,Cambridgeshire County Council,Cambridgeshire County Council,Somersham,Cabinet Member,Health and Wellbeing,"Employment, office, trade or profession",Employment declared in the register,False,2024-01-11,2024-11-05
D-000825,M-00265,Cambridgeshire County Council,Cambridgeshire County Council,Somersham,Cabinet Member,Audit and Governance,Membership of a charity or voluntary body,Membership of a charity or voluntary body declared in the register,False,2024-02-12,2024-02-24
D-000826,M-00266,Ramsey Town Council,Huntingdonshire District Council,Huntingdon East,Committee Member,(none),Directorship,Directorship declared in the register,False,2023-10-26,2023-12-14
D-000827,M-00266,Ramsey Town Council,Huntingdonshire District Council,Huntingdon East,Committee Member,Standards,Sensitive interest (withheld under s.32),,True,2025-08-08,2026-04-24
D-000828,M-00266,Ramsey Town Council,Huntingdonshire District Council,Huntingdon East,Committee Member,Finance,Licences to occupy land,Licences to occupy land declared in the register,False,2023-11-10,2023-11-12
D-000829,M-00267,Ramsey Town Council,Huntingdonshire District Council,Hemingfords,Committee Member,Audit and Governance,Securities,Securities declared in the register,False,2024-02-29,2025-02-18
D-000830,M-00267,Ramsey Town Council,Huntingdonshire District Council,Hemingfords,Committee Member,Audit and Governance,Membership of a charity or voluntary body,Membership of a charity or voluntary body declared in the register,False,2025-02-03,2025-09-01
D-000831,M-00267,Ramsey Town Council,Huntingdonshire District Council,Hemingfords,Committee Member,Finance,Membership of a charity or voluntary body,Membership of a charity or voluntary body declared in the register,False,2024-12-31,2025-06-03
D-000832,M-00267,Ramsey Town Council,Huntingdonshire District Council,Hemingfords,Committee Member,Finance,Securities,Securities declared in the register,False,2024-05-10,2024-11-16
D-000833,M-00267,Ramsey Town Council,Huntingdonshire District Council,Hemingfords,Committee Member,Environment,Directorship,Directorship declared in the register,False,2025-02-02,2026-01-27
D-000834,M-00268,Huntingdon Town Council,Huntingdonshire District Council,Yaxley,Councillor,Audit and Governance,Licences to occupy land,Licences to occupy land declared in the register,False,2025-05-27,2026-01-14
D-000835,M-00268,Huntingdon Town Council,Huntingdonshire District Council,Yaxley,Councillor,Employment,Membership of a charity or voluntary body,Membership of a charity or voluntary body declared in the register,False,2024-11-02,2025-02-01
D-000836,M-00269,Ramsey Town Council,Huntingdonshire District Council,St Neots Eynesbury,Councillor,Planning,Trade union membership,Trade union membership declared in the register,False,2025-04-04,2025-07-22
D-000837,M-00269,Ramsey Town Council,Huntingdonshire District Council,St Neots Eynesbury,Councillor,Standards,Licences to occupy land,Licences to occupy land declared in the register,False,2024-04-27,2025-04-01
D-000838,M-00269,Ramsey Town Council,Huntingdonshire District Council,St Neots Eynesbury,Councillor,Overview and Scrutiny,Membership of a political party,Membership of a political party declared in the register,False,2024-01-23,2024-12-03
D-000839,M-00269,Ramsey Town Council,Huntingdonshire District Council,St Neots Eynesbury,Councillor,Corporate Governance,Sponsorship,Sponsorship declared in the register,False,2025-09-13,2025-10-24
D-000840,M-00269,Ramsey Town Council,Huntingdonshire District Council,St Neots Eynesbury,Councillor,Health and Wellbeing,Membership of a body exercising public functions,Membership of a body exercising public functions declared in the register,False,2023-06-04,2023-12-17
D-000841,M-00270,Huntingdon Town Council,Huntingdonshire District Council,Warboys,Vice-Chair,(none),Securities,Securities declared in the register,False,2025-02-19,2026-01-05
D-000842,M-00270,Huntingdon Town Council,Huntingdonshire District Council,Warboys,Vice-Chair,Employment,Membership of a political party,Membership of a political party declared in the register,False,2024-08-20,2025-03-11
D-000843,M-00271,Huntingdon Town Council,Huntingdonshire District Council,St Ives South,Councillor,Planning,Membership of a political party,Membership of a political party declared in the register,False,2025-02-18,2025-11-24
D-000844,M-00271,Huntingdon Town Council,Huntingdonshire District Council,St Ives South,Councillor,Planning,Trade union membership,Trade union membership declared in the register,False,2024-09-20,2024-12-04
D-000845,M-00272,Huntingdonshire District Council,Huntingdonshire District Council,Alconbury,Councillor,Standards,Corporate tenancies,Corporate tenancies declared in the register,False,2025-08-09,2025-12-06
D-000846,M-00273,Ramsey Town Council,Huntingdonshire District Council,Alconbury,Chair,Standards,Land and property in the area,Land and property in the area declared in the register,False,2024-09-03,2024-09-03
D-000847,M-00274,Ramsey Town Council,Huntingdonshire District Council,Fenstanton,Councillor,Licensing,Trade union membership,Trade union membership declared in the register,False,2025-08-05,2026-06-14
D-000848,M-00274,Ramsey Town Council,Huntingdonshire District Council,Fenstanton,Councillor,Licensing,Securities,Securities declared in the register,False,2025-09-27,2026-01-29
D-000849,M-00274,Ramsey Town Council,Huntingdonshire District Council,Fenstanton,Councillor,Overview and Scrutiny,Corporate tenancies,Corporate tenancies declared in the register,False,2025-09-29,2026-04-20
D-000850,M-00274,Ramsey Town Council,Huntingdonshire District Council,Fenstanton,Councillor,Standards,Licences to occupy land,Licences to occupy land declared in the register,False,2025-01-14,2025-12-23
D-000851,M-00275,Huntingdon Town Council,Huntingdonshire District Council,St Ives East,Vice-Chair,Standards,Membership of a charity or voluntary body,Membership of a charity or voluntary body declared in the register,False,2024-12-17,2025-10-13
D-000852,M-00275,Huntingdon Town Council,Huntingdonshire District Council,St Ives East,Vice-Chair,Planning,Sponsorship,Sponsorship declared in the register,False,2023-07-07,2024-05-09
D-000853,M-00276,St Ives Town Council,Huntingdonshire District Council,Little Paxton,Mayor,Standards,Securities,Securities declared in the register,False,2024-11-05,2025-11-09
D-000854,M-00277,Huntingdonshire District Council,Huntingdonshire District Council,Somersham,Councillor,Health and Wellbeing,Land and property in the area,Land and property in the area declared in the register,False,2023-05-29,2023-10-19
D-000855,M-00277,Huntingdonshire District Council,Huntingdonshire District Council,Somersham,Councillor,Audit and Governance,Securities,Securities declared in the register,False,2024-08-06,2025-03-12
D-000856,M-00277,Huntingdonshire District Council,Huntingdonshire District Council,Somersham,Councillor,Overview and Scrutiny,Corporate tenancies,Corporate tenancies declared in the register,False,2025-02-10,2025-04-26
D-000857,M-00278,South Cambridgeshire District Council,South Cambridgeshire District Council,St Neots Eynesbury,Councillor,Corporate Governance,Corporate tenancies,Corporate tenancies declared in the register,False,2024-01-09,2024-07-14
D-000858,M-00278,South Cambridgeshire District Council,South Cambridgeshire District Council,St Neots Eynesbury,Councillor,Employment,Membership of a body exercising public functions,Membership of a body exercising public functions declared in the register,False,2024-05-19,2025-05-18
D-000859,M-00278,South Cambridgeshire District Council,South Cambridgeshire District Council,St Neots Eynesbury,Councillor,Planning,"Employment, office, trade or profession",Employment declared in the register,False,2025-04-16,2025-10-22
D-000860,M-00278,South Cambridgeshire District Council,South Cambridgeshire District Council,St Neots Eynesbury,Councillor,Corporate Governance,Membership of a charity or voluntary body,Membership of a charity or voluntary body declared in the register,False,2023-06-03,2024-05-01
D-000861,M-00279,St Ives Town Council,Huntingdonshire District Council,Sawtry,Councillor,(none),"Employment, office, trade or profession",Employment declared in the register,False,2023-09-14,2024-02-12
D-000862,M-00279,St Ives Town Council,Huntingdonshire District Council,Sawtry,Councillor,(none),Membership of a charity or voluntary body,Membership of a charity or voluntary body declared in the register,False,2025-06-03,2025-08-18
D-000863,M-00279,St Ives Town Council,Huntingdonshire District Council,Sawtry,Councillor,Corporate Governance,Licences to occupy land,Licences to occupy land declared in the register,False,2024-03-06,2024-07-14
D-000864,M-00280,Ramsey Town Council,Huntingdonshire District Council,Sawtry,Councillor,Overview and Scrutiny,Directorship,Directorship declared in the register,False,2025-09-19,2026-02-19
D-000865,M-00280,Ramsey Town Council,Huntingdonshire District Council,Sawtry,Councillor,Overview and Scrutiny,Securities,Securities declared in the register,False,2025-04-04,2026-04-03
D-000866,M-00280,Ramsey Town Council,Huntingdonshire District Council,Sawtry,Councillor,Finance,Membership of a charity or voluntary body,Membership of a charity or voluntary body declared in the register,False,2023-05-10,2024-05-18
D-000867,M-00280,Ramsey Town Council,Huntingdonshire District Council,Sawtry,Councillor,Finance,Land and property in the area,Land and property in the area declared in the register,False,2023-05-25,2023-08-29
D-000868,M-00281,South Cambridgeshire District Council,South Cambridgeshire District Council,St Neots East,Chair,Audit and Governance,"Employment, office, trade or profession",Employment declared in the register,False,2023-10-10,2024-11-04
D-000869,M-00282,Cambridgeshire County Council,Cambridgeshire County Council,Fenstanton,Vice-Chair,Employment,Directorship,Directorship declared in the register,False,2025-10-13,2026-01-14
D-000870,M-00282,Cambridgeshire County Council,Cambridgeshire County Council,Fenstanton,Vice-Chair,Overview and Scrutiny,Land and property in the area,Land and property in the area declared in the register,False,2025-04-14,2025-07-11
D-000871,M-00282,Cambridgeshire County Council,Cambridgeshire County Council,Fenstanton,Vice-Chair,Overview and Scrutiny,Licences to occupy land,Licences to occupy land declared in the register,False,2025-01-25,2025-08-20
D-000872,M-00282,Cambridgeshire County Council,Cambridgeshire County Council,Fenstanton,Vice-Chair,Environment,Membership of a body exercising public functions,Membership of a body exercising public functions declared in the register,False,2025-06-26,2026-03-08
D-000873,M-00282,Cambridgeshire County Council,Cambridgeshire County Council,Fenstanton,Vice-Chair,Planning,Land and property in the area,Land and property in the area declared in the register,False,2023-09-01,2023-09-18
D-000874,M-00283,Huntingdon Town Council,Huntingdonshire District Council,Warboys,Councillor,Planning,Securities,Securities declared in the register,False,2024-02-24,2025-03-04
D-000875,M-00283,Huntingdon Town Council,Huntingdonshire District Council,Warboys,Councillor,Corporate Governance,Sponsorship,Sponsorship declared in the register,False,2023-05-03,2023-10-24
D-000876,M-00283,Huntingdon Town Council,Huntingdonshire District Council,Warboys,Councillor,Finance,"Employment, office, trade or profession",Employment declared in the register,False,2024-03-06,2024-10-11
D-000877,M-00283,Huntingdon Town Council,Huntingdonshire District Council,Warboys,Councillor,Employment,Land and property in the area,Land and property in the area declared in the register,False,2025-09-14,2026-07-27
D-000878,M-00283,Huntingdon Town Council,Huntingdonshire District Council,Warboys,Councillor,Finance,Trade union membership,Trade union membership declared in the register,False,2023-12-29,2024-02-15
D-000879,M-00284,Ramsey Town Council,Huntingdonshire District Council,Fenstanton,Committee Member,Overview and Scrutiny,Contracts with the authority,Contracts with the authority declared in the register,False,2024-02-28,2024-04-11
D-000880,M-00284,Ramsey Town Council,Huntingdonshire District Council,Fenstanton,Committee Member,Licensing,Land and property in the area,Land and property in the area declared in the register,False,2023-06-06,2024-03-17
D-000881,M-00284,Ramsey Town Council,Huntingdonshire District Council,Fenstanton,Committee Member,Standards,Trade union membership,Trade union membership declared in the register,False,2023-05-03,2023-05-13
D-000882,M-00285,Cambridgeshire County Council,Cambridgeshire County Council,St Ives East,Cabinet Member,Audit and Governance,Membership of a body exercising public functions,Membership of a body exercising public functions declared in the register,False,2025-09-27,2026-01-09
D-000883,M-00285,Cambridgeshire County Council,Cambridgeshire County Council,St Ives East,Cabinet Member,Licensing,Contracts with the authority,Contracts with the authority declared in the register,False,2025-09-02,2025-11-29
D-000884,M-00285,Cambridgeshire County Council,Cambridgeshire County Council,St Ives East,Cabinet Member,(none),Land and property in the area,Land and property in the area declared in the register,False,2024-09-12,2024-10-04
D-000885,M-00285,Cambridgeshire County Council,Cambridgeshire County Council,St Ives East,Cabinet Member,Standards,Securities,Securities declared in the register,False,2025-06-23,2026-07-21
D-000886,M-00286,Huntingdon Town Council,Huntingdonshire District Council,Brampton,Committee Member,Overview and Scrutiny,Land and property in the area,Land and property in the area declared in the register,False,2024-07-28,2024-09-24
D-000887,M-00287,Huntingdonshire District Council,Huntingdonshire District Council,Yaxley,Cabinet Member,Overview and Scrutiny,Membership of a body exercising public functions,Membership of a body exercising public functions declared in the register,False,2025-02-06,2025-10-17
D-000888,M-00287,Huntingdonshire District Council,Huntingdonshire District Council,Yaxley,Cabinet Member,Health and Wellbeing,Sponsorship,Sponsorship declared in the register,False,2024-06-04,2025-03-31
D-000889,M-00287,Huntingdonshire District Council,Huntingdonshire District Council,Yaxley,Cabinet Member,(none),Contracts with the authority,Contracts with the authority declared in the register,False,2024-02-11,2024-12-14
D-000890,M-00287,Huntingdonshire District Council,Huntingdonshire District Council,Yaxley,Cabinet Member,(none),Sponsorship,Sponsorship declared in the register,False,2023-05-16,2024-01-12
D-000891,M-00287,Huntingdonshire District Council,Huntingdonshire District Council,Yaxley,Cabinet Member,Environment,Contracts with the authority,Contracts with the authority declared in the register,False,2025-09-15,2026-06-29
D-000892,M-00288,Ramsey Town Council,Huntingdonshire District Council,Yaxley,Chair,Planning,Securities,Securities declared in the register,False,2025-09-21,2026-04-21
D-000893,M-00288,Ramsey Town Council,Huntingdonshire District Council,Yaxley,Chair,(none),Sponsorship,Sponsorship declared in the register,False,2024-04-05,2024-05-02
D-000894,M-00288,Ramsey Town Council,Huntingdonshire District Council,Yaxley,Chair,Employment,Securities,Securities declared in the register,False,2025-06-17,2026-05-12
D-000895,M-00288,Ramsey Town Council,Huntingdonshire District Council,Yaxley,Chair,Planning,Membership of a charity or voluntary body,Membership of a charity or voluntary body declared in the register,False,2023-08-07,2024-03-06
D-000896,M-00288,Ramsey Town Council,Huntingdonshire District Council,Yaxley,Chair,Overview and Scrutiny,"Employment, office, trade or profession",Employment declared in the register,False,2025-04-28,2026-03-12
D-000897,M-00289,Cambridgeshire County Council,Cambridgeshire County Council,Buckden,Councillor,Finance,Membership of a body exercising public functions,Membership of a body exercising public functions declared in the register,False,2025-07-28,2025-08-02
D-000898,M-00289,Cambridgeshire County Council,Cambridgeshire County Council,Buckden,Councillor,Corporate Governance,Licences to occupy land,Licences to occupy land declared in the register,False,2024-05-22,2025-05-14
D-000899,M-00290,Huntingdonshire District Council,Huntingdonshire District Council,Fenstanton,Cabinet Member,Finance,Trade union membership,Trade union membership declared in the register,False,2024-02-17,2024-04-09
D-000900,M-00290,Huntingdonshire District Council,Huntingdonshire District Council,Fenstanton,Cabinet Member,Corporate Governance,Land and property in the area,Land and property in the area declared in the register,False,2025-02-25,2025-12-25
D-000901,M-00291,South Cambridgeshire District Council,South Cambridgeshire District Council,Fenstanton,Committee Member,Environment,Corporate tenancies,Corporate tenancies declared in the register,False,2024-05-21,2024-07-25
D-000902,M-00291,South Cambridgeshire District Council,South Cambridgeshire District Council,Fenstanton,Committee Member,Audit and Governance,Membership of a political party,Membership of a political party declared in the register,False,2024-08-07,2024-10-19
D-000903,M-00292,St Ives Town Council,Huntingdonshire District Council,Warboys,Councillor,Finance,Membership of a body exercising public functions,Membership of a body exercising public functions declared in the register,False,2024-03-17,2024-09-05
D-000904,M-00292,St Ives Town Council,Huntingdonshire District Council,Warboys,Councillor,Standards,Licences to occupy land,Licences to occupy land declared in the register,False,2024-04-26,2024-06-10
D-000905,M-00293,Ramsey Town Council,Huntingdonshire District Council,Little Paxton,Councillor,Finance,Directorship,Directorship declared in the register,False,2024-07-18,2025-02-05
D-000906,M-00293,Ramsey Town Council,Huntingdonshire District Council,Little Paxton,Councillor,Employment,Securities,Securities declared in the register,False,2025-03-10,2025-12-03
D-000907,M-00293,Ramsey Town Council,Huntingdonshire District Council,Little Paxton,Councillor,Overview and Scrutiny,Membership of a charity or voluntary body,Membership of a charity or voluntary body declared in the register,False,2023-09-08,2024-07-24
D-000908,M-00294,St Ives Town Council,Huntingdonshire District Council,Fenstanton,Cabinet Member,Planning,Land and property in the area,Land and property in the area declared in the register,False,2024-03-28,2025-01-05
D-000909,M-00294,St Ives Town Council,Huntingdonshire District Council,Fenstanton,Cabinet Member,Standards,Securities,Securities declared in the register,False,2024-06-29,2024-09-22
D-000910,M-00294,St Ives Town Council,Huntingdonshire District Council,Fenstanton,Cabinet Member,Audit and Governance,Sponsorship,Sponsorship declared in the register,False,2024-04-10,2024-06-27
D-000911,M-00294,St Ives Town Council,Huntingdonshire District Council,Fenstanton,Cabinet Member,Audit and Governance,Sponsorship,Sponsorship declared in the register,False,2024-09-22,2024-11-24
D-000912,M-00295,Cambridgeshire County Council,Cambridgeshire County Council,Buckden,Councillor,Health and Wellbeing,Trade union membership,Trade union membership declared in the register,False,2025-08-24,2025-12-16
D-000913,M-00295,Cambridgeshire County Council,Cambridgeshire County Council,Buckden,Councillor,Corporate Governance,Membership of a body exercising public functions,Membership of a body exercising public functions declared in the register,False,2023-05-12,2024-03-29
D-000914,M-00295,Cambridgeshire County Council,Cambridgeshire County Council,Buckden,Councillor,Environment,"Employment, office, trade or profession",Employment declared in the register,False,2023-10-30,2023-11-02
D-000915,M-00295,Cambridgeshire County Council,Cambridgeshire County Council,Buckden,Councillor,Standards,Contracts with the authority,Contracts with the authority declared in the register,False,2024-03-09,2025-02-27
D-000916,M-00295,Cambridgeshire County Council,Cambridgeshire County Council,Buckden,Councillor,(none),Corporate tenancies,Corporate tenancies declared in the register,False,2024-07-02,2025-04-07
D-000917,M-00296,Cambridgeshire County Council,Cambridgeshire County Council,St Neots East,Councillor,Audit and Governance,Membership of a political party,Membership of a political party declared in the register,False,2023-12-25,2024-01-08
D-000918,M-00296,Cambridgeshire County Council,Cambridgeshire County Council,St Neots East,Councillor,Audit and Governance,Corporate tenancies,Corporate tenancies declared in the register,False,2023-12-11,2024-09-07
D-000919,M-00296,Cambridgeshire County Council,Cambridgeshire County Council,St Neots East,Councillor,(none),Directorship,Directorship declared in the register,False,2023-12-15,2024-07-21
D-000920,M-00297,Huntingdon Town Council,Huntingdonshire District Council,Yaxley,Committee Member,Health and Wellbeing,Membership of a body exercising public functions,Membership of a body exercising public functions declared in the register,False,2024-11-10,2025-09-05
D-000921,M-00297,Huntingdon Town Council,Huntingdonshire District Council,Yaxley,Committee Member,Overview and Scrutiny,"Employment, office, trade or profession",Employment declared in the register,False,2025-08-17,2026-06-30
D-000922,M-00297,Huntingdon Town Council,Huntingdonshire District Council,Yaxley,Committee Member,(none),Sponsorship,Sponsorship declared in the register,False,2025-03-08,2026-02-16
D-000923,M-00298,Cambridgeshire County Council,Cambridgeshire County Council,St Neots Eynesbury,Councillor,Licensing,Land and property in the area,Land and property in the area declared in the register,False,2025-08-05,2025-08-10
D-000924,M-00298,Cambridgeshire County Council,Cambridgeshire County Council,St Neots Eynesbury,Councillor,Employment,Trade union membership,Trade union membership declared in the register,False,2024-02-03,2024-09-26
D-000925,M-00298,Cambridgeshire County Council,Cambridgeshire County Council,St Neots Eynesbury,Councillor,Licensing,Contracts with the authority,Contracts with the authority declared in the register,False,2025-10-09,2026-02-13
D-000926,M-00299,Ramsey Town Council,Huntingdonshire District Council,St Ives East,Vice-Chair,Standards,Land and property in the area,Land and property in the area declared in the register,False,2024-12-20,2025-10-30
D-000927,M-00300,Cambridgeshire County Council,Cambridgeshire County Council,Sawtry,Councillor,Planning,Sensitive interest (withheld under s.32),,True,2025-10-01,2026-07-28
D-000928,M-00300,Cambridgeshire County Council,Cambridgeshire County Council,Sawtry,Councillor,Overview and Scrutiny,Corporate tenancies,Corporate tenancies declared in the register,False,2025-01-20,2025-09-05
D-000929,M-00300,Cambridgeshire County Council,Cambridgeshire County Council,Sawtry,Councillor,Environment,Sponsorship,Sponsorship declared in the register,False,2024-01-09,2024-05-20
D-000930,M-00301,Huntingdon Town Council,Huntingdonshire District Council,Hemingfords,Councillor,Overview and Scrutiny,Trade union membership,Trade union membership declared in the register,False,2023-11-18,2024-05-12
D-000931,M-00301,Huntingdon Town Council,Huntingdonshire District Council,Hemingfords,Councillor,Standards,Membership of a body exercising public functions,Membership of a body exercising public functions declared in the register,False,2025-07-18,2026-02-08
D-000932,M-00301,Huntingdon Town Council,Huntingdonshire District Council,Hemingfords,Councillor,Corporate Governance,Membership of a political party,Membership of a political party declared in the register,False,2024-03-17,2024-11-08
D-000933,M-00301,Huntingdon Town Council,Huntingdonshire District Council,Hemingfords,Councillor,Finance,Membership of a charity or voluntary body,Membership of a charity or voluntary body declared in the register,False,2023-07-29,2023-10-07
D-000934,M-00302,Cambridgeshire County Council,Cambridgeshire County Council,Buckden,Councillor,Finance,Corporate tenancies,Corporate tenancies declared in the register,False,2023-10-14,2024-07-05
D-000935,M-00302,Cambridgeshire County Council,Cambridgeshire County Council,Buckden,Councillor,Corporate Governance,Land and property in the area,Land and property in the area declared in the register,False,2024-11-02,2025-07-16
D-000936,M-00303,Huntingdonshire District Council,Huntingdonshire District Council,Alconbury,Councillor,Finance,Directorship,Directorship declared in the register,False,2024-05-31,2025-02-16
D-000937,M-00303,Huntingdonshire District Council,Huntingdonshire District Council,Alconbury,Councillor,Environment,Membership of a charity or voluntary body,Membership of a charity or voluntary body declared in the register,False,2024-05-18,2024-07-11
D-000938,M-00304,Cambridgeshire County Council,Cambridgeshire County Council,Somersham,Mayor,Standards,Land and property in the area,Land and property in the area declared in the register,False,2025-04-15,2025-09-26
D-000939,M-00304,Cambridgeshire County Council,Cambridgeshire County Council,Somersham,Mayor,Finance,Membership of a charity or voluntary body,Membership of a charity or voluntary body declared in the register,False,2023-09-28,2024-02-06
D-000940,M-00304,Cambridgeshire County Council,Cambridgeshire County Council,Somersham,Mayor,Corporate Governance,Membership of a charity or voluntary body,Membership of a charity or voluntary body declared in the register,False,2025-09-14,2026-01-30
D-000941,M-00304,Cambridgeshire County Council,Cambridgeshire County Council,Somersham,Mayor,Planning,Licences to occupy land,Licences to occupy land declared in the register,False,2025-08-24,2025-10-27
D-000942,M-00305,South Cambridgeshire District Council,South Cambridgeshire District Council,Sawtry,Councillor,Environment,Corporate tenancies,Corporate tenancies declared in the register,False,2024-09-07,2025-10-07
D-000943,M-00305,South Cambridgeshire District Council,South Cambridgeshire District Council,Sawtry,Councillor,(none),Contracts with the authority,Contracts with the authority declared in the register,False,2023-08-12,2023-09-03
D-000944,M-00305,South Cambridgeshire District Council,South Cambridgeshire District Council,Sawtry,Councillor,Finance,Trade union membership,Trade union membership declared in the register,False,2025-10-07,2026-02-16
D-000945,M-00305,South Cambridgeshire District Council,South Cambridgeshire District Council,Sawtry,Councillor,Standards,Membership of a body exercising public functions,Membership of a body exercising public functions declared in the register,False,2025-09-02,2026-05-10
D-000946,M-00305,South Cambridgeshire District Council,South Cambridgeshire District Council,Sawtry,Councillor,Health and Wellbeing,Sensitive interest (withheld under s.32),,True,2023-08-01,2023-12-09
D-000947,M-00306,South Cambridgeshire District Council,South Cambridgeshire District Council,Alconbury,Mayor,Health and Wellbeing,Licences to occupy land,Licences to occupy land declared in the register,False,2024-02-16,2024-10-24
D-000948,M-00306,South Cambridgeshire District Council,South Cambridgeshire District Council,Alconbury,Mayor,Licensing,"Employment, office, trade or profession",Employment declared in the register,False,2024-02-22,2025-03-17
D-000949,M-00307,South Cambridgeshire District Council,South Cambridgeshire District Council,Yaxley,Councillor,Corporate Governance,Land and property in the area,Land and property in the area declared in the register,False,2024-02-21,2024-02-23
D-000950,M-00307,South Cambridgeshire District Council,South Cambridgeshire District Council,Yaxley,Councillor,Corporate Governance,Corporate tenancies,Corporate tenancies declared in the register,False,2025-01-15,2026-01-24
D-000951,M-00307,South Cambridgeshire District Council,South Cambridgeshire District Council,Yaxley,Councillor,Standards,Contracts with the authority,Contracts with the authority declared in the register,False,2023-06-13,2023-08-01
D-000952,M-00307,South Cambridgeshire District Council,South Cambridgeshire District Council,Yaxley,Councillor,Planning,Land and property in the area,Land and property in the area declared in the register,False,2023-12-05,2024-08-28
D-000953,M-00308,Huntingdonshire District Council,Huntingdonshire District Council,Brampton,Councillor,Licensing,Directorship,Directorship declared in the register,False,2025-02-24,2025-06-21
D-000954,M-00308,Huntingdonshire District Council,Huntingdonshire District Council,Brampton,Councillor,Overview and Scrutiny,Membership of a political party,Membership of a political party declared in the register,False,2025-05-04,2025-05-13
D-000955,M-00308,Huntingdonshire District Council,Huntingdonshire District Council,Brampton,Councillor,Corporate Governance,Licences to occupy land,Licences to occupy land declared in the register,False,2024-04-13,2024-09-10
D-000956,M-00309,Huntingdon Town Council,Huntingdonshire District Council,Brampton,Councillor,Health and Wellbeing,Membership of a body exercising public functions,Membership of a body exercising public functions declared in the register,False,2023-06-27,2023-12-09
D-000957,M-00309,Huntingdon Town Council,Huntingdonshire District Council,Brampton,Councillor,Health and Wellbeing,Trade union membership,Trade union membership declared in the register,False,2024-09-09,2024-11-08
D-000958,M-00310,Cambridgeshire County Council,Cambridgeshire County Council,St Ives West,Councillor,Corporate Governance,Contracts with the authority,Contracts with the authority declared in the register,False,2024-01-27,2025-01-17
D-000959,M-00310,Cambridgeshire County Council,Cambridgeshire County Council,St Ives West,Councillor,Health and Wellbeing,"Employment, office, trade or profession",Employment declared in the register,False,2024-05-31,2024-11-12
D-000960,M-00310,Cambridgeshire County Council,Cambridgeshire County Council,St Ives West,Councillor,Finance,Directorship,Directorship declared in the register,False,2024-05-02,2025-02-21
D-000961,M-00310,Cambridgeshire County Council,Cambridgeshire County Council,St Ives West,Councillor,Licensing,Licences to occupy land,Licences to occupy land declared in the register,False,2025-03-08,2025-06-04
D-000962,M-00310,Cambridgeshire County Council,Cambridgeshire County Council,St Ives West,Councillor,Planning,Contracts with the authority,Contracts with the authority declared in the register,False,2025-06-03,2025-08-20
D-000963,M-00311,Huntingdon Town Council,Huntingdonshire District Council,Warboys,Councillor,Health and Wellbeing,Sponsorship,Sponsorship declared in the register,False,2024-03-29,2024-05-19
D-000964,M-00311,Huntingdon Town Council,Huntingdonshire District Council,Warboys,Councillor,Licensing,Land and property in the area,Land and property in the area declared in the register,False,2025-05-03,2025-09-16
D-000965,M-00312,Huntingdon Town Council,Huntingdonshire District Council,Somersham,Councillor,Employment,Securities,Securities declared in the register,False,2023-07-03,2023-09-18
D-000966,M-00313,St Ives Town Council,Huntingdonshire District Council,Little Paxton,Committee Member,Audit and Governance,Sensitive interest (withheld under s.32),,True,2025-01-08,2026-01-04
D-000967,M-00313,St Ives Town Council,Huntingdonshire District Council,Little Paxton,Committee Member,Corporate Governance,Membership of a political party,Membership of a political party declared in the register,False,2024-08-31,2025-09-13
D-000968,M-00313,St Ives Town Council,Huntingdonshire District Council,Little Paxton,Committee Member,Corporate Governance,Membership of a body exercising public functions,Membership of a body exercising public functions declared in the register,False,2025-09-16,2025-12-02
D-000969,M-00314,Huntingdonshire District Council,Huntingdonshire District Council,Hemingfords,Chair,Environment,Land and property in the area,Land and property in the area declared in the register,False,2024-10-11,2025-06-07
D-000970,M-00314,Huntingdonshire District Council,Huntingdonshire District Council,Hemingfords,Chair,Corporate Governance,Contracts with the authority,Contracts with the authority declared in the register,False,2024-01-22,2024-06-11
D-000971,M-00315,St Ives Town Council,Huntingdonshire District Council,St Ives South,Committee Member,Employment,Membership of a political party,Membership of a political party declared in the register,False,2024-06-18,2024-12-25
D-000972,M-00315,St Ives Town Council,Huntingdonshire District Council,St Ives South,Committee Member,(none),Corporate tenancies,Corporate tenancies declared in the register,False,2024-03-13,2024-09-29
D-000973,M-00315,St Ives Town Council,Huntingdonshire District Council,St Ives South,Committee Member,Corporate Governance,"Employment, office, trade or profession",Employment declared in the register,False,2025-07-11,2026-04-25
D-000974,M-00315,St Ives Town Council,Huntingdonshire District Council,St Ives South,Committee Member,Environment,Sponsorship,Sponsorship declared in the register,False,2024-08-02,2025-04-21
D-000975,M-00316,Cambridgeshire County Council,Cambridgeshire County Council,Huntingdon West,Councillor,Licensing,Licences to occupy land,Licences to occupy land declared in the register,False,2025-09-15,2026-02-15
D-000976,M-00316,Cambridgeshire County Council,Cambridgeshire County Council,Huntingdon West,Councillor,Licensing,Securities,Securities declared in the register,False,2025-03-05,2025-03-07
D-000977,M-00316,Cambridgeshire County Council,Cambridgeshire County Council,Huntingdon West,Councillor,Planning,Corporate tenancies,Corporate tenancies declared in the register,False,2025-05-26,2025-08-01
D-000978,M-00316,Cambridgeshire County Council,Cambridgeshire County Council,Huntingdon West,Councillor,Environment,Directorship,Directorship declared in the register,False,2025-02-17,2025-08-17
D-000979,M-00316,Cambridgeshire County Council,Cambridgeshire County Council,Huntingdon West,Councillor,Overview and Scrutiny,Land and property in the area,Land and property in the area declared in the register,False,2025-01-11,2025-07-10
D-000980,M-00317,Huntingdonshire District Council,Huntingdonshire District Council,St Ives West,Cabinet Member,Overview and Scrutiny,Land and property in the area,Land and property in the area declared in the register,False,2025-05-05,2026-04-10
D-000981,M-00317,Huntingdonshire District Council,Huntingdonshire District Council,St Ives West,Cabinet Member,Standards,Corporate tenancies,Corporate tenancies declared in the register,False,2025-02-08,2025-02-15
D-000982,M-00317,Huntingdonshire District Council,Huntingdonshire District Council,St Ives West,Cabinet Member,Finance,Directorship,Directorship declared in the register,False,2024-05-14,2024-11-07
D-000983,M-00317,Huntingdonshire District Council,Huntingdonshire District Council,St Ives West,Cabinet Member,Environment,Licences to occupy land,Licences to occupy land declared in the register,False,2023-07-21,2024-04-20
D-000984,M-00318,Huntingdonshire District Council,Huntingdonshire District Council,St Ives South,Committee Member,Standards,Contracts with the authority,Contracts with the authority declared in the register,False,2024-07-22,2024-11-02
D-000985,M-00318,Huntingdonshire District Council,Huntingdonshire District Council,St Ives South,Committee Member,Finance,Sensitive interest (withheld under s.32),,True,2025-08-15,2026-04-28
D-000986,M-00318,Huntingdonshire District Council,Huntingdonshire District Council,St Ives South,Committee Member,Planning,Contracts with the authority,Contracts with the authority declared in the register,False,2024-04-27,2025-02-18
D-000987,M-00318,Huntingdonshire District Council,Huntingdonshire District Council,St Ives South,Committee Member,Licensing,Directorship,Directorship declared in the register,False,2025-08-01,2026-05-03
D-000988,M-00318,Huntingdonshire District Council,Huntingdonshire District Council,St Ives South,Committee Member,Standards,Membership of a political party,Membership of a political party declared in the register,False,2024-12-03,2025-11-24
D-000989,M-00319,Huntingdon Town Council,Huntingdonshire District Council,Godmanchester,Councillor,Overview and Scrutiny,Licences to occupy land,Licences to occupy land declared in the register,False,2023-08-25,2023-12-17
D-000990,M-00319,Huntingdon Town Council,Huntingdonshire District Council,Godmanchester,Councillor,(none),Membership of a charity or voluntary body,Membership of a charity or voluntary body declared in the register,False,2023-06-26,2023-11-16
D-000991,M-00320,Ramsey Town Council,Huntingdonshire District Council,Fenstanton,Councillor,Planning,Membership of a body exercising public functions,Membership of a body exercising public functions declared in the register,False,2025-01-13,2025-08-03
D-000992,M-00321,St Ives Town Council,Huntingdonshire District Council,Hemingfords,Mayor,(none),Sensitive interest (withheld under s.32),,True,2023-08-29,2023-12-27
D-000993,M-00321,St Ives Town Council,Huntingdonshire District Council,Hemingfords,Mayor,(none),Membership of a political party,Membership of a political party declared in the register,False,2024-01-24,2025-02-19
D-000994,M-00321,St Ives Town Council,Huntingdonshire District Council,Hemingfords,Mayor,Employment,Trade union membership,Trade union membership declared in the register,False,2024-01-26,2024-05-01
D-000995,M-00321,St Ives Town Council,Huntingdonshire District Council,Hemingfords,Mayor,Health and Wellbeing,Trade union membership,Trade union membership declared in the register,False,2023-12-01,2025-01-02
D-000996,M-00322,Huntingdon Town Council,Huntingdonshire District Council,Yaxley,Councillor,Employment,Sponsorship,Sponsorship declared in the register,False,2023-05-08,2023-06-18
D-000997,M-00322,Huntingdon Town Council,Huntingdonshire District Council,Yaxley,Councillor,Planning,Contracts with the authority,Contracts with the authority declared in the register,False,2023-06-12,2023-07-03
D-000998,M-00322,Huntingdon Town Council,Huntingdonshire District Council,Yaxley,Councillor,Audit and Governance,Securities,Securities declared in the register,False,2025-06-20,2025-11-05
D-000999,M-00322,Huntingdon Town Council,Huntingdonshire District Council,Yaxley,Councillor,Health and Wellbeing,Sponsorship,Sponsorship declared in the register,False,2023-08-30,2024-09-10
D-001000,M-00323,South Cambridgeshire District Council,South Cambridgeshire District Council,St Neots East,Councillor,Corporate Governance,Contracts with the authority,Contracts with the authority declared in the register,False,2025-09-24,2025-12-25
D-001001,M-00323,South Cambridgeshire District Council,South Cambridgeshire District Council,St Neots East,Councillor,(none),Licences to occupy land,Licences to occupy land declared in the register,False,2025-08-29,2026-03-27
D-001002,M-00323,South Cambridgeshire District Council,South Cambridgeshire District Council,St Neots East,Councillor,Finance,Corporate tenancies,Corporate tenancies declared in the register,False,2024-07-31,2024-11-06
D-001003,M-00323,South Cambridgeshire District Council,South Cambridgeshire District Council,St Neots East,Councillor,Employment,Licences to occupy land,Licences to occupy land declared in the register,False,2025-06-10,2025-10-01
D-001004,M-00324,Huntingdonshire District Council,Huntingdonshire District Council,St Ives South,Councillor,Audit and Governance,Sponsorship,Sponsorship declared in the register,False,2023-12-07,2024-10-22
D-001005,M-00325,Ramsey Town Council,Huntingdonshire District Council,Warboys,Councillor,Planning,Land and property in the area,Land and property in the area declared in the register,False,2024-02-20,2025-02-27
D-001006,M-00326,Huntingdonshire District Council,Huntingdonshire District Council,Buckden,Councillor,Planning,Trade union membership,Trade union membership declared in the register,False,2025-06-17,2026-05-24
D-001007,M-00326,Huntingdonshire District Council,Huntingdonshire District Council,Buckden,Councillor,Licensing,Trade union membership,Trade union membership declared in the register,False,2025-04-08,2026-01-01
D-001008,M-00326,Huntingdonshire District Council,Huntingdonshire District Council,Buckden,Councillor,(none),Membership of a body exercising public functions,Membership of a body exercising public functions declared in the register,False,2025-07-30,2026-01-16
D-001009,M-00326,Huntingdonshire District Council,Huntingdonshire District Council,Buckden,Councillor,Licensing,Sponsorship,Sponsorship declared in the register,False,2025-05-04,2026-03-15
D-001010,M-00326,Huntingdonshire District Council,Huntingdonshire District Council,Buckden,Councillor,Standards,Securities,Securities declared in the register,False,2024-03-30,2025-04-01
D-001011,M-00327,South Cambridgeshire District Council,South Cambridgeshire District Council,St Neots Eynesbury,Councillor,Environment,Securities,Securities declared in the register,False,2025-06-17,2025-08-10
D-001012,M-00327,South Cambridgeshire District Council,South Cambridgeshire District Council,St Neots Eynesbury,Councillor,Overview and Scrutiny,Directorship,Directorship declared in the register,False,2024-07-21,2024-10-02
D-001013,M-00327,South Cambridgeshire District Council,South Cambridgeshire District Council,St Neots Eynesbury,Councillor,Health and Wellbeing,Corporate tenancies,Corporate tenancies declared in the register,False,2025-08-09,2026-01-16
D-001014,M-00327,South Cambridgeshire District Council,South Cambridgeshire District Council,St Neots Eynesbury,Councillor,Health and Wellbeing,Securities,Securities declared in the register,False,2025-08-19,2026-07-05
D-001015,M-00328,Huntingdon Town Council,Huntingdonshire District Council,Alconbury,Councillor,Finance,Contracts with the authority,Contracts with the authority declared in the register,False,2024-03-18,2025-03-31
D-001016,M-00329,Huntingdon Town Council,Huntingdonshire District Council,Warboys,Councillor,Employment,Licences to occupy land,Licences to occupy land declared in the register,False,2024-11-30,2025-01-05
D-001017,M-00329,Huntingdon Town Council,Huntingdonshire District Council,Warboys,Councillor,Employment,Corporate tenancies,Corporate tenancies declared in the register,False,2023-12-08,2024-08-11
D-001018,M-00329,Huntingdon Town Council,Huntingdonshire District Council,Warboys,Councillor,Corporate Governance,Membership of a body exercising public functions,Membership of a body exercising public functions declared in the register,False,2023-06-29,2024-02-19
D-001019,M-00330,Huntingdonshire District Council,Huntingdonshire District Council,Buckden,Councillor,(none),Securities,Securities declared in the register,False,2025-03-31,2025-07-05
D-001020,M-00330,Huntingdonshire District Council,Huntingdonshire District Council,Buckden,Councillor,Audit and Governance,Directorship,Directorship declared in the register,False,2023-10-23,2024-08-28
D-001021,M-00330,Huntingdonshire District Council,Huntingdonshire District Council,Buckden,Councillor,Overview and Scrutiny,Sponsorship,Sponsorship declared in the register,False,2024-11-22,2025-03-11
D-001022,M-00331,St Ives Town Council,Huntingdonshire District Council,St Neots Eynesbury,Councillor,Audit and Governance,Corporate tenancies,Corporate tenancies declared in the register,False,2024-10-13,2025-05-03
D-001023,M-00331,St Ives Town Council,Huntingdonshire District Council,St Neots Eynesbury,Councillor,Standards,Corporate tenancies,Corporate tenancies declared in the register,False,2025-05-10,2025-09-11
D-001024,M-00331,St Ives Town Council,Huntingdonshire District Council,St Neots Eynesbury,Councillor,Finance,Contracts with the authority,Contracts with the authority declared in the register,False,2025-04-04,2026-04-16
D-001025,M-00331,St Ives Town Council,Huntingdonshire District Council,St Neots Eynesbury,Councillor,Licensing,Membership of a charity or voluntary body,Membership of a charity or voluntary body declared in the register,False,2023-05-13,2023-11-06
D-001026,M-00332,Ramsey Town Council,Huntingdonshire District Council,St Ives West,Councillor,Finance,Licences to occupy land,Licences to occupy land declared in the register,False,2023-05-03,2024-05-19
D-001027,M-00332,Ramsey Town Council,Huntingdonshire District Council,St Ives West,Councillor,Employment,Sponsorship,Sponsorship declared in the register,False,2025-05-09,2025-06-24
D-001028,M-00332,Ramsey Town Council,Huntingdonshire District Council,St Ives West,Councillor,Planning,Sponsorship,Sponsorship declared in the register,False,2025-08-06,2025-11-12
D-001029,M-00332,Ramsey Town Council,Huntingdonshire District Council,St Ives West,Councillor,Employment,Corporate tenancies,Corporate tenancies declared in the register,False,2024-09-12,2025-08-22
D-001030,M-00333,Ramsey Town Council,Huntingdonshire District Council,Sawtry,Vice-Chair,Environment,Sponsorship,Sponsorship declared in the register,False,2024-05-19,2025-05-24
D-001031,M-00333,Ramsey Town Council,Huntingdonshire District Council,Sawtry,Vice-Chair,Corporate Governance,Membership of a political party,Membership of a political party declared in the register,False,2023-07-08,2024-06-05
D-001032,M-00334,Ramsey Town Council,Huntingdonshire District Council,Buckden,Chair,Finance,Sponsorship,Sponsorship declared in the register,False,2024-12-25,2025-04-01
D-001033,M-00334,Ramsey Town Council,Huntingdonshire District Council,Buckden,Chair,Licensing,Licences to occupy land,Licences to occupy land declared in the register,False,2024-03-26,2025-03-11
D-001034,M-00335,Huntingdonshire District Council,Huntingdonshire District Council,St Ives West,Committee Member,Overview and Scrutiny,Membership of a political party,Membership of a political party declared in the register,False,2024-01-27,2024-12-08
D-001035,M-00335,Huntingdonshire District Council,Huntingdonshire District Council,St Ives West,Committee Member,Employment,"Employment, office, trade or profession",Employment declared in the register,False,2025-04-28,2026-03-31
D-001036,M-00335,Huntingdonshire District Council,Huntingdonshire District Council,St Ives West,Committee Member,Standards,Sponsorship,Sponsorship declared in the register,False,2023-05-21,2023-07-17
D-001037,M-00335,Huntingdonshire District Council,Huntingdonshire District Council,St Ives West,Committee Member,Finance,Contracts with the authority,Contracts with the authority declared in the register,False,2024-10-14,2025-09-18
D-001038,M-00335,Huntingdonshire District Council,Huntingdonshire District Council,St Ives West,Committee Member,Environment,Land and property in the area,Land and property in the area declared in the register,False,2024-12-20,2024-12-26
D-001039,M-00336,South Cambridgeshire District Council,South Cambridgeshire District Council,Huntingdon East,Councillor,Licensing,Membership of a charity or voluntary body,Membership of a charity or voluntary body declared in the register,False,2024-10-12,2025-01-31
D-001040,M-00336,South Cambridgeshire District Council,South Cambridgeshire District Council,Huntingdon East,Councillor,Corporate Governance,Membership of a charity or voluntary body,Membership of a charity or voluntary body declared in the register,False,2025-01-26,2025-08-21
D-001041,M-00337,Ramsey Town Council,Huntingdonshire District Council,St Ives South,Chair,Licensing,Contracts with the authority,Contracts with the authority declared in the register,False,2023-06-05,2023-09-28
D-001042,M-00337,Ramsey Town Council,Huntingdonshire District Council,St Ives South,Chair,Overview and Scrutiny,Directorship,Directorship declared in the register,False,2023-08-17,2024-05-14
D-001043,M-00338,Ramsey Town Council,Huntingdonshire District Council,St Ives South,Councillor,Audit and Governance,Membership of a charity or voluntary body,Membership of a charity or voluntary body declared in the register,False,2024-08-22,2024-11-09
D-001044,M-00338,Ramsey Town Council,Huntingdonshire District Council,St Ives South,Councillor,Finance,Membership of a charity or voluntary body,Membership of a charity or voluntary body declared in the register,False,2023-06-07,2024-04-26
D-001045,M-00339,Huntingdon Town Council,Huntingdonshire District Council,St Neots Eynesbury,Councillor,Finance,Licences to occupy land,Licences to occupy land declared in the register,False,2024-05-04,2024-12-10
D-001046,M-00339,Huntingdon Town Council,Huntingdonshire District Council,St Neots Eynesbury,Councillor,(none),Securities,Securities declared in the register,False,2025-09-26,2026-07-31
D-001047,M-00339,Huntingdon Town Council,Huntingdonshire District Council,St Neots Eynesbury,Councillor,Standards,Trade union membership,Trade union membership declared in the register,False,2025-06-12,2025-10-30
D-001048,M-00339,Huntingdon Town Council,Huntingdonshire District Council,St Neots Eynesbury,Councillor,Corporate Governance,Sponsorship,Sponsorship declared in the register,False,2024-07-29,2024-09-19
D-001049,M-00339,Huntingdon Town Council,Huntingdonshire District Council,St Neots Eynesbury,Councillor,(none),Membership of a political party,Membership of a political party declared in the register,False,2023-12-01,2024-10-24
D-001050,M-00340,Huntingdon Town Council,Huntingdonshire District Council,Little Paxton,Councillor,Health and Wellbeing,Licences to occupy land,Licences to occupy land declared in the register,False,2023-10-21,2024-09-20
D-001051,M-00340,Huntingdon Town Council,Huntingdonshire District Council,Little Paxton,Councillor,Employment,Membership of a body exercising public functions,Membership of a body exercising public functions declared in the register,False,2023-11-16,2024-05-05
D-001052,M-00340,Huntingdon Town Council,Huntingdonshire District Council,Little Paxton,Councillor,Overview and Scrutiny,"Employment, office, trade or profession",Employment declared in the register,False,2025-03-01,2025-09-03
D-001053,M-00340,Huntingdon Town Council,Huntingdonshire District Council,Little Paxton,Councillor,Environment,Corporate tenancies,Corporate tenancies declared in the register,False,2024-12-13,2025-10-10
D-001054,M-00341,Huntingdon Town Council,Huntingdonshire District Council,Yaxley,Committee Member,Overview and Scrutiny,Membership of a body exercising public functions,Membership of a body exercising public functions declared in the register,False,2025-03-05,2025-07-04
D-001055,M-00341,Huntingdon Town Council,Huntingdonshire District Council,Yaxley,Committee Member,Licensing,Land and property in the area,Land and property in the area declared in the register,False,2024-04-24,2024-09-02
D-001056,M-00341,Huntingdon Town Council,Huntingdonshire District Council,Yaxley,Committee Member,Standards,Directorship,Directorship declared in the register,False,2024-05-09,2025-05-17
D-001057,M-00341,Huntingdon Town Council,Huntingdonshire District Council,Yaxley,Committee Member,(none),Trade union membership,Trade union membership declared in the register,False,2024-03-06,2024-10-13
D-001058,M-00341,Huntingdon Town Council,Huntingdonshire District Council,Yaxley,Committee Member,Corporate Governance,Trade union membership,Trade union membership declared in the register,False,2024-05-06,2025-06-05
D-001059,M-00342,Cambridgeshire County Council,Cambridgeshire County Council,Fenstanton,Cabinet Member,Health and Wellbeing,Sensitive interest (withheld under s.32),,True,2024-09-08,2025-09-02
D-001060,M-00342,Cambridgeshire County Council,Cambridgeshire County Council,Fenstanton,Cabinet Member,Planning,"Employment, office, trade or profession",Employment declared in the register,False,2025-08-14,2026-05-28
D-001061,M-00342,Cambridgeshire County Council,Cambridgeshire County Council,Fenstanton,Cabinet Member,Finance,Membership of a political party,Membership of a political party declared in the register,False,2024-10-31,2025-04-16
D-001062,M-00342,Cambridgeshire County Council,Cambridgeshire County Council,Fenstanton,Cabinet Member,Planning,Corporate tenancies,Corporate tenancies declared in the register,False,2025-01-12,2025-07-23
D-001063,M-00343,Ramsey Town Council,Huntingdonshire District Council,Buckden,Councillor,Finance,Membership of a body exercising public functions,Membership of a body exercising public functions declared in the register,False,2023-07-11,2024-01-19
D-001064,M-00343,Ramsey Town Council,Huntingdonshire District Council,Buckden,Councillor,Standards,Directorship,Directorship declared in the register,False,2024-04-25,2024-08-19
D-001065,M-00344,St Ives Town Council,Huntingdonshire District Council,Alconbury,Councillor,Standards,Membership of a political party,Membership of a political party declared in the register,False,2024-12-13,2025-06-27
D-001066,M-00344,St Ives Town Council,Huntingdonshire District Council,Alconbury,Councillor,Employment,Securities,Securities declared in the register,False,2025-02-12,2025-06-20
D-001067,M-00344,St Ives Town Council,Huntingdonshire District Council,Alconbury,Councillor,Employment,Land and property in the area,Land and property in the area declared in the register,False,2024-05-21,2024-10-23
D-001068,M-00344,St Ives Town Council,Huntingdonshire District Council,Alconbury,Councillor,(none),Licences to occupy land,Licences to occupy land declared in the register,False,2023-06-14,2023-09-17
D-001069,M-00345,St Ives Town Council,Huntingdonshire District Council,St Ives South,Chair,Overview and Scrutiny,Licences to occupy land,Licences to occupy land declared in the register,False,2025-08-11,2025-11-13
D-001070,M-00345,St Ives Town Council,Huntingdonshire District Council,St Ives South,Chair,(none),Contracts with the authority,Contracts with the authority declared in the register,False,2024-10-12,2025-09-06
D-001071,M-00346,Cambridgeshire County Council,Cambridgeshire County Council,Buckden,Vice-Chair,Audit and Governance,Trade union membership,Trade union membership declared in the register,False,2024-05-26,2024-10-27
D-001072,M-00346,Cambridgeshire County Council,Cambridgeshire County Council,Buckden,Vice-Chair,Planning,Directorship,Directorship declared in the register,False,2024-07-22,2024-09-21
D-001073,M-00346,Cambridgeshire County Council,Cambridgeshire County Council,Buckden,Vice-Chair,(none),Securities,Securities declared in the register,False,2024-03-01,2025-02-16
D-001074,M-00347,Cambridgeshire County Council,Cambridgeshire County Council,Hemingfords,Councillor,Overview and Scrutiny,Membership of a political party,Membership of a political party declared in the register,False,2023-11-27,2024-08-07
D-001075,M-00347,Cambridgeshire County Council,Cambridgeshire County Council,Hemingfords,Councillor,Health and Wellbeing,Membership of a body exercising public functions,Membership of a body exercising public functions declared in the register,False,2025-08-17,2025-11-14
D-001076,M-00347,Cambridgeshire County Council,Cambridgeshire County Council,Hemingfords,Councillor,Overview and Scrutiny,Directorship,Directorship declared in the register,False,2025-01-21,2026-01-13
D-001077,M-00347,Cambridgeshire County Council,Cambridgeshire County Council,Hemingfords,Councillor,Health and Wellbeing,Trade union membership,Trade union membership declared in the register,False,2023-11-11,2023-11-24
D-001078,M-00348,Huntingdonshire District Council,Huntingdonshire District Council,St Ives East,Committee Member,Standards,Corporate tenancies,Corporate tenancies declared in the register,False,2023-12-15,2024-08-21
D-001079,M-00348,Huntingdonshire District Council,Huntingdonshire District Council,St Ives East,Committee Member,Standards,Contracts with the authority,Contracts with the authority declared in the register,False,2024-07-05,2025-07-06
D-001080,M-00348,Huntingdonshire District Council,Huntingdonshire District Council,St Ives East,Committee Member,(none),Membership of a body exercising public functions,Membership of a body exercising public functions declared in the register,False,2023-11-14,2024-10-23
D-001081,M-00348,Huntingdonshire District Council,Huntingdonshire District Council,St Ives East,Committee Member,Licensing,Membership of a charity or voluntary body,Membership of a charity or voluntary body declared in the register,False,2025-07-15,2026-03-01
D-001082,M-00348,Huntingdonshire District Council,Huntingdonshire District Council,St Ives East,Committee Member,Standards,Corporate tenancies,Corporate tenancies declared in the register,False,2025-07-05,2025-11-03
D-001083,M-00349,Cambridgeshire County Council,Cambridgeshire County Council,Godmanchester,Committee Member,Audit and Governance,Membership of a charity or voluntary body,Membership of a charity or voluntary body declared in the register,False,2025-10-16,2026-05-10
D-001084,M-00349,Cambridgeshire County Council,Cambridgeshire County Council,Godmanchester,Committee Member,(none),Membership of a charity or voluntary body,Membership of a charity or voluntary body declared in the register,False,2023-10-12,2024-04-24
D-001085,M-00350,Huntingdon Town Council,Huntingdonshire District Council,Little Paxton,Vice-Chair,Finance,Directorship,Directorship declared in the register,False,2023-09-06,2024-05-25
D-001086,M-00351,South Cambridgeshire District Council,South Cambridgeshire District Council,Buckden,Mayor,Corporate Governance,Land and property in the area,Land and property in the area declared in the register,False,2023-10-12,2024-10-19
D-001087,M-00351,South Cambridgeshire District Council,South Cambridgeshire District Council,Buckden,Mayor,Corporate Governance,Sponsorship,Sponsorship declared in the register,False,2025-09-17,2025-09-18
D-001088,M-00351,South Cambridgeshire District Council,South Cambridgeshire District Council,Buckden,Mayor,Planning,Corporate tenancies,Corporate tenancies declared in the register,False,2023-11-13,2024-06-10
D-001089,M-00351,South Cambridgeshire District Council,South Cambridgeshire District Council,Buckden,Mayor,Finance,Corporate tenancies,Corporate tenancies declared in the register,False,2025-04-30,2026-02-03
D-001090,M-00351,South Cambridgeshire District Council,South Cambridgeshire District Council,Buckden,Mayor,Licensing,Land and property in the area,Land and property in the area declared in the register,False,2024-06-04,2025-06-12
D-001091,M-00352,Cambridgeshire County Council,Cambridgeshire County Council,Yaxley,Councillor,Employment,Land and property in the area,Land and property in the area declared in the register,False,2025-05-13,2026-03-13
D-001092,M-00353,St Ives Town Council,Huntingdonshire District Council,St Ives East,Committee Member,(none),Land and property in the area,Land and property in the area declared in the register,False,2024-04-11,2024-10-01
D-001093,M-00353,St Ives Town Council,Huntingdonshire District Council,St Ives East,Committee Member,Standards,Land and property in the area,Land and property in the area declared in the register,False,2024-10-01,2024-11-08
D-001094,M-00353,St Ives Town Council,Huntingdonshire District Council,St Ives East,Committee Member,Health and Wellbeing,Directorship,Directorship declared in the register,False,2024-05-18,2025-01-28
D-001095,M-00353,St Ives Town Council,Huntingdonshire District Council,St Ives East,Committee Member,Overview and Scrutiny,Trade union membership,Trade union membership declared in the register,False,2025-07-10,2026-07-18
D-001096,M-00354,Huntingdon Town Council,Huntingdonshire District Council,Warboys,Councillor,Overview and Scrutiny,Securities,Securities declared in the register,False,2024-02-22,2025-01-23
D-001097,M-00354,Huntingdon Town Council,Huntingdonshire District Council,Warboys,Councillor,Corporate Governance,Trade union membership,Trade union membership declared in the register,False,2025-01-05,2026-01-29
D-001098,M-00355,Huntingdonshire District Council,Huntingdonshire District Council,Godmanchester,Councillor,Standards,Contracts with the authority,Contracts with the authority declared in the register,False,2023-11-26,2024-12-14
D-001099,M-00355,Huntingdonshire District Council,Huntingdonshire District Council,Godmanchester,Councillor,Planning,Trade union membership,Trade union membership declared in the register,False,2023-11-28,2024-10-23
D-001100,M-00355,Huntingdonshire District Council,Huntingdonshire District Council,Godmanchester,Councillor,Audit and Governance,Directorship,Directorship declared in the register,False,2023-06-16,2024-06-07
D-001101,M-00355,Huntingdonshire District Council,Huntingdonshire District Council,Godmanchester,Councillor,Standards,Membership of a body exercising public functions,Membership of a body exercising public functions declared in the register,False,2025-08-22,2026-03-19
D-001102,M-00355,Huntingdonshire District Council,Huntingdonshire District Council,Godmanchester,Councillor,Environment,Land and property in the area,Land and property in the area declared in the register,False,2024-02-03,2024-05-06
D-001103,M-00356,Ramsey Town Council,Huntingdonshire District Council,Huntingdon East,Councillor,Employment,Sponsorship,Sponsorship declared in the register,False,2024-04-05,2024-06-18
D-001104,M-00356,Ramsey Town Council,Huntingdonshire District Council,Huntingdon East,Councillor,Planning,Corporate tenancies,Corporate tenancies declared in the register,False,2025-08-16,2026-04-21
D-001105,M-00356,Ramsey Town Council,Huntingdonshire District Council,Huntingdon East,Councillor,Health and Wellbeing,Land and property in the area,Land and property in the area declared in the register,False,2023-05-04,2023-11-11
D-001106,M-00357,Cambridgeshire County Council,Cambridgeshire County Council,Huntingdon North,Committee Member,Corporate Governance,Directorship,Directorship declared in the register,False,2025-02-05,2025-06-13
D-001107,M-00357,Cambridgeshire County Council,Cambridgeshire County Council,Huntingdon North,Committee Member,Overview and Scrutiny,"Employment, office, trade or profession",Employment declared in the register,False,2025-03-04,2026-02-22
D-001108,M-00357,Cambridgeshire County Council,Cambridgeshire County Council,Huntingdon North,Committee Member,Audit and Governance,Licences to occupy land,Licences to occupy land declared in the register,False,2025-06-22,2026-04-17
D-001109,M-00357,Cambridgeshire County Council,Cambridgeshire County Council,Huntingdon North,Committee Member,Health and Wellbeing,Directorship,Directorship declared in the register,False,2023-12-28,2024-09-17
D-001110,M-00357,Cambridgeshire County Council,Cambridgeshire County Council,Huntingdon North,Committee Member,Audit and Governance,Land and property in the area,Land and property in the area declared in the register,False,2024-05-02,2024-06-08
D-001111,M-00358,South Cambridgeshire District Council,South Cambridgeshire District Council,Yaxley,Committee Member,Corporate Governance,Membership of a charity or voluntary body,Membership of a charity or voluntary body declared in the register,False,2024-01-11,2025-01-13
D-001112,M-00358,South Cambridgeshire District Council,South Cambridgeshire District Council,Yaxley,Committee Member,Standards,Securities,Securities declared in the register,False,2024-01-14,2024-08-27
D-001113,M-00358,South Cambridgeshire District Council,South Cambridgeshire District Council,Yaxley,Committee Member,Standards,Trade union membership,Trade union membership declared in the register,False,2025-04-29,2025-06-30
D-001114,M-00358,South Cambridgeshire District Council,South Cambridgeshire District Council,Yaxley,Committee Member,Audit and Governance,Land and property in the area,Land and property in the area declared in the register,False,2024-12-17,2025-06-06
D-001115,M-00358,South Cambridgeshire District Council,South Cambridgeshire District Council,Yaxley,Committee Member,Health and Wellbeing,Corporate tenancies,Corporate tenancies declared in the register,False,2023-09-02,2023-09-20
D-001116,M-00359,Huntingdonshire District Council,Huntingdonshire District Council,Brampton,Councillor,Health and Wellbeing,Sponsorship,Sponsorship declared in the register,False,2023-12-10,2024-03-26
D-001117,M-00359,Huntingdonshire District Council,Huntingdonshire District Council,Brampton,Councillor,Licensing,Licences to occupy land,Licences to occupy land declared in the register,False,2024-06-17,2025-03-11
D-001118,M-00359,Huntingdonshire District Council,Huntingdonshire District Council,Brampton,Councillor,(none),Corporate tenancies,Corporate tenancies declared in the register,False,2025-06-12,2026-05-30
D-001119,M-00360,Huntingdon Town Council,Huntingdonshire District Council,Huntingdon North,Vice-Chair,Environment,Membership of a charity or voluntary body,Membership of a charity or voluntary body declared in the register,False,2024-06-16,2025-02-18
D-001120,M-00360,Huntingdon Town Council,Huntingdonshire District Council,Huntingdon North,Vice-Chair,Health and Wellbeing,"Employment, office, trade or profession",Employment declared in the register,False,2024-12-27,2025-12-27
D-001121,M-00361,St Ives Town Council,Huntingdonshire District Council,Hemingfords,Vice-Chair,Corporate Governance,Directorship,Directorship declared in the register,False,2025-04-03,2025-12-13
D-001122,M-00361,St Ives Town Council,Huntingdonshire District Council,Hemingfords,Vice-Chair,Corporate Governance,Membership of a charity or voluntary body,Membership of a charity or voluntary body declared in the register,False,2023-12-13,2024-06-07
D-001123,M-00361,St Ives Town Council,Huntingdonshire District Council,Hemingfords,Vice-Chair,Audit and Governance,Directorship,Directorship declared in the register,False,2025-06-03,2026-01-31
D-001124,M-00361,St Ives Town Council,Huntingdonshire District Council,Hemingfords,Vice-Chair,Employment,Trade union membership,Trade union membership declared in the register,False,2024-02-19,2025-03-16
D-001125,M-00361,St Ives Town Council,Huntingdonshire District Council,Hemingfords,Vice-Chair,Corporate Governance,Sensitive interest (withheld under s.32),,True,2023-06-25,2024-05-19
D-001126,M-00362,Huntingdonshire District Council,Huntingdonshire District Council,Warboys,Committee Member,Overview and Scrutiny,Licences to occupy land,Licences to occupy land declared in the register,False,2023-05-25,2023-12-23
D-001127,M-00362,Huntingdonshire District Council,Huntingdonshire District Council,Warboys,Committee Member,Licensing,Sponsorship,Sponsorship declared in the register,False,2024-03-30,2024-06-20
D-001128,M-00362,Huntingdonshire District Council,Huntingdonshire District Council,Warboys,Committee Member,Audit and Governance,"Employment, office, trade or profession",Employment declared in the register,False,2023-12-17,2024-11-20
D-001129,M-00363,Huntingdon Town Council,Huntingdonshire District Council,St Neots Eynesbury,Cabinet Member,Employment,Licences to occupy land,Licences to occupy land declared in the register,False,2023-05-30,2024-04-27
D-001130,M-00364,Cambridgeshire County Council,Cambridgeshire County Council,Godmanchester,Chair,Corporate Governance,Securities,Securities declared in the register,False,2023-11-19,2024-11-24
D-001131,M-00365,St Ives Town Council,Huntingdonshire District Council,Ramsey,Councillor,(none),Land and property in the area,Land and property in the area declared in the register,False,2024-08-14,2024-09-04
D-001132,M-00365,St Ives Town Council,Huntingdonshire District Council,Ramsey,Councillor,Overview and Scrutiny,Securities,Securities declared in the register,False,2023-10-12,2024-05-17
D-001133,M-00365,St Ives Town Council,Huntingdonshire District Council,Ramsey,Councillor,Overview and Scrutiny,Land and property in the area,Land and property in the area declared in the register,False,2025-04-03,2026-02-04
D-001134,M-00366,Ramsey Town Council,Huntingdonshire District Council,Somersham,Councillor,Employment,Membership of a political party,Membership of a political party declared in the register,False,2024-09-03,2025-02-26
D-001135,M-00366,Ramsey Town Council,Huntingdonshire District Council,Somersham,Councillor,Planning,Sponsorship,Sponsorship declared in the register,False,2024-01-08,2025-02-05
D-001136,M-00366,Ramsey Town Council,Huntingdonshire District Council,Somersham,Councillor,Employment,Trade union membership,Trade union membership declared in the register,False,2023-11-16,2024-02-07
D-001137,M-00366,Ramsey Town Council,Huntingdonshire District Council,Somersham,Councillor,Finance,Licences to occupy land,Licences to occupy land declared in the register,False,2025-05-31,2025-10-24
D-001138,M-00367,Huntingdon Town Council,Huntingdonshire District Council,St Ives South,Committee Member,Corporate Governance,"Employment, office, trade or profession",Employment declared in the register,False,2024-06-20,2024-08-31
D-001139,M-00368,Huntingdon Town Council,Huntingdonshire District Council,Little Paxton,Committee Member,Finance,"Employment, office, trade or profession",Employment declared in the register,False,2023-07-25,2024-06-26
D-001140,M-00368,Huntingdon Town Council,Huntingdonshire District Council,Little Paxton,Committee Member,Licensing,Trade union membership,Trade union membership declared in the register,False,2024-02-06,2025-01-08
D-001141,M-00369,St Ives Town Council,Huntingdonshire District Council,Alconbury,Committee Member,Licensing,Corporate tenancies,Corporate tenancies declared in the register,False,2024-01-16,2024-10-05
D-001142,M-00369,St Ives Town Council,Huntingdonshire District Council,Alconbury,Committee Member,Employment,Membership of a body exercising public functions,Membership of a body exercising public functions declared in the register,False,2023-07-12,2024-06-29
D-001143,M-00370,Ramsey Town Council,Huntingdonshire District Council,Godmanchester,Councillor,Finance,Membership of a body exercising public functions,Membership of a body exercising public functions declared in the register,False,2023-05-10,2023-12-23
D-001144,M-00371,St Ives Town Council,Huntingdonshire District Council,Brampton,Councillor,Health and Wellbeing,Contracts with the authority,Contracts with the authority declared in the register,False,2025-03-06,2025-09-10
D-001145,M-00372,Huntingdon Town Council,Huntingdonshire District Council,St Ives South,Councillor,Environment,Licences to occupy land,Licences to occupy land declared in the register,False,2024-06-28,2024-10-21
D-001146,M-00372,Huntingdon Town Council,Huntingdonshire District Council,St Ives South,Councillor,Planning,Trade union membership,Trade union membership declared in the register,False,2025-09-21,2026-08-25
D-001147,M-00372,Huntingdon Town Council,Huntingdonshire District Council,St Ives South,Councillor,Planning,Land and property in the area,Land and property in the area declared in the register,False,2023-12-17,2025-01-10
D-001148,M-00372,Huntingdon Town Council,Huntingdonshire District Council,St Ives South,Councillor,Corporate Governance,Trade union membership,Trade union membership declared in the register,False,2023-12-27,2024-08-01
D-001149,M-00372,Huntingdon Town Council,Huntingdonshire District Council,St Ives South,Councillor,Audit and Governance,"Employment, office, trade or profession",Employment declared in the register,False,2023-08-11,2024-06-05
D-001150,M-00373,South Cambridgeshire District Council,South Cambridgeshire District Council,St Ives South,Councillor,Standards,Sensitive interest (withheld under s.32),,True,2023-07-22,2023-12-18
D-001151,M-00373,South Cambridgeshire District Council,South Cambridgeshire District Council,St Ives South,Councillor,(none),Trade union membership,Trade union membership declared in the register,False,2024-01-28,2024-02-25
D-001152,M-00374,Huntingdonshire District Council,Huntingdonshire District Council,St Neots East,Councillor,Standards,Securities,Securities declared in the register,False,2024-05-17,2024-08-31
D-001153,M-00374,Huntingdonshire District Council,Huntingdonshire District Council,St Neots East,Councillor,Environment,Membership of a body exercising public functions,Membership of a body exercising public functions declared in the register,False,2023-12-08,2024-03-15
D-001154,M-00374,Huntingdonshire District Council,Huntingdonshire District Council,St Neots East,Councillor,Audit and Governance,Membership of a charity or voluntary body,Membership of a charity or voluntary body declared in the register,False,2023-10-30,2024-09-16
D-001155,M-00374,Huntingdonshire District Council,Huntingdonshire District Council,St Neots East,Councillor,Standards,Trade union membership,Trade union membership declared in the register,False,2025-05-30,2025-06-19
D-001156,M-00375,South Cambridgeshire District Council,South Cambridgeshire District Council,Warboys,Councillor,Planning,Licences to occupy land,Licences to occupy land declared in the register,False,2023-12-30,2024-01-30
D-001157,M-00375,South Cambridgeshire District Council,South Cambridgeshire District Council,Warboys,Councillor,Licensing,Sensitive interest (withheld under s.32),,True,2024-12-16,2025-02-06
D-001158,M-00375,South Cambridgeshire District Council,South Cambridgeshire District Council,Warboys,Councillor,Licensing,Membership of a charity or voluntary body,Membership of a charity or voluntary body declared in the register,False,2023-08-24,2024-02-12
D-001159,M-00375,South Cambridgeshire District Council,South Cambridgeshire District Council,Warboys,Councillor,Employment,Corporate tenancies,Corporate tenancies declared in the register,False,2025-09-21,2026-03-07
D-001160,M-00376,Huntingdonshire District Council,Huntingdonshire District Council,St Ives West,Chair,(none),Securities,Securities declared in the register,False,2025-03-12,2025-07-19
D-001161,M-00376,Huntingdonshire District Council,Huntingdonshire District Council,St Ives West,Chair,(none),"Employment, office, trade or profession",Employment declared in the register,False,2025-07-23,2026-08-06
D-001162,M-00376,Huntingdonshire District Council,Huntingdonshire District Council,St Ives West,Chair,Employment,Directorship,Directorship declared in the register,False,2025-08-04,2025-08-21
D-001163,M-00376,Huntingdonshire District Council,Huntingdonshire District Council,St Ives West,Chair,Finance,Licences to occupy land,Licences to occupy land declared in the register,False,2024-06-17,2025-03-26
D-001164,M-00376,Huntingdonshire District Council,Huntingdonshire District Council,St Ives West,Chair,Audit and Governance,Sponsorship,Sponsorship declared in the register,False,2024-02-20,2024-12-20
D-001165,M-00377,Huntingdon Town Council,Huntingdonshire District Council,Little Paxton,Councillor,Audit and Governance,Licences to occupy land,Licences to occupy land declared in the register,False,2025-07-22,2026-02-22
D-001166,M-00377,Huntingdon Town Council,Huntingdonshire District Council,Little Paxton,Councillor,Environment,Sponsorship,Sponsorship declared in the register,False,2023-08-01,2024-07-17
D-001167,M-00378,Huntingdonshire District Council,Huntingdonshire District Council,Huntingdon East,Councillor,Finance,Sponsorship,Sponsorship declared in the register,False,2024-08-30,2025-06-16
D-001168,M-00378,Huntingdonshire District Council,Huntingdonshire District Council,Huntingdon East,Councillor,Planning,Sensitive interest (withheld under s.32),,True,2025-02-16,2025-10-17
D-001169,M-00379,St Ives Town Council,Huntingdonshire District Council,Somersham,Councillor,Health and Wellbeing,Licences to occupy land,Licences to occupy land declared in the register,False,2025-02-27,2025-09-29
D-001170,M-00379,St Ives Town Council,Huntingdonshire District Council,Somersham,Councillor,Finance,Membership of a political party,Membership of a political party declared in the register,False,2025-03-23,2025-11-18
D-001171,M-00379,St Ives Town Council,Huntingdonshire District Council,Somersham,Councillor,(none),Sponsorship,Sponsorship declared in the register,False,2024-03-14,2024-07-11
D-001172,M-00379,St Ives Town Council,Huntingdonshire District Council,Somersham,Councillor,(none),Sensitive interest (withheld under s.32),,True,2025-02-23,2025-11-05
D-001173,M-00379,St Ives Town Council,Huntingdonshire District Council,Somersham,Councillor,Audit and Governance,Membership of a body exercising public functions,Membership of a body exercising public functions declared in the register,False,2025-03-04,2025-12-03
D-001174,M-00380,Cambridgeshire County Council,Cambridgeshire County Council,Brampton,Councillor,Environment,Contracts with the authority,Contracts with the authority declared in the register,False,2024-06-27,2025-07-01
D-001175,M-00381,Ramsey Town Council,Huntingdonshire District Council,Ramsey,Councillor,Health and Wellbeing,Trade union membership,Trade union membership declared in the register,False,2025-10-07,2026-10-08
D-001176,M-00381,Ramsey Town Council,Huntingdonshire District Council,Ramsey,Councillor,Licensing,Directorship,Directorship declared in the register,False,2025-03-23,2026-02-01
D-001177,M-00381,Ramsey Town Council,Huntingdonshire District Council,Ramsey,Councillor,Planning,Sponsorship,Sponsorship declared in the register,False,2025-08-28,2025-12-18
D-001178,M-00382,Ramsey Town Council,Huntingdonshire District Council,Ramsey,Councillor,Planning,Membership of a political party,Membership of a political party declared in the register,False,2023-06-10,2024-07-12
D-001179,M-00382,Ramsey Town Council,Huntingdonshire District Council,Ramsey,Councillor,Planning,Trade union membership,Trade union membership declared in the register,False,2023-07-03,2024-06-17
D-001180,M-00382,Ramsey Town Council,Huntingdonshire District Council,Ramsey,Councillor,(none),Membership of a charity or voluntary body,Membership of a charity or voluntary body declared in the register,False,2024-05-28,2025-02-08
D-001181,M-00382,Ramsey Town Council,Huntingdonshire District Council,Ramsey,Councillor,Employment,Licences to occupy land,Licences to occupy land declared in the register,False,2023-09-09,2024-05-15
D-001182,M-00383,St Ives Town Council,Huntingdonshire District Council,St Ives West,Chair,Standards,Securities,Securities declared in the register,False,2023-05-19,2023-10-10
D-001183,M-00383,St Ives Town Council,Huntingdonshire District Council,St Ives West,Chair,Overview and Scrutiny,Land and property in the area,Land and property in the area declared in the register,False,2023-11-23,2024-03-03
D-001184,M-00383,St Ives Town Council,Huntingdonshire District Council,St Ives West,Chair,Licensing,Sponsorship,Sponsorship declared in the register,False,2023-09-12,2023-11-25
D-001185,M-00383,St Ives Town Council,Huntingdonshire District Council,St Ives West,Chair,Audit and Governance,Trade union membership,Trade union membership declared in the register,False,2024-06-21,2024-07-11
D-001186,M-00383,St Ives Town Council,Huntingdonshire District Council,St Ives West,Chair,Finance,Membership of a political party,Membership of a political party declared in the register,False,2023-12-26,2025-01-14
D-001187,M-00384,Ramsey Town Council,Huntingdonshire District Council,Fenstanton,Committee Member,Health and Wellbeing,Directorship,Directorship declared in the register,False,2023-09-02,2023-10-16
D-001188,M-00385,South Cambridgeshire District Council,South Cambridgeshire District Council,Sawtry,Mayor,Employment,Membership of a body exercising public functions,Membership of a body exercising public functions declared in the register,False,2025-04-18,2025-10-28
D-001189,M-00385,South Cambridgeshire District Council,South Cambridgeshire District Council,Sawtry,Mayor,Standards,Land and property in the area,Land and property in the area declared in the register,False,2024-11-07,2025-04-01
D-001190,M-00385,South Cambridgeshire District Council,South Cambridgeshire District Council,Sawtry,Mayor,Audit and Governance,Sponsorship,Sponsorship declared in the register,False,2024-03-24,2024-09-26
D-001191,M-00385,South Cambridgeshire District Council,South Cambridgeshire District Council,Sawtry,Mayor,Health and Wellbeing,"Employment, office, trade or profession",Employment declared in the register,False,2023-09-30,2023-11-29
D-001192,M-00385,South Cambridgeshire District Council,South Cambridgeshire District Council,Sawtry,Mayor,Licensing,Trade union membership,Trade union membership declared in the register,False,2025-05-31,2026-04-03
D-001193,M-00386,Huntingdonshire District Council,Huntingdonshire District Council,Brampton,Councillor,Health and Wellbeing,Land and property in the area,Land and property in the area declared in the register,False,2025-06-28,2025-09-27
D-001194,M-00386,Huntingdonshire District Council,Huntingdonshire District Council,Brampton,Councillor,Corporate Governance,Directorship,Directorship declared in the register,False,2025-08-15,2026-07-07
D-001195,M-00386,Huntingdonshire District Council,Huntingdonshire District Council,Brampton,Councillor,Environment,Corporate tenancies,Corporate tenancies declared in the register,False,2024-04-14,2025-02-13
D-001196,M-00386,Huntingdonshire District Council,Huntingdonshire District Council,Brampton,Councillor,Finance,Securities,Securities declared in the register,False,2024-12-18,2025-10-16
D-001197,M-00386,Huntingdonshire District Council,Huntingdonshire District Council,Brampton,Councillor,Planning,Trade union membership,Trade union membership declared in the register,False,2025-01-03,2025-04-28
D-001198,M-00387,South Cambridgeshire District Council,South Cambridgeshire District Council,St Ives West,Councillor,Audit and Governance,Land and property in the area,Land and property in the area declared in the register,False,2024-07-28,2025-01-30
D-001199,M-00387,South Cambridgeshire District Council,South Cambridgeshire District Council,St Ives West,Councillor,Employment,Membership of a political party,Membership of a political party declared in the register,False,2025-02-25,2025-08-17
D-001200,M-00387,South Cambridgeshire District Council,South Cambridgeshire District Council,St Ives West,Councillor,Overview and Scrutiny,Land and property in the area,Land and property in the area declared in the register,False,2025-10-06,2026-01-24
D-001201,M-00387,South Cambridgeshire District Council,South Cambridgeshire District Council,St Ives West,Councillor,Environment,Land and property in the area,Land and property in the area declared in the register,False,2023-07-29,2023-08-09
D-001202,M-00388,Ramsey Town Council,Huntingdonshire District Council,Brampton,Committee Member,Standards,Directorship,Directorship declared in the register,False,2024-09-06,2025-09-06
D-001203,M-00388,Ramsey Town Council,Huntingdonshire District Council,Brampton,Committee Member,Standards,Directorship,Directorship declared in the register,False,2023-08-15,2024-07-02
D-001204,M-00388,Ramsey Town Council,Huntingdonshire District Council,Brampton,Committee Member,Planning,Sensitive interest (withheld under s.32),,True,2024-01-03,2024-09-05
D-001205,M-00388,Ramsey Town Council,Huntingdonshire District Council,Brampton,Committee Member,Environment,Membership of a political party,Membership of a political party declared in the register,False,2024-01-17,2025-01-02
D-001206,M-00388,Ramsey Town Council,Huntingdonshire District Council,Brampton,Committee Member,Finance,Corporate tenancies,Corporate tenancies declared in the register,False,2025-05-17,2026-06-15
D-001207,M-00389,Huntingdonshire District Council,Huntingdonshire District Council,Yaxley,Committee Member,(none),Corporate tenancies,Corporate tenancies declared in the register,False,2023-10-14,2024-04-27
D-001208,M-00389,Huntingdonshire District Council,Huntingdonshire District Council,Yaxley,Committee Member,Health and Wellbeing,Land and property in the area,Land and property in the area declared in the register,False,2024-04-23,2024-10-17
D-001209,M-00389,Huntingdonshire District Council,Huntingdonshire District Council,Yaxley,Committee Member,Environment,Membership of a body exercising public functions,Membership of a body exercising public functions declared in the register,False,2025-02-01,2025-04-28
D-001210,M-00389,Huntingdonshire District Council,Huntingdonshire District Council,Yaxley,Committee Member,(none),Contracts with the authority,Contracts with the authority declared in the register,False,2025-06-20,2026-05-17
D-001211,M-00390,Ramsey Town Council,Huntingdonshire District Council,Warboys,Committee Member,Health and Wellbeing,"Employment, office, trade or profession",Employment declared in the register,False,2025-05-15,2025-11-22
D-001212,M-00391,Huntingdon Town Council,Huntingdonshire District Council,Buckden,Chair,Planning,Land and property in the area,Land and property in the area declared in the register,False,2023-11-12,2024-05-23
D-001213,M-00391,Huntingdon Town Council,Huntingdonshire District Council,Buckden,Chair,Audit and Governance,Contracts with the authority,Contracts with the authority declared in the register,False,2024-09-09,2025-04-23
D-001214,M-00391,Huntingdon Town Council,Huntingdonshire District Council,Buckden,Chair,Environment,Sponsorship,Sponsorship declared in the register,False,2023-06-22,2023-09-17
D-001215,M-00391,Huntingdon Town Council,Huntingdonshire District Council,Buckden,Chair,Licensing,Trade union membership,Trade union membership declared in the register,False,2024-02-16,2025-01-11
D-001216,M-00391,Huntingdon Town Council,Huntingdonshire District Council,Buckden,Chair,Planning,Sensitive interest (withheld under s.32),,True,2024-09-05,2025-06-02
D-001217,M-00392,Cambridgeshire County Council,Cambridgeshire County Council,Huntingdon East,Committee Member,Finance,Licences to occupy land,Licences to occupy land declared in the register,False,2025-05-10,2025-08-01
D-001218,M-00393,South Cambridgeshire District Council,South Cambridgeshire District Council,Warboys,Councillor,Overview and Scrutiny,Corporate tenancies,Corporate tenancies declared in the register,False,2025-01-19,2025-01-23
D-001219,M-00393,South Cambridgeshire District Council,South Cambridgeshire District Council,Warboys,Councillor,Audit and Governance,Membership of a charity or voluntary body,Membership of a charity or voluntary body declared in the register,False,2024-03-11,2024-04-20
D-001220,M-00393,South Cambridgeshire District Council,South Cambridgeshire District Council,Warboys,Councillor,Health and Wellbeing,Land and property in the area,Land and property in the area declared in the register,False,2023-08-17,2023-12-08
D-001221,M-00394,Ramsey Town Council,Huntingdonshire District Council,Godmanchester,Committee Member,Health and Wellbeing,"Employment, office, trade or profession",Employment declared in the register,False,2024-08-15,2024-11-04
D-001222,M-00394,Ramsey Town Council,Huntingdonshire District Council,Godmanchester,Committee Member,Health and Wellbeing,Membership of a body exercising public functions,Membership of a body exercising public functions declared in the register,False,2024-05-17,2024-10-15
D-001223,M-00394,Ramsey Town Council,Huntingdonshire District Council,Godmanchester,Committee Member,Finance,"Employment, office, trade or profession",Employment declared in the register,False,2024-04-20,2024-12-23
D-001224,M-00394,Ramsey Town Council,Huntingdonshire District Council,Godmanchester,Committee Member,Standards,Sponsorship,Sponsorship declared in the register,False,2025-05-04,2026-05-18
D-001225,M-00394,Ramsey Town Council,Huntingdonshire District Council,Godmanchester,Committee Member,Licensing,Membership of a charity or voluntary body,Membership of a charity or voluntary body declared in the register,False,2023-12-11,2024-11-01
D-001226,M-00395,St Ives Town Council,Huntingdonshire District Council,Huntingdon North,Councillor,(none),Directorship,Directorship declared in the register,False,2025-05-30,2026-05-27
D-001227,M-00395,St Ives Town Council,Huntingdonshire District Council,Huntingdon North,Councillor,Finance,Licences to occupy land,Licences to occupy land declared in the register,False,2023-11-01,2024-08-17
D-001228,M-00395,St Ives Town Council,Huntingdonshire District Council,Huntingdon North,Councillor,Standards,Trade union membership,Trade union membership declared in the register,False,2025-04-20,2026-04-05
D-001229,M-00395,St Ives Town Council,Huntingdonshire District Council,Huntingdon North,Councillor,Environment,"Employment, office, trade or profession",Employment declared in the register,False,2023-07-03,2023-07-22
D-001230,M-00396,St Ives Town Council,Huntingdonshire District Council,Huntingdon North,Councillor,Corporate Governance,"Employment, office, trade or profession",Employment declared in the register,False,2025-04-26,2025-05-11
D-001231,M-00396,St Ives Town Council,Huntingdonshire District Council,Huntingdon North,Councillor,Planning,Land and property in the area,Land and property in the area declared in the register,False,2024-11-30,2025-09-03
D-001232,M-00396,St Ives Town Council,Huntingdonshire District Council,Huntingdon North,Councillor,Finance,Corporate tenancies,Corporate tenancies declared in the register,False,2025-06-02,2026-02-23
D-001233,M-00397,South Cambridgeshire District Council,South Cambridgeshire District Council,Fenstanton,Councillor,Audit and Governance,Membership of a political party,Membership of a political party declared in the register,False,2025-08-16,2026-01-24
D-001234,M-00397,South Cambridgeshire District Council,South Cambridgeshire District Council,Fenstanton,Councillor,Corporate Governance,Membership of a body exercising public functions,Membership of a body exercising public functions declared in the register,False,2025-08-16,2026-06-17
D-001235,M-00397,South Cambridgeshire District Council,South Cambridgeshire District Council,Fenstanton,Councillor,Environment,Land and property in the area,Land and property in the area declared in the register,False,2025-10-05,2026-09-19
D-001236,M-00397,South Cambridgeshire District Council,South Cambridgeshire District Council,Fenstanton,Councillor,Licensing,Sponsorship,Sponsorship declared in the register,False,2024-01-17,2024-05-03
D-001237,M-00397,South Cambridgeshire District Council,South Cambridgeshire District Council,Fenstanton,Councillor,Employment,"Employment, office, trade or profession",Employment declared in the register,False,2024-05-16,2024-07-04
D-001238,M-00398,Huntingdon Town Council,Huntingdonshire District Council,Brampton,Mayor,Standards,Trade union membership,Trade union membership declared in the register,False,2025-05-12,2025-11-12
D-001239,M-00398,Huntingdon Town Council,Huntingdonshire District Council,Brampton,Mayor,Corporate Governance,Sponsorship,Sponsorship declared in the register,False,2024-11-02,2025-05-28
D-001240,M-00398,Huntingdon Town Council,Huntingdonshire District Council,Brampton,Mayor,Corporate Governance,Contracts with the authority,Contracts with the authority declared in the register,False,2023-08-29,2024-05-25
D-001241,M-00398,Huntingdon Town Council,Huntingdonshire District Council,Brampton,Mayor,Standards,"Employment, office, trade or profession",Employment declared in the register,False,2024-11-22,2025-01-09
D-001242,M-00399,St Ives Town Council,Huntingdonshire District Council,St Neots East,Councillor,Planning,Membership of a charity or voluntary body,Membership of a charity or voluntary body declared in the register,False,2025-04-14,2026-01-16
D-001243,M-00399,St Ives Town Council,Huntingdonshire District Council,St Neots East,Councillor,Health and Wellbeing,Land and property in the area,Land and property in the area declared in the register,False,2024-10-10,2025-09-20
D-001244,M-00399,St Ives Town Council,Huntingdonshire District Council,St Neots East,Councillor,Employment,Trade union membership,Trade union membership declared in the register,False,2023-05-08,2024-02-21
D-001245,M-00400,St Ives Town Council,Huntingdonshire District Council,Huntingdon North,Mayor,Audit and Governance,Trade union membership,Trade union membership declared in the register,False,2025-01-22,2025-11-16
D-001246,M-00400,St Ives Town Council,Huntingdonshire District Council,Huntingdon North,Mayor,(none),Membership of a charity or voluntary body,Membership of a charity or voluntary body declared in the register,False,2023-05-23,2024-05-21
D-001247,M-00400,St Ives Town Council,Huntingdonshire District Council,Huntingdon North,Mayor,Health and Wellbeing,Membership of a political party,Membership of a political party declared in the register,False,2024-02-03,2024-12-02
D-001248,M-00401,Huntingdonshire District Council,Huntingdonshire District Council,St Ives West,Councillor,Overview and Scrutiny,Membership of a body exercising public functions,Membership of a body exercising public functions declared in the register,False,2025-08-23,2025-09-20
D-001249,M-00401,Huntingdonshire District Council,Huntingdonshire District Council,St Ives West,Councillor,Finance,"Employment, office, trade or profession",Employment declared in the register,False,2025-08-20,2025-09-14
D-001250,M-00401,Huntingdonshire District Council,Huntingdonshire District Council,St Ives West,Councillor,Licensing,Corporate tenancies,Corporate tenancies declared in the register,False,2025-02-16,2026-01-12
D-001251,M-00401,Huntingdonshire District Council,Huntingdonshire District Council,St Ives West,Councillor,Planning,Sponsorship,Sponsorship declared in the register,False,2025-07-30,2026-06-27
D-001252,M-00402,Huntingdonshire District Council,Huntingdonshire District Council,Godmanchester,Councillor,Corporate Governance,Sponsorship,Sponsorship declared in the register,False,2023-05-08,2023-10-29
D-001253,M-00402,Huntingdonshire District Council,Huntingdonshire District Council,Godmanchester,Councillor,Finance,Land and property in the area,Land and property in the area declared in the register,False,2025-05-19,2026-04-24
D-001254,M-00403,Huntingdonshire District Council,Huntingdonshire District Council,Alconbury,Councillor,Environment,Land and property in the area,Land and property in the area declared in the register,False,2025-07-25,2025-12-13
D-001255,M-00403,Huntingdonshire District Council,Huntingdonshire District Council,Alconbury,Councillor,Environment,Contracts with the authority,Contracts with the authority declared in the register,False,2024-10-14,2025-10-19
D-001256,M-00403,Huntingdonshire District Council,Huntingdonshire District Council,Alconbury,Councillor,Licensing,Contracts with the authority,Contracts with the authority declared in the register,False,2024-11-25,2025-02-01
D-001257,M-00404,Huntingdonshire District Council,Huntingdonshire District Council,Ramsey,Councillor,Planning,Securities,Securities declared in the register,False,2024-04-06,2024-11-30
D-001258,M-00405,Ramsey Town Council,Huntingdonshire District Council,Hemingfords,Councillor,Employment,Membership of a political party,Membership of a political party declared in the register,False,2025-01-21,2025-04-20
D-001259,M-00405,Ramsey Town Council,Huntingdonshire District Council,Hemingfords,Councillor,Audit and Governance,Sensitive interest (withheld under s.32),,True,2024-06-16,2024-09-25
D-001260,M-00405,Ramsey Town Council,Huntingdonshire District Council,Hemingfords,Councillor,Standards,Membership of a body exercising public functions,Membership of a body exercising public functions declared in the register,False,2025-07-01,2025-08-31
D-001261,M-00406,St Ives Town Council,Huntingdonshire District Council,Godmanchester,Councillor,Licensing,Securities,Securities declared in the register,False,2024-06-20,2025-06-26
D-001262,M-00407,St Ives Town Council,Huntingdonshire District Council,Godmanchester,Councillor,(none),"Employment, office, trade or profession",Employment declared in the register,False,2024-02-25,2025-02-13
D-001263,M-00407,St Ives Town Council,Huntingdonshire District Council,Godmanchester,Councillor,Employment,Licences to occupy land,Licences to occupy land declared in the register,False,2024-08-23,2025-05-19
D-001264,M-00408,South Cambridgeshire District Council,South Cambridgeshire District Council,St Ives South,Councillor,(none),Sponsorship,Sponsorship declared in the register,False,2023-05-14,2024-03-15
D-001265,M-00408,South Cambridgeshire District Council,South Cambridgeshire District Council,St Ives South,Councillor,Licensing,Membership of a charity or voluntary body,Membership of a charity or voluntary body declared in the register,False,2025-06-22,2026-06-26
D-001266,M-00408,South Cambridgeshire District Council,South Cambridgeshire District Council,St Ives South,Councillor,Licensing,Licences to occupy land,Licences to occupy land declared in the register,False,2024-12-15,2025-06-20
D-001267,M-00409,Huntingdon Town Council,Huntingdonshire District Council,St Ives South,Councillor,Planning,Trade union membership,Trade union membership declared in the register,False,2025-01-07,2025-12-17
D-001268,M-00409,Huntingdon Town Council,Huntingdonshire District Council,St Ives South,Councillor,Licensing,Land and property in the area,Land and property in the area declared in the register,False,2024-07-03,2024-10-04
D-001269,M-00409,Huntingdon Town Council,Huntingdonshire District Council,St Ives South,Councillor,Corporate Governance,Sensitive interest (withheld under s.32),,True,2023-08-25,2023-11-12
D-001270,M-00409,Huntingdon Town Council,Huntingdonshire District Council,St Ives South,Councillor,Standards,Contracts with the authority,Contracts with the authority declared in the register,False,2024-06-08,2025-02-20
D-001271,M-00409,Huntingdon Town Council,Huntingdonshire District Council,St Ives South,Councillor,Licensing,Trade union membership,Trade union membership declared in the register,False,2024-02-07,2024-11-12
D-001272,M-00410,Cambridgeshire County Council,Cambridgeshire County Council,Huntingdon East,Councillor,Employment,Membership of a political party,Membership of a political party declared in the register,False,2023-12-11,2024-03-25
D-001273,M-00410,Cambridgeshire County Council,Cambridgeshire County Council,Huntingdon East,Councillor,Health and Wellbeing,Membership of a political party,Membership of a political party declared in the register,False,2024-04-15,2024-12-02
D-001274,M-00410,Cambridgeshire County Council,Cambridgeshire County Council,Huntingdon East,Councillor,Health and Wellbeing,Membership of a political party,Membership of a political party declared in the register,False,2024-08-06,2024-10-30
D-001275,M-00410,Cambridgeshire County Council,Cambridgeshire County Council,Huntingdon East,Councillor,Corporate Governance,Land and property in the area,Land and property in the area declared in the register,False,2025-02-08,2025-05-29
D-001276,M-00410,Cambridgeshire County Council,Cambridgeshire County Council,Huntingdon East,Councillor,Employment,Directorship,Directorship declared in the register,False,2023-09-21,2024-09-14
D-001277,M-00411,Cambridgeshire County Council,Cambridgeshire County Council,Fenstanton,Cabinet Member,Audit and Governance,Licences to occupy land,Licences to occupy land declared in the register,False,2024-04-14,2025-01-17
D-001278,M-00411,Cambridgeshire County Council,Cambridgeshire County Council,Fenstanton,Cabinet Member,Planning,Land and property in the area,Land and property in the area declared in the register,False,2023-05-19,2023-12-21
D-001279,M-00411,Cambridgeshire County Council,Cambridgeshire County Council,Fenstanton,Cabinet Member,Finance,Corporate tenancies,Corporate tenancies declared in the register,False,2025-04-12,2025-07-21
D-001280,M-00411,Cambridgeshire County Council,Cambridgeshire County Council,Fenstanton,Cabinet Member,(none),Securities,Securities declared in the register,False,2025-08-25,2025-09-29
D-001281,M-00411,Cambridgeshire County Council,Cambridgeshire County Council,Fenstanton,Cabinet Member,Finance,Securities,Securities declared in the register,False,2023-07-07,2023-12-26
D-001282,M-00412,South Cambridgeshire District Council,South Cambridgeshire District Council,Huntingdon North,Councillor,Audit and Governance,"Employment, office, trade or profession",Employment declared in the register,False,2024-01-28,2024-12-04
D-001283,M-00412,South Cambridgeshire District Council,South Cambridgeshire District Council,Huntingdon North,Councillor,Overview and Scrutiny,Trade union membership,Trade union membership declared in the register,False,2025-06-05,2026-06-20
D-001284,M-00412,South Cambridgeshire District Council,South Cambridgeshire District Council,Huntingdon North,Councillor,Licensing,Licences to occupy land,Licences to occupy land declared in the register,False,2025-02-28,2025-12-24
D-001285,M-00413,South Cambridgeshire District Council,South Cambridgeshire District Council,Yaxley,Councillor,Corporate Governance,"Employment, office, trade or profession",Employment declared in the register,False,2024-02-14,2024-08-27
D-001286,M-00413,South Cambridgeshire District Council,South Cambridgeshire District Council,Yaxley,Councillor,Overview and Scrutiny,Corporate tenancies,Corporate tenancies declared in the register,False,2025-03-03,2025-08-08
D-001287,M-00413,South Cambridgeshire District Council,South Cambridgeshire District Council,Yaxley,Councillor,Overview and Scrutiny,Membership of a body exercising public functions,Membership of a body exercising public functions declared in the register,False,2024-12-21,2025-06-15
D-001288,M-00413,South Cambridgeshire District Council,South Cambridgeshire District Council,Yaxley,Councillor,Audit and Governance,Directorship,Directorship declared in the register,False,2024-12-15,2025-03-19
D-001289,M-00413,South Cambridgeshire District Council,South Cambridgeshire District Council,Yaxley,Councillor,(none),Membership of a political party,Membership of a political party declared in the register,False,2024-11-08,2025-12-10
D-001290,M-00414,St Ives Town Council,Huntingdonshire District Council,Warboys,Councillor,Environment,Land and property in the area,Land and property in the area declared in the register,False,2023-10-06,2024-06-01
D-001291,M-00414,St Ives Town Council,Huntingdonshire District Council,Warboys,Councillor,Planning,Licences to occupy land,Licences to occupy land declared in the register,False,2025-02-10,2025-02-15
D-001292,M-00415,St Ives Town Council,Huntingdonshire District Council,Ramsey,Councillor,Health and Wellbeing,Contracts with the authority,Contracts with the authority declared in the register,False,2025-06-24,2026-05-13
D-001293,M-00415,St Ives Town Council,Huntingdonshire District Council,Ramsey,Councillor,Standards,Sponsorship,Sponsorship declared in the register,False,2023-08-07,2024-07-19
D-001294,M-00415,St Ives Town Council,Huntingdonshire District Council,Ramsey,Councillor,Corporate Governance,Corporate tenancies,Corporate tenancies declared in the register,False,2024-07-31,2024-12-03
D-001295,M-00415,St Ives Town Council,Huntingdonshire District Council,Ramsey,Councillor,Overview and Scrutiny,"Employment, office, trade or profession",Employment declared in the register,False,2024-03-11,2024-05-12
D-001296,M-00416,Ramsey Town Council,Huntingdonshire District Council,St Neots Eynesbury,Councillor,Finance,Corporate tenancies,Corporate tenancies declared in the register,False,2024-08-16,2024-11-15
D-001297,M-00417,Cambridgeshire County Council,Cambridgeshire County Council,Little Paxton,Councillor,(none),Securities,Securities declared in the register,False,2025-07-20,2026-01-14
D-001298,M-00417,Cambridgeshire County Council,Cambridgeshire County Council,Little Paxton,Councillor,Licensing,Corporate tenancies,Corporate tenancies declared in the register,False,2025-04-01,2025-12-14
D-001299,M-00418,Huntingdon Town Council,Huntingdonshire District Council,Buckden,Councillor,Environment,Membership of a charity or voluntary body,Membership of a charity or voluntary body declared in the register,False,2023-12-19,2024-02-16
D-001300,M-00419,Huntingdon Town Council,Huntingdonshire District Council,Little Paxton,Councillor,Standards,Membership of a political party,Membership of a political party declared in the register,False,2024-04-03,2024-08-20
D-001301,M-00419,Huntingdon Town Council,Huntingdonshire District Council,Little Paxton,Councillor,Planning,Membership of a body exercising public functions,Membership of a body exercising public functions declared in the register,False,2025-02-21,2025-08-07
D-001302,M-00419,Huntingdon Town Council,Huntingdonshire District Council,Little Paxton,Councillor,Standards,Sensitive interest (withheld under s.32),,True,2024-09-24,2025-08-10
D-001303,M-00419,Huntingdon Town Council,Huntingdonshire District Council,Little Paxton,Councillor,Health and Wellbeing,Securities,Securities declared in the register,False,2023-09-17,2023-10-09
D-001304,M-00420,Ramsey Town Council,Huntingdonshire District Council,St Ives East,Councillor,Planning,Sponsorship,Sponsorship declared in the register,False,2025-10-10,2026-07-12
D-001305,M-00420,Ramsey Town Council,Huntingdonshire District Council,St Ives East,Councillor,(none),Corporate tenancies,Corporate tenancies declared in the register,False,2025-07-29,2025-11-30
D-001306,M-00421,St Ives Town Council,Huntingdonshire District Council,Huntingdon North,Councillor,Planning,Securities,Securities declared in the register,False,2024-02-05,2025-03-06
D-001307,M-00421,St Ives Town Council,Huntingdonshire District Council,Huntingdon North,Councillor,Environment,Sponsorship,Sponsorship declared in the register,False,2024-07-16,2025-01-25
D-001308,M-00421,St Ives Town Council,Huntingdonshire District Council,Huntingdon North,Councillor,Employment,"Employment, office, trade or profession",Employment declared in the register,False,2023-07-05,2024-08-02
D-001309,M-00421,St Ives Town Council,Huntingdonshire District Council,Huntingdon North,Councillor,Corporate Governance,"Employment, office, trade or profession",Employment declared in the register,False,2025-03-23,2026-04-12
D-001310,M-00421,St Ives Town Council,Huntingdonshire District Council,Huntingdon North,Councillor,Environment,Land and property in the area,Land and property in the area declared in the register,False,2025-10-01,2025-10-10
D-001311,M-00422,South Cambridgeshire District Council,South Cambridgeshire District Council,Ramsey,Councillor,Health and Wellbeing,Land and property in the area,Land and property in the area declared in the register,False,2023-05-27,2024-04-01
D-001312,M-00422,South Cambridgeshire District Council,South Cambridgeshire District Council,Ramsey,Councillor,Licensing,Securities,Securities declared in the register,False,2025-03-04,2025-09-07
D-001313,M-00422,South Cambridgeshire District Council,South Cambridgeshire District Council,Ramsey,Councillor,Health and Wellbeing,Membership of a charity or voluntary body,Membership of a charity or voluntary body declared in the register,False,2024-01-06,2024-06-10
D-001314,M-00423,Cambridgeshire County Council,Cambridgeshire County Council,Yaxley,Councillor,Overview and Scrutiny,Membership of a body exercising public functions,Membership of a body exercising public functions declared in the register,False,2025-05-06,2026-05-05
D-001315,M-00424,Cambridgeshire County Council,Cambridgeshire County Council,Godmanchester,Vice-Chair,(none),Membership of a body exercising public functions,Membership of a body exercising public functions declared in the register,False,2024-10-01,2024-11-22
D-001316,M-00424,Cambridgeshire County Council,Cambridgeshire County Council,Godmanchester,Vice-Chair,Health and Wellbeing,Contracts with the authority,Contracts with the authority declared in the register,False,2024-09-06,2025-09-26
D-001317,M-00424,Cambridgeshire County Council,Cambridgeshire County Council,Godmanchester,Vice-Chair,(none),Corporate tenancies,Corporate tenancies declared in the register,False,2024-01-15,2024-12-06
D-001318,M-00425,Ramsey Town Council,Huntingdonshire District Council,Somersham,Vice-Chair,(none),Membership of a political party,Membership of a political party declared in the register,False,2024-03-19,2024-03-29
D-001319,M-00425,Ramsey Town Council,Huntingdonshire District Council,Somersham,Vice-Chair,Health and Wellbeing,Membership of a body exercising public functions,Membership of a body exercising public functions declared in the register,False,2024-06-30,2025-02-06
D-001320,M-00425,Ramsey Town Council,Huntingdonshire District Council,Somersham,Vice-Chair,Finance,"Employment, office, trade or profession",Employment declared in the register,False,2025-04-18,2025-11-22
D-001321,M-00426,Cambridgeshire County Council,Cambridgeshire County Council,Huntingdon East,Committee Member,Licensing,Membership of a charity or voluntary body,Membership of a charity or voluntary body declared in the register,False,2023-12-14,2024-02-04
D-001322,M-00426,Cambridgeshire County Council,Cambridgeshire County Council,Huntingdon East,Committee Member,Overview and Scrutiny,"Employment, office, trade or profession",Employment declared in the register,False,2024-04-22,2024-08-05
D-001323,M-00427,St Ives Town Council,Huntingdonshire District Council,Warboys,Chair,Standards,"Employment, office, trade or profession",Employment declared in the register,False,2024-11-17,2025-09-16
D-001324,M-00427,St Ives Town Council,Huntingdonshire District Council,Warboys,Chair,Finance,Membership of a political party,Membership of a political party declared in the register,False,2023-10-03,2023-11-22
D-001325,M-00427,St Ives Town Council,Huntingdonshire District Council,Warboys,Chair,Overview and Scrutiny,"Employment, office, trade or profession",Employment declared in the register,False,2024-12-06,2025-04-16
D-001326,M-00427,St Ives Town Council,Huntingdonshire District Council,Warboys,Chair,(none),Corporate tenancies,Corporate tenancies declared in the register,False,2024-04-22,2025-01-04
D-001327,M-00428,Huntingdon Town Council,Huntingdonshire District Council,Sawtry,Councillor,Planning,Corporate tenancies,Corporate tenancies declared in the register,False,2025-05-18,2026-02-01
D-001328,M-00428,Huntingdon Town Council,Huntingdonshire District Council,Sawtry,Councillor,Corporate Governance,Contracts with the authority,Contracts with the authority declared in the register,False,2025-05-04,2025-12-21
D-001329,M-00428,Huntingdon Town Council,Huntingdonshire District Council,Sawtry,Councillor,Standards,Membership of a political party,Membership of a political party declared in the register,False,2025-09-24,2025-11-27
D-001330,M-00428,Huntingdon Town Council,Huntingdonshire District Council,Sawtry,Councillor,Audit and Governance,Membership of a political party,Membership of a political party declared in the register,False,2025-01-09,2025-07-27
D-001331,M-00428,Huntingdon Town Council,Huntingdonshire District Council,Sawtry,Councillor,Environment,Sensitive interest (withheld under s.32),,True,2025-01-16,2025-03-11
D-001332,M-00429,Cambridgeshire County Council,Cambridgeshire County Council,St Ives West,Councillor,Health and Wellbeing,Corporate tenancies,Corporate tenancies declared in the register,False,2023-12-26,2024-08-22
D-001333,M-00429,Cambridgeshire County Council,Cambridgeshire County Council,St Ives West,Councillor,Licensing,Corporate tenancies,Corporate tenancies declared in the register,False,2023-10-20,2024-07-13
D-001334,M-00429,Cambridgeshire County Council,Cambridgeshire County Council,St Ives West,Councillor,Audit and Governance,Directorship,Directorship declared in the register,False,2023-05-13,2023-11-20
D-001335,M-00430,Huntingdonshire District Council,Huntingdonshire District Council,Huntingdon East,Councillor,Employment,Contracts with the authority,Contracts with the authority declared in the register,False,2024-07-08,2024-10-12
D-001336,M-00430,Huntingdonshire District Council,Huntingdonshire District Council,Huntingdon East,Councillor,Overview and Scrutiny,Membership of a charity or voluntary body,Membership of a charity or voluntary body declared in the register,False,2024-12-22,2025-02-03
D-001337,M-00430,Huntingdonshire District Council,Huntingdonshire District Council,Huntingdon East,Councillor,Health and Wellbeing,Land and property in the area,Land and property in the area declared in the register,False,2025-10-03,2026-09-17
D-001338,M-00431,South Cambridgeshire District Council,South Cambridgeshire District Council,Brampton,Chair,Employment,Membership of a charity or voluntary body,Membership of a charity or voluntary body declared in the register,False,2024-10-20,2024-11-07
D-001339,M-00432,St Ives Town Council,Huntingdonshire District Council,St Neots East,Councillor,Licensing,Directorship,Directorship declared in the register,False,2024-07-16,2025-07-20
D-001340,M-00432,St Ives Town Council,Huntingdonshire District Council,St Neots East,Councillor,Licensing,Contracts with the authority,Contracts with the authority declared in the register,False,2025-09-11,2025-11-24
D-001341,M-00432,St Ives Town Council,Huntingdonshire District Council,St Neots East,Councillor,(none),Corporate tenancies,Corporate tenancies declared in the register,False,2023-12-28,2024-05-14
D-001342,M-00432,St Ives Town Council,Huntingdonshire District Council,St Neots East,Councillor,Employment,"Employment, office, trade or profession",Employment declared in the register,False,2023-09-10,2023-11-25
D-001343,M-00433,Huntingdon Town Council,Huntingdonshire District Council,Yaxley,Vice-Chair,Planning,Licences to occupy land,Licences to occupy land declared in the register,False,2023-06-13,2024-03-04
D-001344,M-00433,Huntingdon Town Council,Huntingdonshire District Council,Yaxley,Vice-Chair,(none),Sponsorship,Sponsorship declared in the register,False,2025-05-30,2025-06-01
D-001345,M-00433,Huntingdon Town Council,Huntingdonshire District Council,Yaxley,Vice-Chair,Health and Wellbeing,Membership of a charity or voluntary body,Membership of a charity or voluntary body declared in the register,False,2025-09-18,2026-06-22
D-001346,M-00433,Huntingdon Town Council,Huntingdonshire District Council,Yaxley,Vice-Chair,Planning,Trade union membership,Trade union membership declared in the register,False,2023-07-31,2024-05-15
D-001347,M-00434,South Cambridgeshire District Council,South Cambridgeshire District Council,St Ives South,Councillor,Overview and Scrutiny,"Employment, office, trade or profession",Employment declared in the register,False,2023-06-11,2024-06-14
D-001348,M-00435,South Cambridgeshire District Council,South Cambridgeshire District Council,Warboys,Councillor,Standards,Membership of a political party,Membership of a political party declared in the register,False,2025-07-02,2026-05-09
D-001349,M-00435,South Cambridgeshire District Council,South Cambridgeshire District Council,Warboys,Councillor,Planning,"Employment, office, trade or profession",Employment declared in the register,False,2024-03-06,2024-07-08
D-001350,M-00435,South Cambridgeshire District Council,South Cambridgeshire District Council,Warboys,Councillor,Employment,"Employment, office, trade or profession",Employment declared in the register,False,2024-01-13,2024-12-03
D-001351,M-00435,South Cambridgeshire District Council,South Cambridgeshire District Council,Warboys,Councillor,Standards,Sponsorship,Sponsorship declared in the register,False,2024-08-24,2025-03-26
D-001352,M-00436,Huntingdon Town Council,Huntingdonshire District Council,Yaxley,Committee Member,Planning,Membership of a body exercising public functions,Membership of a body exercising public functions declared in the register,False,2025-03-10,2025-03-30
D-001353,M-00436,Huntingdon Town Council,Huntingdonshire District Council,Yaxley,Committee Member,Corporate Governance,Corporate tenancies,Corporate tenancies declared in the register,False,2024-09-21,2025-03-20
D-001354,M-00436,Huntingdon Town Council,Huntingdonshire District Council,Yaxley,Committee Member,Overview and Scrutiny,Securities,Securities declared in the register,False,2023-11-15,2024-06-16
D-001355,M-00436,Huntingdon Town Council,Huntingdonshire District Council,Yaxley,Committee Member,Licensing,Corporate tenancies,Corporate tenancies declared in the register,False,2025-09-12,2026-09-17
D-001356,M-00437,South Cambridgeshire District Council,South Cambridgeshire District Council,Alconbury,Chair,Standards,Licences to occupy land,Licences to occupy land declared in the register,False,2024-06-28,2024-07-17
D-001357,M-00437,South Cambridgeshire District Council,South Cambridgeshire District Council,Alconbury,Chair,Audit and Governance,Membership of a charity or voluntary body,Membership of a charity or voluntary body declared in the register,False,2024-05-03,2025-03-28
D-001358,M-00438,Huntingdonshire District Council,Huntingdonshire District Council,Yaxley,Councillor,Standards,Trade union membership,Trade union membership declared in the register,False,2023-11-22,2024-10-24
D-001359,M-00438,Huntingdonshire District Council,Huntingdonshire District Council,Yaxley,Councillor,Licensing,Trade union membership,Trade union membership declared in the register,False,2023-05-17,2024-06-12
D-001360,M-00438,Huntingdonshire District Council,Huntingdonshire District Council,Yaxley,Councillor,Licensing,Contracts with the authority,Contracts with the authority declared in the register,False,2024-08-19,2025-04-06
D-001361,M-00438,Huntingdonshire District Council,Huntingdonshire District Council,Yaxley,Councillor,Planning,Corporate tenancies,Corporate tenancies declared in the register,False,2023-10-16,2023-10-30
D-001362,M-00439,Huntingdon Town Council,Huntingdonshire District Council,Huntingdon North,Councillor,Health and Wellbeing,Corporate tenancies,Corporate tenancies declared in the register,False,2025-08-22,2026-04-25
D-001363,M-00439,Huntingdon Town Council,Huntingdonshire District Council,Huntingdon North,Councillor,Standards,Membership of a charity or voluntary body,Membership of a charity or voluntary body declared in the register,False,2025-09-29,2026-09-07
D-001364,M-00439,Huntingdon Town Council,Huntingdonshire District Council,Huntingdon North,Councillor,Finance,Land and property in the area,Land and property in the area declared in the register,False,2024-01-23,2024-02-26
D-001365,M-00439,Huntingdon Town Council,Huntingdonshire District Council,Huntingdon North,Councillor,Audit and Governance,Membership of a political party,Membership of a political party declared in the register,False,2024-06-28,2024-12-09
D-001366,M-00439,Huntingdon Town Council,Huntingdonshire District Council,Huntingdon North,Councillor,Audit and Governance,Membership of a body exercising public functions,Membership of a body exercising public functions declared in the register,False,2023-08-21,2024-08-16
D-001367,M-00440,St Ives Town Council,Huntingdonshire District Council,Alconbury,Councillor,Licensing,Corporate tenancies,Corporate tenancies declared in the register,False,2023-11-04,2024-11-17
D-001368,M-00440,St Ives Town Council,Huntingdonshire District Council,Alconbury,Councillor,Planning,Directorship,Directorship declared in the register,False,2025-03-24,2025-08-27
D-001369,M-00440,St Ives Town Council,Huntingdonshire District Council,Alconbury,Councillor,Employment,Directorship,Directorship declared in the register,False,2024-05-21,2024-06-15
D-001370,M-00441,Huntingdonshire District Council,Huntingdonshire District Council,Alconbury,Chair,Health and Wellbeing,"Employment, office, trade or profession",Employment declared in the register,False,2025-03-18,2025-07-05
D-001371,M-00441,Huntingdonshire District Council,Huntingdonshire District Council,Alconbury,Chair,Standards,Trade union membership,Trade union membership declared in the register,False,2023-09-01,2024-03-12
D-001372,M-00441,Huntingdonshire District Council,Huntingdonshire District Council,Alconbury,Chair,Corporate Governance,Land and property in the area,Land and property in the area declared in the register,False,2023-07-31,2023-09-22
D-001373,M-00441,Huntingdonshire District Council,Huntingdonshire District Council,Alconbury,Chair,Corporate Governance,Trade union membership,Trade union membership declared in the register,False,2024-05-20,2024-08-10
D-001374,M-00442,Ramsey Town Council,Huntingdonshire District Council,Huntingdon West,Committee Member,Corporate Governance,Licences to occupy land,Licences to occupy land declared in the register,False,2024-10-11,2025-07-07
D-001375,M-00442,Ramsey Town Council,Huntingdonshire District Council,Huntingdon West,Committee Member,Overview and Scrutiny,Trade union membership,Trade union membership declared in the register,False,2025-07-20,2026-05-08
D-001376,M-00442,Ramsey Town Council,Huntingdonshire District Council,Huntingdon West,Committee Member,Audit and Governance,Membership of a political party,Membership of a political party declared in the register,False,2024-06-03,2025-05-27
D-001377,M-00443,Huntingdon Town Council,Huntingdonshire District Council,Huntingdon West,Cabinet Member,Employment,Membership of a political party,Membership of a political party declared in the register,False,2025-05-08,2025-07-09
D-001378,M-00443,Huntingdon Town Council,Huntingdonshire District Council,Huntingdon West,Cabinet Member,(none),Land and property in the area,Land and property in the area declared in the register,False,2025-08-11,2026-06-21
D-001379,M-00443,Huntingdon Town Council,Huntingdonshire District Council,Huntingdon West,Cabinet Member,Finance,Contracts with the authority,Contracts with the authority declared in the register,False,2024-05-14,2025-06-10
D-001380,M-00443,Huntingdon Town Council,Huntingdonshire District Council,Huntingdon West,Cabinet Member,Planning,Contracts with the authority,Contracts with the authority declared in the register,False,2023-12-24,2024-01-05
D-001381,M-00444,South Cambridgeshire District Council,South Cambridgeshire District Council,Ramsey,Committee Member,Planning,Trade union membership,Trade union membership declared in the register,False,2024-01-28,2024-02-23
D-001382,M-00445,Huntingdonshire District Council,Huntingdonshire District Council,St Ives East,Committee Member,Planning,Directorship,Directorship declared in the register,False,2025-01-21,2025-02-12
D-001383,M-00445,Huntingdonshire District Council,Huntingdonshire District Council,St Ives East,Committee Member,Licensing,Sensitive interest (withheld under s.32),,True,2025-01-08,2025-12-09
D-001384,M-00446,Huntingdonshire District Council,Huntingdonshire District Council,Sawtry,Councillor,Corporate Governance,Corporate tenancies,Corporate tenancies declared in the register,False,2025-03-05,2025-12-02
D-001385,M-00446,Huntingdonshire District Council,Huntingdonshire District Council,Sawtry,Councillor,Finance,Directorship,Directorship declared in the register,False,2025-06-22,2026-03-22
D-001386,M-00447,South Cambridgeshire District Council,South Cambridgeshire District Council,Little Paxton,Councillor,Health and Wellbeing,"Employment, office, trade or profession",Employment declared in the register,False,2023-12-08,2024-05-02
D-001387,M-00448,Huntingdonshire District Council,Huntingdonshire District Council,Alconbury,Councillor,(none),Membership of a body exercising public functions,Membership of a body exercising public functions declared in the register,False,2025-07-02,2026-05-29
D-001388,M-00448,Huntingdonshire District Council,Huntingdonshire District Council,Alconbury,Councillor,Standards,"Employment, office, trade or profession",Employment declared in the register,False,2023-06-09,2023-12-18
D-001389,M-00448,Huntingdonshire District Council,Huntingdonshire District Council,Alconbury,Councillor,Finance,Membership of a charity or voluntary body,Membership of a charity or voluntary body declared in the register,False,2025-08-12,2026-03-22
D-001390,M-00448,Huntingdonshire District Council,Huntingdonshire District Council,Alconbury,Councillor,(none),Contracts with the authority,Contracts with the authority declared in the register,False,2024-01-26,2024-06-12
D-001391,M-00448,Huntingdonshire District Council,Huntingdonshire District Council,Alconbury,Councillor,Standards,Contracts with the authority,Contracts with the authority declared in the register,False,2025-03-19,2025-10-17
D-001392,M-00449,Ramsey Town Council,Huntingdonshire District Council,Huntingdon East,Mayor,(none),Sponsorship,Sponsorship declared in the register,False,2024-06-24,2024-08-11
D-001393,M-00449,Ramsey Town Council,Huntingdonshire District Council,Huntingdon East,Mayor,Finance,Membership of a body exercising public functions,Membership of a body exercising public functions declared in the register,False,2024-06-17,2025-02-24
D-001394,M-00450,South Cambridgeshire District Council,South Cambridgeshire District Council,Ramsey,Councillor,(none),Contracts with the authority,Contracts with the authority declared in the register,False,2024-09-26,2025-02-09
D-001395,M-00450,South Cambridgeshire District Council,South Cambridgeshire District Council,Ramsey,Councillor,Overview and Scrutiny,"Employment, office, trade or profession",Employment declared in the register,False,2024-11-10,2025-02-07
D-001396,M-00451,South Cambridgeshire District Council,South Cambridgeshire District Council,Godmanchester,Councillor,Overview and Scrutiny,Corporate tenancies,Corporate tenancies declared in the register,False,2023-11-01,2024-04-18
D-001397,M-00451,South Cambridgeshire District Council,South Cambridgeshire District Council,Godmanchester,Councillor,Audit and Governance,Membership of a political party,Membership of a political party declared in the register,False,2025-06-05,2026-05-11
D-001398,M-00452,Huntingdon Town Council,Huntingdonshire District Council,Brampton,Councillor,Standards,Sponsorship,Sponsorship declared in the register,False,2024-10-22,2025-02-07
D-001399,M-00453,Cambridgeshire County Council,Cambridgeshire County Council,St Neots East,Councillor,Employment,Membership of a political party,Membership of a political party declared in the register,False,2024-04-24,2024-08-23
D-001400,M-00453,Cambridgeshire County Council,Cambridgeshire County Council,St Neots East,Councillor,Audit and Governance,Membership of a body exercising public functions,Membership of a body exercising public functions declared in the register,False,2025-09-09,2026-03-04
D-001401,M-00453,Cambridgeshire County Council,Cambridgeshire County Council,St Neots East,Councillor,(none),Corporate tenancies,Corporate tenancies declared in the register,False,2023-08-12,2023-12-27
D-001402,M-00453,Cambridgeshire County Council,Cambridgeshire County Council,St Neots East,Councillor,Standards,Sponsorship,Sponsorship declared in the register,False,2024-08-31,2024-11-25
D-001403,M-00453,Cambridgeshire County Council,Cambridgeshire County Council,St Neots East,Councillor,Health and Wellbeing,Licences to occupy land,Licences to occupy land declared in the register,False,2024-09-01,2025-03-01
D-001404,M-00454,St Ives Town Council,Huntingdonshire District Council,Alconbury,Committee Member,Planning,Corporate tenancies,Corporate tenancies declared in the register,False,2024-03-08,2024-06-09
D-001405,M-00454,St Ives Town Council,Huntingdonshire District Council,Alconbury,Committee Member,Overview and Scrutiny,Securities,Securities declared in the register,False,2024-12-21,2025-08-13
D-001406,M-00455,Huntingdon Town Council,Huntingdonshire District Council,Huntingdon West,Councillor,Finance,Contracts with the authority,Contracts with the authority declared in the register,False,2025-07-02,2026-01-06
D-001407,M-00456,Cambridgeshire County Council,Cambridgeshire County Council,Somersham,Councillor,Audit and Governance,Land and property in the area,Land and property in the area declared in the register,False,2024-11-20,2025-07-18
D-001408,M-00457,Cambridgeshire County Council,Cambridgeshire County Council,St Ives South,Councillor,Employment,Directorship,Directorship declared in the register,False,2023-05-24,2024-05-10
D-001409,M-00457,Cambridgeshire County Council,Cambridgeshire County Council,St Ives South,Councillor,Finance,Sensitive interest (withheld under s.32),,True,2024-12-05,2025-12-19
D-001410,M-00458,Huntingdonshire District Council,Huntingdonshire District Council,Somersham,Councillor,Standards,Membership of a political party,Membership of a political party declared in the register,False,2025-09-08,2026-03-29
D-001411,M-00459,Huntingdon Town Council,Huntingdonshire District Council,Somersham,Councillor,Health and Wellbeing,Membership of a body exercising public functions,Membership of a body exercising public functions declared in the register,False,2024-12-19,2025-08-23
D-001412,M-00459,Huntingdon Town Council,Huntingdonshire District Council,Somersham,Councillor,Standards,Land and property in the area,Land and property in the area declared in the register,False,2024-11-03,2025-06-17
D-001413,M-00459,Huntingdon Town Council,Huntingdonshire District Council,Somersham,Councillor,(none),Sensitive interest (withheld under s.32),,True,2024-03-24,2025-01-31
D-001414,M-00459,Huntingdon Town Council,Huntingdonshire District Council,Somersham,Councillor,Audit and Governance,Corporate tenancies,Corporate tenancies declared in the register,False,2024-06-05,2024-08-19
D-001415,M-00460,St Ives Town Council,Huntingdonshire District Council,Hemingfords,Cabinet Member,Licensing,Directorship,Directorship declared in the register,False,2024-09-23,2025-07-12
D-001416,M-00460,St Ives Town Council,Huntingdonshire District Council,Hemingfords,Cabinet Member,Environment,Licences to occupy land,Licences to occupy land declared in the register,False,2025-06-24,2025-10-28
D-001417,M-00461,St Ives Town Council,Huntingdonshire District Council,Yaxley,Councillor,Finance,Contracts with the authority,Contracts with the authority declared in the register,False,2023-05-21,2023-08-24
D-001418,M-00461,St Ives Town Council,Huntingdonshire District Council,Yaxley,Councillor,Corporate Governance,Contracts with the authority,Contracts with the authority declared in the register,False,2024-07-03,2024-07-10
D-001419,M-00462,South Cambridgeshire District Council,South Cambridgeshire District Council,St Ives East,Cabinet Member,Corporate Governance,Membership of a charity or voluntary body,Membership of a charity or voluntary body declared in the register,False,2024-01-30,2024-11-09
D-001420,M-00462,South Cambridgeshire District Council,South Cambridgeshire District Council,St Ives East,Cabinet Member,(none),Membership of a charity or voluntary body,Membership of a charity or voluntary body declared in the register,False,2024-10-23,2025-05-01
D-001421,M-00462,South Cambridgeshire District Council,South Cambridgeshire District Council,St Ives East,Cabinet Member,Health and Wellbeing,Membership of a political party,Membership of a political party declared in the register,False,2023-12-31,2024-12-20
D-001422,M-00463,Cambridgeshire County Council,Cambridgeshire County Council,Brampton,Councillor,Corporate Governance,Land and property in the area,Land and property in the area declared in the register,False,2023-05-05,2023-12-09
D-001423,M-00463,Cambridgeshire County Council,Cambridgeshire County Council,Brampton,Councillor,Standards,Land and property in the area,Land and property in the area declared in the register,False,2024-09-10,2025-02-28
D-001424,M-00463,Cambridgeshire County Council,Cambridgeshire County Council,Brampton,Councillor,Standards,Contracts with the authority,Contracts with the authority declared in the register,False,2024-07-01,2024-10-21
D-001425,M-00464,Huntingdonshire District Council,Huntingdonshire District Council,St Neots Eynesbury,Councillor,(none),Securities,Securities declared in the register,False,2025-02-19,2025-04-26
D-001426,M-00465,Huntingdonshire District Council,Huntingdonshire District Council,Buckden,Councillor,Standards,Membership of a body exercising public functions,Membership of a body exercising public functions declared in the register,False,2025-08-28,2026-02-26
D-001427,M-00465,Huntingdonshire District Council,Huntingdonshire District Council,Buckden,Councillor,Corporate Governance,Sensitive interest (withheld under s.32),,True,2024-05-19,2025-06-11
D-001428,M-00465,Huntingdonshire District Council,Huntingdonshire District Council,Buckden,Councillor,Corporate Governance,Sponsorship,Sponsorship declared in the register,False,2025-09-08,2026-09-15
D-001429,M-00465,Huntingdonshire District Council,Huntingdonshire District Council,Buckden,Councillor,Corporate Governance,Contracts with the authority,Contracts with the authority declared in the register,False,2024-08-08,2025-05-24
D-001430,M-00465,Huntingdonshire District Council,Huntingdonshire District Council,Buckden,Councillor,Audit and Governance,"Employment, office, trade or profession",Employment declared in the register,False,2025-10-12,2025-12-14
D-001431,M-00466,Cambridgeshire County Council,Cambridgeshire County Council,St Ives South,Councillor,Audit and Governance,Membership of a body exercising public functions,Membership of a body exercising public functions declared in the register,False,2024-05-12,2025-04-28
D-001432,M-00466,Cambridgeshire County Council,Cambridgeshire County Council,St Ives South,Councillor,Finance,Corporate tenancies,Corporate tenancies declared in the register,False,2025-03-10,2026-02-10
D-001433,M-00466,Cambridgeshire County Council,Cambridgeshire County Council,St Ives South,Councillor,Planning,Licences to occupy land,Licences to occupy land declared in the register,False,2025-02-28,2025-12-11
D-001434,M-00466,Cambridgeshire County Council,Cambridgeshire County Council,St Ives South,Councillor,Audit and Governance,Directorship,Directorship declared in the register,False,2024-02-28,2024-12-11
D-001435,M-00466,Cambridgeshire County Council,Cambridgeshire County Council,St Ives South,Councillor,Corporate Governance,"Employment, office, trade or profession",Employment declared in the register,False,2024-11-05,2025-10-01
D-001436,M-00467,Huntingdon Town Council,Huntingdonshire District Council,Yaxley,Chair,Corporate Governance,"Employment, office, trade or profession",Employment declared in the register,False,2024-10-08,2025-09-18
D-001437,M-00467,Huntingdon Town Council,Huntingdonshire District Council,Yaxley,Chair,Overview and Scrutiny,Directorship,Directorship declared in the register,False,2023-05-23,2024-04-30
D-001438,M-00467,Huntingdon Town Council,Huntingdonshire District Council,Yaxley,Chair,Audit and Governance,Trade union membership,Trade union membership declared in the register,False,2025-09-30,2025-12-09
D-001439,M-00468,St Ives Town Council,Huntingdonshire District Council,Huntingdon West,Committee Member,Finance,Securities,Securities declared in the register,False,2023-07-14,2024-07-24
D-001440,M-00468,St Ives Town Council,Huntingdonshire District Council,Huntingdon West,Committee Member,Employment,Contracts with the authority,Contracts with the authority declared in the register,False,2024-04-14,2025-03-12
D-001441,M-00469,Cambridgeshire County Council,Cambridgeshire County Council,Huntingdon North,Councillor,Environment,Corporate tenancies,Corporate tenancies declared in the register,False,2024-04-06,2024-07-17
D-001442,M-00469,Cambridgeshire County Council,Cambridgeshire County Council,Huntingdon North,Councillor,Overview and Scrutiny,Membership of a political party,Membership of a political party declared in the register,False,2024-07-28,2025-01-14
D-001443,M-00469,Cambridgeshire County Council,Cambridgeshire County Council,Huntingdon North,Councillor,Planning,Contracts with the authority,Contracts with the authority declared in the register,False,2025-08-15,2026-02-15
D-001444,M-00469,Cambridgeshire County Council,Cambridgeshire County Council,Huntingdon North,Councillor,Standards,Corporate tenancies,Corporate tenancies declared in the register,False,2024-01-12,2024-12-08
D-001445,M-00469,Cambridgeshire County Council,Cambridgeshire County Council,Huntingdon North,Councillor,Environment,Directorship,Directorship declared in the register,False,2024-09-29,2025-06-13
D-001446,M-00470,Huntingdonshire District Council,Huntingdonshire District Council,Yaxley,Chair,Health and Wellbeing,Membership of a charity or voluntary body,Membership of a charity or voluntary body declared in the register,False,2025-08-19,2026-07-27
D-001447,M-00471,St Ives Town Council,Huntingdonshire District Council,St Ives South,Councillor,Corporate Governance,Directorship,Directorship declared in the register,False,2024-01-12,2024-05-30
D-001448,M-00471,St Ives Town Council,Huntingdonshire District Council,St Ives South,Councillor,Audit and Governance,Securities,Securities declared in the register,False,2024-07-03,2024-09-27
D-001449,M-00471,St Ives Town Council,Huntingdonshire District Council,St Ives South,Councillor,Standards,Contracts with the authority,Contracts with the authority declared in the register,False,2025-08-27,2025-09-29
D-001450,M-00472,Huntingdonshire District Council,Huntingdonshire District Council,Fenstanton,Cabinet Member,Overview and Scrutiny,"Employment, office, trade or profession",Employment declared in the register,False,2024-11-27,2025-07-18
D-001451,M-00472,Huntingdonshire District Council,Huntingdonshire District Council,Fenstanton,Cabinet Member,Standards,Corporate tenancies,Corporate tenancies declared in the register,False,2025-06-16,2025-09-08
D-001452,M-00473,Ramsey Town Council,Huntingdonshire District Council,Brampton,Vice-Chair,Finance,Sponsorship,Sponsorship declared in the register,False,2024-10-17,2025-07-30
D-001453,M-00473,Ramsey Town Council,Huntingdonshire District Council,Brampton,Vice-Chair,Corporate Governance,"Employment, office, trade or profession",Employment declared in the register,False,2025-01-22,2025-12-07
D-001454,M-00473,Ramsey Town Council,Huntingdonshire District Council,Brampton,Vice-Chair,Planning,Membership of a body exercising public functions,Membership of a body exercising public functions declared in the register,False,2023-08-21,2023-12-01
D-001455,M-00474,Huntingdonshire District Council,Huntingdonshire District Council,St Neots East,Councillor,Finance,Contracts with the authority,Contracts with the authority declared in the register,False,2023-08-26,2024-01-26
D-001456,M-00474,Huntingdonshire District Council,Huntingdonshire District Council,St Neots East,Councillor,Environment,Licences to occupy land,Licences to occupy land declared in the register,False,2025-07-24,2026-04-17
D-001457,M-00475,South Cambridgeshire District Council,South Cambridgeshire District Council,Warboys,Councillor,Standards,Contracts with the authority,Contracts with the authority declared in the register,False,2024-10-20,2025-10-25
D-001458,M-00475,South Cambridgeshire District Council,South Cambridgeshire District Council,Warboys,Councillor,Employment,Sponsorship,Sponsorship declared in the register,False,2024-04-22,2024-08-18
D-001459,M-00475,South Cambridgeshire District Council,South Cambridgeshire District Council,Warboys,Councillor,Licensing,Securities,Securities declared in the register,False,2023-08-01,2024-04-29
D-001460,M-00475,South Cambridgeshire District Council,South Cambridgeshire District Council,Warboys,Councillor,Audit and Governance,Directorship,Directorship declared in the register,False,2024-02-25,2025-01-25
D-001461,M-00475,South Cambridgeshire District Council,South Cambridgeshire District Council,Warboys,Councillor,Environment,Securities,Securities declared in the register,False,2025-07-04,2026-02-19
D-001462,M-00476,St Ives Town Council,Huntingdonshire District Council,St Ives West,Councillor,Health and Wellbeing,Licences to occupy land,Licences to occupy land declared in the register,False,2023-05-21,2024-03-15
D-001463,M-00476,St Ives Town Council,Huntingdonshire District Council,St Ives West,Councillor,Corporate Governance,Corporate tenancies,Corporate tenancies declared in the register,False,2024-02-19,2024-10-10
D-001464,M-00476,St Ives Town Council,Huntingdonshire District Council,St Ives West,Councillor,Employment,Membership of a body exercising public functions,Membership of a body exercising public functions declared in the register,False,2023-11-25,2024-10-04
D-001465,M-00476,St Ives Town Council,Huntingdonshire District Council,St Ives West,Councillor,Health and Wellbeing,Licences to occupy land,Licences to occupy land declared in the register,False,2024-07-03,2024-10-30
D-001466,M-00477,Ramsey Town Council,Huntingdonshire District Council,Fenstanton,Chair,(none),Licences to occupy land,Licences to occupy land declared in the register,False,2025-09-02,2026-09-22
D-001467,M-00477,Ramsey Town Council,Huntingdonshire District Council,Fenstanton,Chair,Planning,Membership of a political party,Membership of a political party declared in the register,False,2023-12-07,2024-09-26
D-001468,M-00477,Ramsey Town Council,Huntingdonshire District Council,Fenstanton,Chair,Finance,Sponsorship,Sponsorship declared in the register,False,2024-02-02,2024-08-05
D-001469,M-00478,South Cambridgeshire District Council,South Cambridgeshire District Council,Fenstanton,Councillor,Standards,Directorship,Directorship declared in the register,False,2024-07-20,2025-03-17
D-001470,M-00478,South Cambridgeshire District Council,South Cambridgeshire District Council,Fenstanton,Councillor,Environment,Licences to occupy land,Licences to occupy land declared in the register,False,2025-03-22,2025-12-31
D-001471,M-00478,South Cambridgeshire District Council,South Cambridgeshire District Council,Fenstanton,Councillor,Environment,Directorship,Directorship declared in the register,False,2024-11-16,2025-08-26
D-001472,M-00479,Huntingdon Town Council,Huntingdonshire District Council,Huntingdon North,Councillor,Finance,Membership of a charity or voluntary body,Membership of a charity or voluntary body declared in the register,False,2024-12-22,2025-08-14
D-001473,M-00479,Huntingdon Town Council,Huntingdonshire District Council,Huntingdon North,Councillor,Overview and Scrutiny,Sponsorship,Sponsorship declared in the register,False,2024-02-01,2025-01-22
D-001474,M-00479,Huntingdon Town Council,Huntingdonshire District Council,Huntingdon North,Councillor,Health and Wellbeing,Licences to occupy land,Licences to occupy land declared in the register,False,2024-11-22,2025-04-04
D-001475,M-00479,Huntingdon Town Council,Huntingdonshire District Council,Huntingdon North,Councillor,(none),"Employment, office, trade or profession",Employment declared in the register,False,2023-07-10,2023-09-22
D-001476,M-00479,Huntingdon Town Council,Huntingdonshire District Council,Huntingdon North,Councillor,(none),Sponsorship,Sponsorship declared in the register,False,2025-04-28,2026-04-26
D-001477,M-00480,Huntingdon Town Council,Huntingdonshire District Council,St Ives West,Vice-Chair,Standards,Securities,Securities declared in the register,False,2023-08-29,2024-04-13
D-001478,M-00480,Huntingdon Town Council,Huntingdonshire District Council,St Ives West,Vice-Chair,Standards,Trade union membership,Trade union membership declared in the register,False,2025-02-05,2025-05-12
D-001479,M-00481,Huntingdonshire District Council,Huntingdonshire District Council,Sawtry,Chair,Corporate Governance,Securities,Securities declared in the register,False,2023-07-08,2024-02-05
D-001480,M-00482,South Cambridgeshire District Council,South Cambridgeshire District Council,Little Paxton,Councillor,Overview and Scrutiny,Directorship,Directorship declared in the register,False,2024-11-14,2025-09-11
D-001481,M-00482,South Cambridgeshire District Council,South Cambridgeshire District Council,Little Paxton,Councillor,Employment,Directorship,Directorship declared in the register,False,2024-08-13,2025-01-11
D-001482,M-00482,South Cambridgeshire District Council,South Cambridgeshire District Council,Little Paxton,Councillor,Environment,"Employment, office, trade or profession",Employment declared in the register,False,2025-08-16,2025-11-23
D-001483,M-00482,South Cambridgeshire District Council,South Cambridgeshire District Council,Little Paxton,Councillor,(none),Membership of a political party,Membership of a political party declared in the register,False,2023-09-04,2024-09-22
D-001484,M-00483,Cambridgeshire County Council,Cambridgeshire County Council,Alconbury,Councillor,Audit and Governance,Membership of a political party,Membership of a political party declared in the register,False,2025-08-22,2026-04-28
D-001485,M-00484,Ramsey Town Council,Huntingdonshire District Council,Yaxley,Councillor,Corporate Governance,Sensitive interest (withheld under s.32),,True,2024-11-06,2025-03-05
D-001486,M-00484,Ramsey Town Council,Huntingdonshire District Council,Yaxley,Councillor,Overview and Scrutiny,Membership of a charity or voluntary body,Membership of a charity or voluntary body declared in the register,False,2024-01-02,2024-05-09
D-001487,M-00484,Ramsey Town Council,Huntingdonshire District Council,Yaxley,Councillor,Finance,Trade union membership,Trade union membership declared in the register,False,2024-12-06,2025-02-19
D-001488,M-00484,Ramsey Town Council,Huntingdonshire District Council,Yaxley,Councillor,Environment,Contracts with the authority,Contracts with the authority declared in the register,False,2024-09-26,2025-10-18
D-001489,M-00484,Ramsey Town Council,Huntingdonshire District Council,Yaxley,Councillor,(none),"Employment, office, trade or profession",Employment declared in the register,False,2025-03-14,2025-05-05
D-001490,M-00485,Ramsey Town Council,Huntingdonshire District Council,St Ives East,Committee Member,(none),Sponsorship,Sponsorship declared in the register,False,2025-01-29,2025-06-15
D-001491,M-00485,Ramsey Town Council,Huntingdonshire District Council,St Ives East,Committee Member,Finance,Contracts with the authority,Contracts with the authority declared in the register,False,2024-04-28,2024-06-07
D-001492,M-00486,St Ives Town Council,Huntingdonshire District Council,St Ives East,Vice-Chair,Standards,"Employment, office, trade or profession",Employment declared in the register,False,2023-05-23,2024-06-01
D-001493,M-00486,St Ives Town Council,Huntingdonshire District Council,St Ives East,Vice-Chair,Health and Wellbeing,Contracts with the authority,Contracts with the authority declared in the register,False,2024-09-27,2025-08-30
D-001494,M-00486,St Ives Town Council,Huntingdonshire District Council,St Ives East,Vice-Chair,Licensing,Sponsorship,Sponsorship declared in the register,False,2025-04-10,2026-02-20
D-001495,M-00487,Ramsey Town Council,Huntingdonshire District Council,Warboys,Councillor,Finance,Securities,Securities declared in the register,False,2025-04-21,2025-12-12
D-001496,M-00487,Ramsey Town Council,Huntingdonshire District Council,Warboys,Councillor,Standards,Membership of a political party,Membership of a political party declared in the register,False,2024-04-23,2025-01-13
D-001497,M-00487,Ramsey Town Council,Huntingdonshire District Council,Warboys,Councillor,Environment,Trade union membership,Trade union membership declared in the register,False,2025-03-27,2025-11-29
D-001498,M-00487,Ramsey Town Council,Huntingdonshire District Council,Warboys,Councillor,(none),Membership of a political party,Membership of a political party declared in the register,False,2023-12-17,2024-07-12
D-001499,M-00488,Huntingdon Town Council,Huntingdonshire District Council,St Neots Eynesbury,Councillor,(none),Sensitive interest (withheld under s.32),,True,2025-06-28,2025-07-06
D-001500,M-00488,Huntingdon Town Council,Huntingdonshire District Council,St Neots Eynesbury,Councillor,Planning,Membership of a charity or voluntary body,Membership of a charity or voluntary body declared in the register,False,2024-05-02,2024-12-03
D-001501,M-00489,Ramsey Town Council,Huntingdonshire District Council,Sawtry,Chair,Standards,Membership of a political party,Membership of a political party declared in the register,False,2024-10-09,2025-04-03
D-001502,M-00489,Ramsey Town Council,Huntingdonshire District Council,Sawtry,Chair,Corporate Governance,Corporate tenancies,Corporate tenancies declared in the register,False,2024-05-04,2024-11-22
D-001503,M-00489,Ramsey Town Council,Huntingdonshire District Council,Sawtry,Chair,(none),Corporate tenancies,Corporate tenancies declared in the register,False,2024-02-04,2024-10-28
D-001504,M-00490,Huntingdonshire District Council,Huntingdonshire District Council,Brampton,Committee Member,Audit and Governance,Contracts with the authority,Contracts with the authority declared in the register,False,2025-08-28,2026-02-05
D-001505,M-00490,Huntingdonshire District Council,Huntingdonshire District Council,Brampton,Committee Member,Corporate Governance,Licences to occupy land,Licences to occupy land declared in the register,False,2023-10-25,2024-11-15
D-001506,M-00490,Huntingdonshire District Council,Huntingdonshire District Council,Brampton,Committee Member,Employment,Sponsorship,Sponsorship declared in the register,False,2024-02-18,2024-08-22
D-001507,M-00490,Huntingdonshire District Council,Huntingdonshire District Council,Brampton,Committee Member,Employment,Corporate tenancies,Corporate tenancies declared in the register,False,2025-07-23,2025-07-24
D-001508,M-00491,St Ives Town Council,Huntingdonshire District Council,Hemingfords,Chair,(none),Trade union membership,Trade union membership declared in the register,False,2025-03-29,2025-05-20
D-001509,M-00492,St Ives Town Council,Huntingdonshire District Council,Huntingdon East,Councillor,Audit and Governance,Directorship,Directorship declared in the register,False,2023-09-04,2024-05-27
D-001510,M-00492,St Ives Town Council,Huntingdonshire District Council,Huntingdon East,Councillor,Finance,Sensitive interest (withheld under s.32),,True,2024-12-13,2025-01-30
D-001511,M-00492,St Ives Town Council,Huntingdonshire District Council,Huntingdon East,Councillor,(none),Sponsorship,Sponsorship declared in the register,False,2023-10-13,2024-08-09
D-001512,M-00492,St Ives Town Council,Huntingdonshire District Council,Huntingdon East,Councillor,Planning,Membership of a charity or voluntary body,Membership of a charity or voluntary body declared in the register,False,2023-11-30,2024-05-12
D-001513,M-00492,St Ives Town Council,Huntingdonshire District Council,Huntingdon East,Councillor,Corporate Governance,"Employment, office, trade or profession",Employment declared in the register,False,2024-03-05,2024-12-26
D-001514,M-00493,Huntingdon Town Council,Huntingdonshire District Council,Buckden,Mayor,Employment,Directorship,Directorship declared in the register,False,2023-12-13,2024-09-20
D-001515,M-00493,Huntingdon Town Council,Huntingdonshire District Council,Buckden,Mayor,Environment,Licences to occupy land,Licences to occupy land declared in the register,False,2024-03-28,2024-06-10
D-001516,M-00493,Huntingdon Town Council,Huntingdonshire District Council,Buckden,Mayor,Corporate Governance,Land and property in the area,Land and property in the area declared in the register,False,2024-03-02,2024-09-20
D-001517,M-00493,Huntingdon Town Council,Huntingdonshire District Council,Buckden,Mayor,(none),Securities,Securities declared in the register,False,2023-08-20,2023-09-01
D-001518,M-00494,Huntingdon Town Council,Huntingdonshire District Council,Godmanchester,Cabinet Member,Licensing,Trade union membership,Trade union membership declared in the register,False,2025-02-28,2025-06-10
D-001519,M-00495,Huntingdon Town Council,Huntingdonshire District Council,Alconbury,Cabinet Member,Standards,Sponsorship,Sponsorship declared in the register,False,2023-07-22,2024-02-13
D-001520,M-00495,Huntingdon Town Council,Huntingdonshire District Council,Alconbury,Cabinet Member,Corporate Governance,Sponsorship,Sponsorship declared in the register,False,2024-06-01,2024-08-10
D-001521,M-00495,Huntingdon Town Council,Huntingdonshire District Council,Alconbury,Cabinet Member,Overview and Scrutiny,Membership of a political party,Membership of a political party declared in the register,False,2025-06-30,2026-01-01
D-001522,M-00495,Huntingdon Town Council,Huntingdonshire District Council,Alconbury,Cabinet Member,Environment,Sponsorship,Sponsorship declared in the register,False,2024-10-29,2025-09-25
D-001523,M-00495,Huntingdon Town Council,Huntingdonshire District Council,Alconbury,Cabinet Member,Finance,Land and property in the area,Land and property in the area declared in the register,False,2024-03-17,2025-03-06
D-001524,M-00496,Ramsey Town Council,Huntingdonshire District Council,Huntingdon North,Chair,Standards,Land and property in the area,Land and property in the area declared in the register,False,2024-01-16,2024-08-30
D-001525,M-00496,Ramsey Town Council,Huntingdonshire District Council,Huntingdon North,Chair,Standards,Licences to occupy land,Licences to occupy land declared in the register,False,2024-12-13,2025-03-16
D-001526,M-00496,Ramsey Town Council,Huntingdonshire District Council,Huntingdon North,Chair,Audit and Governance,Membership of a charity or voluntary body,Membership of a charity or voluntary body declared in the register,False,2025-10-06,2026-07-23
D-001527,M-00497,St Ives Town Council,Huntingdonshire District Council,Little Paxton,Mayor,Overview and Scrutiny,"Employment, office, trade or profession",Employment declared in the register,False,2024-09-05,2024-10-15
D-001528,M-00497,St Ives Town Council,Huntingdonshire District Council,Little Paxton,Mayor,Finance,Corporate tenancies,Corporate tenancies declared in the register,False,2025-01-03,2025-11-26
D-001529,M-00498,St Ives Town Council,Huntingdonshire District Council,Buckden,Cabinet Member,Health and Wellbeing,Membership of a body exercising public functions,Membership of a body exercising public functions declared in the register,False,2024-11-25,2025-09-29
D-001530,M-00498,St Ives Town Council,Huntingdonshire District Council,Buckden,Cabinet Member,Licensing,"Employment, office, trade or profession",Employment declared in the register,False,2024-01-29,2025-01-28
D-001531,M-00498,St Ives Town Council,Huntingdonshire District Council,Buckden,Cabinet Member,Overview and Scrutiny,Membership of a body exercising public functions,Membership of a body exercising public functions declared in the register,False,2025-07-11,2026-06-28
D-001532,M-00498,St Ives Town Council,Huntingdonshire District Council,Buckden,Cabinet Member,Finance,Corporate tenancies,Corporate tenancies declared in the register,False,2024-06-13,2025-04-30
D-001533,M-00498,St Ives Town Council,Huntingdonshire District Council,Buckden,Cabinet Member,Standards,Sponsorship,Sponsorship declared in the register,False,2024-12-24,2025-01-08
D-001534,M-00499,St Ives Town Council,Huntingdonshire District Council,Hemingfords,Councillor,Health and Wellbeing,Corporate tenancies,Corporate tenancies declared in the register,False,2025-09-25,2025-11-08
D-001535,M-00499,St Ives Town Council,Huntingdonshire District Council,Hemingfords,Councillor,Audit and Governance,Sponsorship,Sponsorship declared in the register,False,2024-11-14,2025-09-29
D-001536,M-00499,St Ives Town Council,Huntingdonshire District Council,Hemingfords,Councillor,Overview and Scrutiny,Membership of a political party,Membership of a political party declared in the register,False,2024-03-22,2024-08-03
D-001537,M-00500,Huntingdonshire District Council,Huntingdonshire District Council,Little Paxton,Councillor,Planning,Contracts with the authority,Contracts with the authority declared in the register,False,2024-12-27,2025-03-27
D-001538,M-00501,Ramsey Town Council,Huntingdonshire District Council,St Ives South,Chair,(none),Corporate tenancies,Corporate tenancies declared in the register,False,2024-10-02,2025-01-02
D-001539,M-00501,Ramsey Town Council,Huntingdonshire District Council,St Ives South,Chair,Audit and Governance,Membership of a political party,Membership of a political party declared in the register,False,2024-09-03,2024-10-17
D-001540,M-00501,Ramsey Town Council,Huntingdonshire District Council,St Ives South,Chair,Audit and Governance,Trade union membership,Trade union membership declared in the register,False,2025-04-29,2026-03-11
D-001541,M-00502,Huntingdon Town Council,Huntingdonshire District Council,Huntingdon West,Councillor,Standards,Corporate tenancies,Corporate tenancies declared in the register,False,2024-07-11,2024-11-26
D-001542,M-00502,Huntingdon Town Council,Huntingdonshire District Council,Huntingdon West,Councillor,(none),Trade union membership,Trade union membership declared in the register,False,2025-04-16,2025-06-06
D-001543,M-00503,Huntingdonshire District Council,Huntingdonshire District Council,Huntingdon North,Councillor,Environment,Sensitive interest (withheld under s.32),,True,2023-08-01,2024-08-31
D-001544,M-00503,Huntingdonshire District Council,Huntingdonshire District Council,Huntingdon North,Councillor,Licensing,Securities,Securities declared in the register,False,2025-04-20,2025-05-31
D-001545,M-00504,Huntingdonshire District Council,Huntingdonshire District Council,St Ives West,Councillor,Health and Wellbeing,Membership of a charity or voluntary body,Membership of a charity or voluntary body declared in the register,False,2023-06-26,2024-06-12
D-001546,M-00504,Huntingdonshire District Council,Huntingdonshire District Council,St Ives West,Councillor,Employment,Sponsorship,Sponsorship declared in the register,False,2025-06-02,2025-11-10
D-001547,M-00505,Ramsey Town Council,Huntingdonshire District Council,St Ives South,Committee Member,Audit and Governance,Land and property in the area,Land and property in the area declared in the register,False,2023-12-01,2024-02-18
D-001548,M-00505,Ramsey Town Council,Huntingdonshire District Council,St Ives South,Committee Member,Planning,Land and property in the area,Land and property in the area declared in the register,False,2024-01-26,2024-05-19
D-001549,M-00505,Ramsey Town Council,Huntingdonshire District Council,St Ives South,Committee Member,Standards,Trade union membership,Trade union membership declared in the register,False,2023-07-06,2024-06-14
D-001550,M-00506,St Ives Town Council,Huntingdonshire District Council,Brampton,Councillor,Audit and Governance,Sponsorship,Sponsorship declared in the register,False,2023-09-03,2024-03-24
D-001551,M-00506,St Ives Town Council,Huntingdonshire District Council,Brampton,Councillor,Health and Wellbeing,"Employment, office, trade or profession",Employment declared in the register,False,2024-06-27,2025-07-27
D-001552,M-00507,Huntingdonshire District Council,Huntingdonshire District Council,St Ives South,Councillor,Environment,Contracts with the authority,Contracts with the authority declared in the register,False,2023-07-01,2024-02-29
D-001553,M-00507,Huntingdonshire District Council,Huntingdonshire District Council,St Ives South,Councillor,Employment,Directorship,Directorship declared in the register,False,2025-05-30,2025-06-14
D-001554,M-00507,Huntingdonshire District Council,Huntingdonshire District Council,St Ives South,Councillor,Overview and Scrutiny,Securities,Securities declared in the register,False,2024-04-12,2024-06-20
D-001555,M-00508,Cambridgeshire County Council,Cambridgeshire County Council,Ramsey,Councillor,Corporate Governance,Membership of a body exercising public functions,Membership of a body exercising public functions declared in the register,False,2025-01-24,2025-10-05
D-001556,M-00508,Cambridgeshire County Council,Cambridgeshire County Council,Ramsey,Councillor,Overview and Scrutiny,Securities,Securities declared in the register,False,2024-06-04,2024-07-21
D-001557,M-00509,St Ives Town Council,Huntingdonshire District Council,Huntingdon West,Councillor,Standards,Membership of a political party,Membership of a political party declared in the register,False,2024-02-27,2024-09-26
D-001558,M-00509,St Ives Town Council,Huntingdonshire District Council,Huntingdon West,Councillor,Audit and Governance,Licences to occupy land,Licences to occupy land declared in the register,False,2023-10-19,2024-07-01
D-001559,M-00510,St Ives Town Council,Huntingdonshire District Council,Ramsey,Councillor,(none),Trade union membership,Trade union membership declared in the register,False,2023-10-04,2024-10-25
D-001560,M-00510,St Ives Town Council,Huntingdonshire District Council,Ramsey,Councillor,Finance,Licences to occupy land,Licences to occupy land declared in the register,False,2025-04-25,2025-09-05
D-001561,M-00511,Ramsey Town Council,Huntingdonshire District Council,Huntingdon North,Cabinet Member,Health and Wellbeing,Membership of a charity or voluntary body,Membership of a charity or voluntary body declared in the register,False,2024-04-11,2024-07-24
D-001562,M-00511,Ramsey Town Council,Huntingdonshire District Council,Huntingdon North,Cabinet Member,Planning,Land and property in the area,Land and property in the area declared in the register,False,2025-05-02,2026-03-28
D-001563,M-00511,Ramsey Town Council,Huntingdonshire District Council,Huntingdon North,Cabinet Member,Planning,Securities,Securities declared in the register,False,2025-05-20,2025-10-19
D-001564,M-00512,Cambridgeshire County Council,Cambridgeshire County Council,Ramsey,Councillor,Standards,Membership of a body exercising public functions,Membership of a body exercising public functions declared in the register,False,2025-04-07,2026-02-06
D-001565,M-00512,Cambridgeshire County Council,Cambridgeshire County Council,Ramsey,Councillor,Planning,Membership of a body exercising public functions,Membership of a body exercising public functions declared in the register,False,2024-01-18,2025-02-11
D-001566,M-00512,Cambridgeshire County Council,Cambridgeshire County Council,Ramsey,Councillor,Planning,Membership of a political party,Membership of a political party declared in the register,False,2023-06-17,2024-01-14
D-001567,M-00512,Cambridgeshire County Council,Cambridgeshire County Council,Ramsey,Councillor,Finance,Corporate tenancies,Corporate tenancies declared in the register,False,2024-12-24,2025-11-07
D-001568,M-00512,Cambridgeshire County Council,Cambridgeshire County Council,Ramsey,Councillor,Overview and Scrutiny,Membership of a body exercising public functions,Membership of a body exercising public functions declared in the register,False,2024-04-29,2025-03-03
D-001569,M-00513,Huntingdonshire District Council,Huntingdonshire District Council,St Neots East,Councillor,Audit and Governance,Contracts with the authority,Contracts with the authority declared in the register,False,2025-01-02,2025-09-14
D-001570,M-00513,Huntingdonshire District Council,Huntingdonshire District Council,St Neots East,Councillor,Overview and Scrutiny,Membership of a body exercising public functions,Membership of a body exercising public functions declared in the register,False,2024-12-03,2024-12-25
D-001571,M-00513,Huntingdonshire District Council,Huntingdonshire District Council,St Neots East,Councillor,Finance,Securities,Securities declared in the register,False,2025-04-01,2025-07-21
D-001572,M-00513,Huntingdonshire District Council,Huntingdonshire District Council,St Neots East,Councillor,Licensing,Membership of a political party,Membership of a political party declared in the register,False,2024-06-25,2024-09-26
D-001573,M-00513,Huntingdonshire District Council,Huntingdonshire District Council,St Neots East,Councillor,Planning,Membership of a political party,Membership of a political party declared in the register,False,2025-03-09,2025-12-21
D-001574,M-00514,St Ives Town Council,Huntingdonshire District Council,Fenstanton,Chair,Health and Wellbeing,Licences to occupy land,Licences to occupy land declared in the register,False,2025-01-03,2025-10-16
D-001575,M-00515,Huntingdon Town Council,Huntingdonshire District Council,Little Paxton,Councillor,Standards,Sensitive interest (withheld under s.32),,True,2024-10-30,2025-07-27
D-001576,M-00515,Huntingdon Town Council,Huntingdonshire District Council,Little Paxton,Councillor,Audit and Governance,Sponsorship,Sponsorship declared in the register,False,2023-07-20,2024-07-15
D-001577,M-00516,Huntingdon Town Council,Huntingdonshire District Council,Godmanchester,Councillor,Licensing,Membership of a body exercising public functions,Membership of a body exercising public functions declared in the register,False,2024-07-07,2025-01-12
D-001578,M-00516,Huntingdon Town Council,Huntingdonshire District Council,Godmanchester,Councillor,Employment,Land and property in the area,Land and property in the area declared in the register,False,2025-03-24,2025-12-01
D-001579,M-00516,Huntingdon Town Council,Huntingdonshire District Council,Godmanchester,Councillor,Overview and Scrutiny,Membership of a charity or voluntary body,Membership of a charity or voluntary body declared in the register,False,2023-11-10,2024-08-15
D-001580,M-00516,Huntingdon Town Council,Huntingdonshire District Council,Godmanchester,Councillor,Audit and Governance,Sensitive interest (withheld under s.32),,True,2024-01-05,2024-08-04
D-001581,M-00517,Huntingdonshire District Council,Huntingdonshire District Council,Somersham,Councillor,Corporate Governance,Membership of a body exercising public functions,Membership of a body exercising public functions declared in the register,False,2023-11-28,2024-03-13
D-001582,M-00517,Huntingdonshire District Council,Huntingdonshire District Council,Somersham,Councillor,Environment,Directorship,Directorship declared in the register,False,2025-01-13,2025-04-12
D-001583,M-00517,Huntingdonshire District Council,Huntingdonshire District Council,Somersham,Councillor,Standards,Land and property in the area,Land and property in the area declared in the register,False,2023-09-07,2023-09-30
D-001584,M-00518,Huntingdonshire District Council,Huntingdonshire District Council,Huntingdon West,Councillor,(none),Membership of a body exercising public functions,Membership of a body exercising public functions declared in the register,False,2024-10-27,2025-03-27
D-001585,M-00518,Huntingdonshire District Council,Huntingdonshire District Council,Huntingdon West,Councillor,Environment,Directorship,Directorship declared in the register,False,2025-10-04,2025-12-05
D-001586,M-00518,Huntingdonshire District Council,Huntingdonshire District Council,Huntingdon West,Councillor,Environment,Membership of a body exercising public functions,Membership of a body exercising public functions declared in the register,False,2024-07-09,2025-08-12
D-001587,M-00519,St Ives Town Council,Huntingdonshire District Council,St Ives South,Councillor,Audit and Governance,Sensitive interest (withheld under s.32),,True,2023-12-09,2024-01-28
D-001588,M-00519,St Ives Town Council,Huntingdonshire District Council,St Ives South,Councillor,Employment,Membership of a political party,Membership of a political party declared in the register,False,2024-01-05,2025-01-22
D-001589,M-00519,St Ives Town Council,Huntingdonshire District Council,St Ives South,Councillor,Standards,Contracts with the authority,Contracts with the authority declared in the register,False,2024-06-27,2025-06-12
D-001590,M-00519,St Ives Town Council,Huntingdonshire District Council,St Ives South,Councillor,Finance,Securities,Securities declared in the register,False,2025-07-01,2026-04-28
D-001591,M-00520,Ramsey Town Council,Huntingdonshire District Council,Huntingdon East,Councillor,Licensing,Sponsorship,Sponsorship declared in the register,False,2024-01-21,2024-03-14
D-001592,M-00520,Ramsey Town Council,Huntingdonshire District Council,Huntingdon East,Councillor,Audit and Governance,Membership of a political party,Membership of a political party declared in the register,False,2023-10-30,2024-06-12
D-001593,M-00521,St Ives Town Council,Huntingdonshire District Council,Huntingdon West,Councillor,Audit and Governance,Land and property in the area,Land and property in the area declared in the register,False,2025-03-06,2025-10-01
D-001594,M-00521,St Ives Town Council,Huntingdonshire District Council,Huntingdon West,Councillor,Employment,Membership of a political party,Membership of a political party declared in the register,False,2025-08-27,2025-12-25
D-001595,M-00521,St Ives Town Council,Huntingdonshire District Council,Huntingdon West,Councillor,Planning,Contracts with the authority,Contracts with the authority declared in the register,False,2025-08-09,2026-04-13
D-001596,M-00521,St Ives Town Council,Huntingdonshire District Council,Huntingdon West,Councillor,Licensing,Corporate tenancies,Corporate tenancies declared in the register,False,2024-07-13,2024-08-17
D-001597,M-00522,Huntingdon Town Council,Huntingdonshire District Council,St Neots East,Councillor,Licensing,Licences to occupy land,Licences to occupy land declared in the register,False,2025-06-16,2026-03-05
D-001598,M-00523,St Ives Town Council,Huntingdonshire District Council,Godmanchester,Vice-Chair,Overview and Scrutiny,Trade union membership,Trade union membership declared in the register,False,2025-04-01,2026-04-15
D-001599,M-00523,St Ives Town Council,Huntingdonshire District Council,Godmanchester,Vice-Chair,Finance,Licences to occupy land,Licences to occupy land declared in the register,False,2023-07-19,2023-11-16
D-001600,M-00523,St Ives Town Council,Huntingdonshire District Council,Godmanchester,Vice-Chair,Standards,Sponsorship,Sponsorship declared in the register,False,2023-06-15,2023-12-24
D-001601,M-00524,Huntingdon Town Council,Huntingdonshire District Council,Ramsey,Councillor,Audit and Governance,Membership of a political party,Membership of a political party declared in the register,False,2024-06-25,2025-05-31
D-001602,M-00524,Huntingdon Town Council,Huntingdonshire District Council,Ramsey,Councillor,Employment,Membership of a charity or voluntary body,Membership of a charity or voluntary body declared in the register,False,2023-06-23,2024-03-18
D-001603,M-00524,Huntingdon Town Council,Huntingdonshire District Council,Ramsey,Councillor,Standards,Membership of a body exercising public functions,Membership of a body exercising public functions declared in the register,False,2024-10-17,2025-02-09
D-001604,M-00524,Huntingdon Town Council,Huntingdonshire District Council,Ramsey,Councillor,Licensing,Licences to occupy land,Licences to occupy land declared in the register,False,2025-01-25,2025-02-27
D-001605,M-00524,Huntingdon Town Council,Huntingdonshire District Council,Ramsey,Councillor,Licensing,Securities,Securities declared in the register,False,2023-09-07,2024-01-07
D-001606,M-00525,Ramsey Town Council,Huntingdonshire District Council,Huntingdon West,Committee Member,Finance,Securities,Securities declared in the register,False,2024-04-18,2024-12-19
D-001607,M-00525,Ramsey Town Council,Huntingdonshire District Council,Huntingdon West,Committee Member,Audit and Governance,Land and property in the area,Land and property in the area declared in the register,False,2024-03-22,2024-10-09
D-001608,M-00525,Ramsey Town Council,Huntingdonshire District Council,Huntingdon West,Committee Member,Planning,Contracts with the authority,Contracts with the authority declared in the register,False,2025-03-14,2025-11-17
D-001609,M-00526,Cambridgeshire County Council,Cambridgeshire County Council,Fenstanton,Councillor,Environment,Membership of a body exercising public functions,Membership of a body exercising public functions declared in the register,False,2024-07-19,2024-08-12
D-001610,M-00526,Cambridgeshire County Council,Cambridgeshire County Council,Fenstanton,Councillor,Finance,Contracts with the authority,Contracts with the authority declared in the register,False,2023-05-24,2024-02-06
D-001611,M-00526,Cambridgeshire County Council,Cambridgeshire County Council,Fenstanton,Councillor,Standards,Contracts with the authority,Contracts with the authority declared in the register,False,2023-07-07,2024-02-01
D-001612,M-00526,Cambridgeshire County Council,Cambridgeshire County Council,Fenstanton,Councillor,Planning,Sensitive interest (withheld under s.32),,True,2024-08-26,2024-09-29
D-001613,M-00527,St Ives Town Council,Huntingdonshire District Council,Fenstanton,Councillor,Planning,Licences to occupy land,Licences to occupy land declared in the register,False,2025-09-18,2026-02-21
D-001614,M-00527,St Ives Town Council,Huntingdonshire District Council,Fenstanton,Councillor,Finance,Membership of a body exercising public functions,Membership of a body exercising public functions declared in the register,False,2024-09-30,2025-09-05
D-001615,M-00528,St Ives Town Council,Huntingdonshire District Council,Huntingdon North,Councillor,Audit and Governance,Membership of a body exercising public functions,Membership of a body exercising public functions declared in the register,False,2025-08-19,2026-06-12
D-001616,M-00528,St Ives Town Council,Huntingdonshire District Council,Huntingdon North,Councillor,Audit and Governance,Membership of a charity or voluntary body,Membership of a charity or voluntary body declared in the register,False,2024-11-11,2025-06-26
D-001617,M-00529,Ramsey Town Council,Huntingdonshire District Council,Huntingdon East,Councillor,(none),Sponsorship,Sponsorship declared in the register,False,2024-04-29,2024-10-22
D-001618,M-00529,Ramsey Town Council,Huntingdonshire District Council,Huntingdon East,Councillor,Employment,Securities,Securities declared in the register,False,2024-11-21,2025-05-13
D-001619,M-00529,Ramsey Town Council,Huntingdonshire District Council,Huntingdon East,Councillor,Health and Wellbeing,Corporate tenancies,Corporate tenancies declared in the register,False,2023-06-20,2024-02-14
D-001620,M-00529,Ramsey Town Council,Huntingdonshire District Council,Huntingdon East,Councillor,Corporate Governance,Directorship,Directorship declared in the register,False,2024-04-12,2024-09-25
D-001621,M-00530,Huntingdonshire District Council,Huntingdonshire District Council,Buckden,Vice-Chair,Environment,Securities,Securities declared in the register,False,2023-06-28,2024-07-05
D-001622,M-00530,Huntingdonshire District Council,Huntingdonshire District Council,Buckden,Vice-Chair,Planning,Trade union membership,Trade union membership declared in the register,False,2023-08-18,2024-03-30
D-001623,M-00530,Huntingdonshire District Council,Huntingdonshire District Council,Buckden,Vice-Chair,Audit and Governance,Membership of a body exercising public functions,Membership of a body exercising public functions declared in the register,False,2024-04-05,2025-01-25
D-001624,M-00530,Huntingdonshire District Council,Huntingdonshire District Council,Buckden,Vice-Chair,Audit and Governance,Contracts with the authority,Contracts with the authority declared in the register,False,2023-11-06,2024-07-12
D-001625,M-00531,Cambridgeshire County Council,Cambridgeshire County Council,St Neots East,Councillor,Environment,Corporate tenancies,Corporate tenancies declared in the register,False,2024-12-07,2025-11-23
D-001626,M-00531,Cambridgeshire County Council,Cambridgeshire County Council,St Neots East,Councillor,Planning,Directorship,Directorship declared in the register,False,2024-01-01,2025-01-17
D-001627,M-00532,Huntingdon Town Council,Huntingdonshire District Council,Alconbury,Cabinet Member,(none),Land and property in the area,Land and property in the area declared in the register,False,2023-12-13,2024-10-26
D-001628,M-00532,Huntingdon Town Council,Huntingdonshire District Council,Alconbury,Cabinet Member,(none),Land and property in the area,Land and property in the area declared in the register,False,2025-02-25,2025-03-31
D-001629,M-00532,Huntingdon Town Council,Huntingdonshire District Council,Alconbury,Cabinet Member,Planning,Membership of a political party,Membership of a political party declared in the register,False,2025-02-16,2025-07-27
D-001630,M-00532,Huntingdon Town Council,Huntingdonshire District Council,Alconbury,Cabinet Member,Environment,Membership of a body exercising public functions,Membership of a body exercising public functions declared in the register,False,2024-07-06,2025-03-29
D-001631,M-00532,Huntingdon Town Council,Huntingdonshire District Council,Alconbury,Cabinet Member,Standards,Land and property in the area,Land and property in the area declared in the register,False,2024-03-27,2024-06-12
D-001632,M-00533,Huntingdon Town Council,Huntingdonshire District Council,Yaxley,Committee Member,Environment,Sponsorship,Sponsorship declared in the register,False,2024-10-11,2025-05-15
D-001633,M-00533,Huntingdon Town Council,Huntingdonshire District Council,Yaxley,Committee Member,Standards,Land and property in the area,Land and property in the area declared in the register,False,2024-01-26,2024-04-14
D-001634,M-00533,Huntingdon Town Council,Huntingdonshire District Council,Yaxley,Committee Member,Health and Wellbeing,Directorship,Directorship declared in the register,False,2025-01-06,2025-10-31
D-001635,M-00533,Huntingdon Town Council,Huntingdonshire District Council,Yaxley,Committee Member,Environment,Trade union membership,Trade union membership declared in the register,False,2025-02-21,2025-07-19
D-001636,M-00533,Huntingdon Town Council,Huntingdonshire District Council,Yaxley,Committee Member,Finance,Sponsorship,Sponsorship declared in the register,False,2024-12-08,2025-03-25
D-001637,M-00534,South Cambridgeshire District Council,South Cambridgeshire District Council,Fenstanton,Cabinet Member,Licensing,Land and property in the area,Land and property in the area declared in the register,False,2024-03-30,2024-11-08
D-001638,M-00534,South Cambridgeshire District Council,South Cambridgeshire District Council,Fenstanton,Cabinet Member,Audit and Governance,Membership of a political party,Membership of a political party declared in the register,False,2023-10-30,2024-04-23
D-001639,M-00534,South Cambridgeshire District Council,South Cambridgeshire District Council,Fenstanton,Cabinet Member,Standards,Land and property in the area,Land and property in the area declared in the register,False,2024-07-31,2025-04-22
D-001640,M-00535,Huntingdon Town Council,Huntingdonshire District Council,Hemingfords,Committee Member,Health and Wellbeing,Land and property in the area,Land and property in the area declared in the register,False,2023-07-11,2023-07-15
D-001641,M-00536,St Ives Town Council,Huntingdonshire District Council,Huntingdon East,Councillor,(none),Membership of a body exercising public functions,Membership of a body exercising public functions declared in the register,False,2023-05-30,2024-02-24
D-001642,M-00536,St Ives Town Council,Huntingdonshire District Council,Huntingdon East,Councillor,Environment,Securities,Securities declared in the register,False,2023-12-13,2024-04-13
D-001643,M-00537,Ramsey Town Council,Huntingdonshire District Council,Warboys,Councillor,Environment,Sensitive interest (withheld under s.32),,True,2023-10-20,2024-05-18
D-001644,M-00538,Huntingdon Town Council,Huntingdonshire District Council,Warboys,Councillor,Finance,Sensitive interest (withheld under s.32),,True,2025-07-27,2026-01-15
D-001645,M-00538,Huntingdon Town Council,Huntingdonshire District Council,Warboys,Councillor,Employment,Directorship,Directorship declared in the register,False,2025-01-24,2025-05-08
D-001646,M-00538,Huntingdon Town Council,Huntingdonshire District Council,Warboys,Councillor,Planning,Directorship,Directorship declared in the register,False,2023-12-15,2024-11-06
D-001647,M-00538,Huntingdon Town Council,Huntingdonshire District Council,Warboys,Councillor,Audit and Governance,Sponsorship,Sponsorship declared in the register,False,2025-08-23,2026-06-05
D-001648,M-00539,St Ives Town Council,Huntingdonshire District Council,Little Paxton,Chair,Employment,Trade union membership,Trade union membership declared in the register,False,2025-05-18,2026-06-16
D-001649,M-00539,St Ives Town Council,Huntingdonshire District Council,Little Paxton,Chair,(none),"Employment, office, trade or profession",Employment declared in the register,False,2024-09-20,2024-12-02
D-001650,M-00539,St Ives Town Council,Huntingdonshire District Council,Little Paxton,Chair,Corporate Governance,Licences to occupy land,Licences to occupy land declared in the register,False,2025-07-29,2026-04-02
D-001651,M-00539,St Ives Town Council,Huntingdonshire District Council,Little Paxton,Chair,(none),Corporate tenancies,Corporate tenancies declared in the register,False,2024-09-15,2025-03-30
D-001652,M-00539,St Ives Town Council,Huntingdonshire District Council,Little Paxton,Chair,Environment,Trade union membership,Trade union membership declared in the register,False,2024-10-31,2024-12-13
D-001653,M-00540,Ramsey Town Council,Huntingdonshire District Council,St Neots Eynesbury,Councillor,Corporate Governance,Sponsorship,Sponsorship declared in the register,False,2024-10-07,2025-01-01
D-001654,M-00540,Ramsey Town Council,Huntingdonshire District Council,St Neots Eynesbury,Councillor,Environment,Licences to occupy land,Licences to occupy land declared in the register,False,2024-05-23,2025-02-27
D-001655,M-00540,Ramsey Town Council,Huntingdonshire District Council,St Neots Eynesbury,Councillor,Planning,Contracts with the authority,Contracts with the authority declared in the register,False,2025-08-23,2025-09-12
D-001656,M-00541,Ramsey Town Council,Huntingdonshire District Council,Hemingfords,Councillor,Standards,Trade union membership,Trade union membership declared in the register,False,2024-01-10,2024-02-17
D-001657,M-00542,Ramsey Town Council,Huntingdonshire District Council,Ramsey,Councillor,(none),Corporate tenancies,Corporate tenancies declared in the register,False,2025-01-11,2025-05-18
D-001658,M-00542,Ramsey Town Council,Huntingdonshire District Council,Ramsey,Councillor,(none),Directorship,Directorship declared in the register,False,2025-09-22,2026-10-20
D-001659,M-00542,Ramsey Town Council,Huntingdonshire District Council,Ramsey,Councillor,Corporate Governance,Membership of a body exercising public functions,Membership of a body exercising public functions declared in the register,False,2025-07-27,2025-07-28
D-001660,M-00543,St Ives Town Council,Huntingdonshire District Council,St Neots Eynesbury,Committee Member,Standards,Licences to occupy land,Licences to occupy land declared in the register,False,2023-11-28,2024-05-01
D-001661,M-00543,St Ives Town Council,Huntingdonshire District Council,St Neots Eynesbury,Committee Member,Audit and Governance,Contracts with the authority,Contracts with the authority declared in the register,False,2024-02-24,2024-08-22
D-001662,M-00543,St Ives Town Council,Huntingdonshire District Council,St Neots Eynesbury,Committee Member,Audit and Governance,Corporate tenancies,Corporate tenancies declared in the register,False,2024-01-14,2024-01-28
D-001663,M-00543,St Ives Town Council,Huntingdonshire District Council,St Neots Eynesbury,Committee Member,Audit and Governance,Directorship,Directorship declared in the register,False,2025-01-15,2025-06-23
D-001664,M-00543,St Ives Town Council,Huntingdonshire District Council,St Neots Eynesbury,Committee Member,Audit and Governance,Sensitive interest (withheld under s.32),,True,2025-03-14,2026-04-07
D-001665,M-00544,St Ives Town Council,Huntingdonshire District Council,Brampton,Councillor,Finance,Securities,Securities declared in the register,False,2024-05-05,2024-05-29
D-001666,M-00544,St Ives Town Council,Huntingdonshire District Council,Brampton,Councillor,Finance,Securities,Securities declared in the register,False,2025-04-23,2026-05-11
D-001667,M-00544,St Ives Town Council,Huntingdonshire District Council,Brampton,Councillor,(none),Membership of a body exercising public functions,Membership of a body exercising public functions declared in the register,False,2025-05-30,2026-01-04
D-001668,M-00545,Ramsey Town Council,Huntingdonshire District Council,St Neots East,Councillor,Environment,Corporate tenancies,Corporate tenancies declared in the register,False,2024-04-17,2024-10-11
D-001669,M-00546,Cambridgeshire County Council,Cambridgeshire County Council,Yaxley,Vice-Chair,Employment,Land and property in the area,Land and property in the area declared in the register,False,2025-07-29,2026-01-21
D-001670,M-00546,Cambridgeshire County Council,Cambridgeshire County Council,Yaxley,Vice-Chair,Standards,Corporate tenancies,Corporate tenancies declared in the register,False,2023-06-20,2023-07-01
D-001671,M-00546,Cambridgeshire County Council,Cambridgeshire County Council,Yaxley,Vice-Chair,Employment,Trade union membership,Trade union membership declared in the register,False,2023-08-20,2024-03-04
D-001672,M-00546,Cambridgeshire County Council,Cambridgeshire County Council,Yaxley,Vice-Chair,Health and Wellbeing,Licences to occupy land,Licences to occupy land declared in the register,False,2024-04-25,2024-05-28
D-001673,M-00546,Cambridgeshire County Council,Cambridgeshire County Council,Yaxley,Vice-Chair,Planning,Sponsorship,Sponsorship declared in the register,False,2024-08-05,2024-08-12
D-001674,M-00547,Ramsey Town Council,Huntingdonshire District Council,Little Paxton,Councillor,(none),Trade union membership,Trade union membership declared in the register,False,2023-09-08,2024-05-07
D-001675,M-00547,Ramsey Town Council,Huntingdonshire District Council,Little Paxton,Councillor,Audit and Governance,Licences to occupy land,Licences to occupy land declared in the register,False,2024-12-15,2025-07-10
D-001676,M-00547,Ramsey Town Council,Huntingdonshire District Council,Little Paxton,Councillor,(none),Licences to occupy land,Licences to occupy land declared in the register,False,2024-05-22,2025-03-27
D-001677,M-00547,Ramsey Town Council,Huntingdonshire District Council,Little Paxton,Councillor,Environment,Land and property in the area,Land and property in the area declared in the register,False,2023-08-15,2024-06-01
D-001678,M-00548,Huntingdon Town Council,Huntingdonshire District Council,Godmanchester,Councillor,Licensing,Membership of a charity or voluntary body,Membership of a charity or voluntary body declared in the register,False,2024-11-20,2025-11-21
D-001679,M-00548,Huntingdon Town Council,Huntingdonshire District Council,Godmanchester,Councillor,Audit and Governance,Membership of a charity or voluntary body,Membership of a charity or voluntary body declared in the register,False,2024-07-09,2025-04-10
D-001680,M-00548,Huntingdon Town Council,Huntingdonshire District Council,Godmanchester,Councillor,Corporate Governance,Land and property in the area,Land and property in the area declared in the register,False,2025-01-14,2025-10-09
D-001681,M-00548,Huntingdon Town Council,Huntingdonshire District Council,Godmanchester,Councillor,Environment,Sponsorship,Sponsorship declared in the register,False,2025-01-19,2025-04-06
D-001682,M-00548,Huntingdon Town Council,Huntingdonshire District Council,Godmanchester,Councillor,Licensing,Corporate tenancies,Corporate tenancies declared in the register,False,2023-11-30,2024-09-17
D-001683,M-00549,Cambridgeshire County Council,Cambridgeshire County Council,St Ives West,Committee Member,Audit and Governance,Land and property in the area,Land and property in the area declared in the register,False,2024-02-02,2024-08-01
D-001684,M-00549,Cambridgeshire County Council,Cambridgeshire County Council,St Ives West,Committee Member,Audit and Governance,Directorship,Directorship declared in the register,False,2025-07-25,2026-08-14
D-001685,M-00549,Cambridgeshire County Council,Cambridgeshire County Council,St Ives West,Committee Member,(none),Contracts with the authority,Contracts with the authority declared in the register,False,2024-06-24,2024-12-23
D-001686,M-00549,Cambridgeshire County Council,Cambridgeshire County Council,St Ives West,Committee Member,(none),Land and property in the area,Land and property in the area declared in the register,False,2023-05-26,2024-01-16
D-001687,M-00549,Cambridgeshire County Council,Cambridgeshire County Council,St Ives West,Committee Member,Overview and Scrutiny,Licences to occupy land,Licences to occupy land declared in the register,False,2025-03-11,2025-12-07
D-001688,M-00550,South Cambridgeshire District Council,South Cambridgeshire District Council,St Ives South,Cabinet Member,Audit and Governance,Licences to occupy land,Licences to occupy land declared in the register,False,2024-01-31,2024-03-08
D-001689,M-00550,South Cambridgeshire District Council,South Cambridgeshire District Council,St Ives South,Cabinet Member,Finance,"Employment, office, trade or profession",Employment declared in the register,False,2024-01-19,2024-06-14
D-001690,M-00551,South Cambridgeshire District Council,South Cambridgeshire District Council,Huntingdon North,Councillor,Health and Wellbeing,Membership of a political party,Membership of a political party declared in the register,False,2024-01-15,2024-02-12
D-001691,M-00551,South Cambridgeshire District Council,South Cambridgeshire District Council,Huntingdon North,Councillor,Overview and Scrutiny,Sponsorship,Sponsorship declared in the register,False,2025-07-16,2026-03-29
D-001692,M-00552,Ramsey Town Council,Huntingdonshire District Council,Little Paxton,Councillor,(none),"Employment, office, trade or profession",Employment declared in the register,False,2024-04-19,2024-10-18
D-001693,M-00553,Ramsey Town Council,Huntingdonshire District Council,Hemingfords,Councillor,Standards,Membership of a political party,Membership of a political party declared in the register,False,2025-06-24,2025-12-30
D-001694,M-00553,Ramsey Town Council,Huntingdonshire District Council,Hemingfords,Councillor,Standards,Membership of a political party,Membership of a political party declared in the register,False,2025-02-07,2025-04-06
D-001695,M-00554,South Cambridgeshire District Council,South Cambridgeshire District Council,Huntingdon North,Councillor,Standards,Directorship,Directorship declared in the register,False,2025-02-23,2025-10-12
D-001696,M-00555,Cambridgeshire County Council,Cambridgeshire County Council,Yaxley,Councillor,Overview and Scrutiny,Securities,Securities declared in the register,False,2025-09-06,2026-04-22
D-001697,M-00556,St Ives Town Council,Huntingdonshire District Council,Huntingdon North,Councillor,Standards,Membership of a political party,Membership of a political party declared in the register,False,2025-05-08,2025-05-18
D-001698,M-00556,St Ives Town Council,Huntingdonshire District Council,Huntingdon North,Councillor,Audit and Governance,Licences to occupy land,Licences to occupy land declared in the register,False,2023-08-25,2024-09-16
D-001699,M-00557,Ramsey Town Council,Huntingdonshire District Council,St Ives East,Cabinet Member,Audit and Governance,Land and property in the area,Land and property in the area declared in the register,False,2025-01-02,2025-10-22
D-001700,M-00557,Ramsey Town Council,Huntingdonshire District Council,St Ives East,Cabinet Member,Licensing,Membership of a charity or voluntary body,Membership of a charity or voluntary body declared in the register,False,2023-07-24,2024-04-03
D-001701,M-00557,Ramsey Town Council,Huntingdonshire District Council,St Ives East,Cabinet Member,Audit and Governance,Membership of a body exercising public functions,Membership of a body exercising public functions declared in the register,False,2024-10-16,2025-01-19
D-001702,M-00557,Ramsey Town Council,Huntingdonshire District Council,St Ives East,Cabinet Member,Corporate Governance,Licences to occupy land,Licences to occupy land declared in the register,False,2023-06-24,2024-05-14
D-001703,M-00557,Ramsey Town Council,Huntingdonshire District Council,St Ives East,Cabinet Member,Licensing,Directorship,Directorship declared in the register,False,2024-06-23,2025-02-01
D-001704,M-00558,South Cambridgeshire District Council,South Cambridgeshire District Council,Huntingdon East,Cabinet Member,Standards,Corporate tenancies,Corporate tenancies declared in the register,False,2023-08-14,2024-05-22
D-001705,M-00558,South Cambridgeshire District Council,South Cambridgeshire District Council,Huntingdon East,Cabinet Member,Overview and Scrutiny,Licences to occupy land,Licences to occupy land declared in the register,False,2024-03-06,2024-03-30
D-001706,M-00558,South Cambridgeshire District Council,South Cambridgeshire District Council,Huntingdon East,Cabinet Member,Health and Wellbeing,Membership of a body exercising public functions,Membership of a body exercising public functions declared in the register,False,2023-10-10,2023-12-10
D-001707,M-00558,South Cambridgeshire District Council,South Cambridgeshire District Council,Huntingdon East,Cabinet Member,Licensing,Directorship,Directorship declared in the register,False,2023-09-16,2023-12-09
D-001708,M-00558,South Cambridgeshire District Council,South Cambridgeshire District Council,Huntingdon East,Cabinet Member,Finance,Contracts with the authority,Contracts with the authority declared in the register,False,2024-04-22,2025-05-20
D-001709,M-00559,Ramsey Town Council,Huntingdonshire District Council,St Ives South,Councillor,Licensing,Membership of a body exercising public functions,Membership of a body exercising public functions declared in the register,False,2023-12-12,2024-10-04
D-001710,M-00559,Ramsey Town Council,Huntingdonshire District Council,St Ives South,Councillor,Licensing,"Employment, office, trade or profession",Employment declared in the register,False,2024-10-16,2025-11-09
D-001711,M-00559,Ramsey Town Council,Huntingdonshire District Council,St Ives South,Councillor,Standards,Sensitive interest (withheld under s.32),,True,2023-07-03,2023-09-19
D-001712,M-00559,Ramsey Town Council,Huntingdonshire District Council,St Ives South,Councillor,Corporate Governance,Land and property in the area,Land and property in the area declared in the register,False,2024-08-26,2025-03-10
D-001713,M-00559,Ramsey Town Council,Huntingdonshire District Council,St Ives South,Councillor,Audit and Governance,Land and property in the area,Land and property in the area declared in the register,False,2024-03-07,2024-10-13
D-001714,M-00560,Huntingdonshire District Council,Huntingdonshire District Council,Yaxley,Councillor,Corporate Governance,Land and property in the area,Land and property in the area declared in the register,False,2025-01-04,2025-03-19
D-001715,M-00560,Huntingdonshire District Council,Huntingdonshire District Council,Yaxley,Councillor,Standards,Membership of a charity or voluntary body,Membership of a charity or voluntary body declared in the register,False,2025-05-12,2026-04-15
D-001716,M-00560,Huntingdonshire District Council,Huntingdonshire District Council,Yaxley,Councillor,Employment,Membership of a political party,Membership of a political party declared in the register,False,2024-08-11,2025-04-17
D-001717,M-00560,Huntingdonshire District Council,Huntingdonshire District Council,Yaxley,Councillor,Audit and Governance,Securities,Securities declared in the register,False,2024-06-03,2025-05-29
D-001718,M-00560,Huntingdonshire District Council,Huntingdonshire District Council,Yaxley,Councillor,Planning,Contracts with the authority,Contracts with the authority declared in the register,False,2023-09-09,2024-07-11
D-001719,M-00561,South Cambridgeshire District Council,South Cambridgeshire District Council,Little Paxton,Councillor,Environment,Membership of a charity or voluntary body,Membership of a charity or voluntary body declared in the register,False,2023-06-10,2024-04-27
D-001720,M-00561,South Cambridgeshire District Council,South Cambridgeshire District Council,Little Paxton,Councillor,Employment,Securities,Securities declared in the register,False,2023-10-29,2024-05-22
D-001721,M-00562,St Ives Town Council,Huntingdonshire District Council,St Neots Eynesbury,Councillor,Finance,"Employment, office, trade or profession",Employment declared in the register,False,2024-12-06,2025-10-13
D-001722,M-00562,St Ives Town Council,Huntingdonshire District Council,St Neots Eynesbury,Councillor,Finance,Sponsorship,Sponsorship declared in the register,False,2023-12-16,2024-02-28
D-001723,M-00563,South Cambridgeshire District Council,South Cambridgeshire District Council,Warboys,Councillor,Environment,Securities,Securities declared in the register,False,2025-09-24,2026-04-21
D-001724,M-00563,South Cambridgeshire District Council,South Cambridgeshire District Council,Warboys,Councillor,Planning,Licences to occupy land,Licences to occupy land declared in the register,False,2024-12-19,2026-01-08
D-001725,M-00563,South Cambridgeshire District Council,South Cambridgeshire District Council,Warboys,Councillor,Environment,Contracts with the authority,Contracts with the authority declared in the register,False,2025-08-15,2026-07-22
D-001726,M-00564,South Cambridgeshire District Council,South Cambridgeshire District Council,St Neots East,Councillor,Employment,Trade union membership,Trade union membership declared in the register,False,2024-06-19,2025-03-26
D-001727,M-00565,Huntingdonshire District Council,Huntingdonshire District Council,St Ives East,Councillor,Employment,Contracts with the authority,Contracts with the authority declared in the register,False,2024-09-25,2025-03-20
D-001728,M-00565,Huntingdonshire District Council,Huntingdonshire District Council,St Ives East,Councillor,Health and Wellbeing,Corporate tenancies,Corporate tenancies declared in the register,False,2024-10-15,2025-06-22
D-001729,M-00565,Huntingdonshire District Council,Huntingdonshire District Council,St Ives East,Councillor,Corporate Governance,Corporate tenancies,Corporate tenancies declared in the register,False,2023-09-11,2024-04-27
D-001730,M-00566,Huntingdon Town Council,Huntingdonshire District Council,Godmanchester,Councillor,Employment,Corporate tenancies,Corporate tenancies declared in the register,False,2023-11-25,2024-04-27
D-001731,M-00566,Huntingdon Town Council,Huntingdonshire District Council,Godmanchester,Councillor,Overview and Scrutiny,Directorship,Directorship declared in the register,False,2024-08-15,2025-04-17
D-001732,M-00567,St Ives Town Council,Huntingdonshire District Council,St Ives South,Councillor,Finance,Securities,Securities declared in the register,False,2025-04-08,2025-05-12
D-001733,M-00567,St Ives Town Council,Huntingdonshire District Council,St Ives South,Councillor,Corporate Governance,Trade union membership,Trade union membership declared in the register,False,2024-01-14,2024-06-03
D-001734,M-00567,St Ives Town Council,Huntingdonshire District Council,St Ives South,Councillor,Corporate Governance,Land and property in the area,Land and property in the area declared in the register,False,2023-05-08,2023-09-04
D-001735,M-00568,St Ives Town Council,Huntingdonshire District Council,Fenstanton,Committee Member,Environment,"Employment, office, trade or profession",Employment declared in the register,False,2025-03-29,2025-05-07
D-001736,M-00568,St Ives Town Council,Huntingdonshire District Council,Fenstanton,Committee Member,Overview and Scrutiny,Securities,Securities declared in the register,False,2025-07-11,2026-01-13
D-001737,M-00568,St Ives Town Council,Huntingdonshire District Council,Fenstanton,Committee Member,Licensing,Sensitive interest (withheld under s.32),,True,2025-07-13,2026-06-29
D-001738,M-00569,South Cambridgeshire District Council,South Cambridgeshire District Council,Huntingdon North,Councillor,Licensing,Land and property in the area,Land and property in the area declared in the register,False,2024-01-31,2024-12-05
D-001739,M-00569,South Cambridgeshire District Council,South Cambridgeshire District Council,Huntingdon North,Councillor,Employment,Membership of a political party,Membership of a political party declared in the register,False,2024-08-12,2025-02-08
D-001740,M-00569,South Cambridgeshire District Council,South Cambridgeshire District Council,Huntingdon North,Councillor,Overview and Scrutiny,Sponsorship,Sponsorship declared in the register,False,2025-09-26,2026-09-06
D-001741,M-00569,South Cambridgeshire District Council,South Cambridgeshire District Council,Huntingdon North,Councillor,Finance,"Employment, office, trade or profession",Employment declared in the register,False,2025-09-26,2026-05-26
D-001742,M-00570,Cambridgeshire County Council,Cambridgeshire County Council,Buckden,Committee Member,Licensing,Licences to occupy land,Licences to occupy land declared in the register,False,2023-10-15,2024-02-29
D-001743,M-00570,Cambridgeshire County Council,Cambridgeshire County Council,Buckden,Committee Member,Planning,Trade union membership,Trade union membership declared in the register,False,2025-06-07,2025-12-05
D-001744,M-00570,Cambridgeshire County Council,Cambridgeshire County Council,Buckden,Committee Member,Overview and Scrutiny,Land and property in the area,Land and property in the area declared in the register,False,2025-09-23,2026-03-17
D-001745,M-00570,Cambridgeshire County Council,Cambridgeshire County Council,Buckden,Committee Member,(none),Corporate tenancies,Corporate tenancies declared in the register,False,2023-06-12,2024-01-17
D-001746,M-00571,Huntingdon Town Council,Huntingdonshire District Council,St Neots Eynesbury,Councillor,Planning,Sensitive interest (withheld under s.32),,True,2024-08-09,2024-11-27
D-001747,M-00572,St Ives Town Council,Huntingdonshire District Council,Huntingdon West,Committee Member,Overview and Scrutiny,Sensitive interest (withheld under s.32),,True,2025-03-03,2026-02-06
D-001748,M-00572,St Ives Town Council,Huntingdonshire District Council,Huntingdon West,Committee Member,(none),Corporate tenancies,Corporate tenancies declared in the register,False,2024-05-12,2024-09-06
D-001749,M-00572,St Ives Town Council,Huntingdonshire District Council,Huntingdon West,Committee Member,Overview and Scrutiny,Land and property in the area,Land and property in the area declared in the register,False,2024-10-02,2024-12-01
D-001750,M-00572,St Ives Town Council,Huntingdonshire District Council,Huntingdon West,Committee Member,Employment,Directorship,Directorship declared in the register,False,2024-11-30,2025-01-21
D-001751,M-00572,St Ives Town Council,Huntingdonshire District Council,Huntingdon West,Committee Member,Licensing,Membership of a political party,Membership of a political party declared in the register,False,2024-02-12,2024-07-05
D-001752,M-00573,Cambridgeshire County Council,Cambridgeshire County Council,Sawtry,Chair,(none),Land and property in the area,Land and property in the area declared in the register,False,2025-01-23,2025-09-21
D-001753,M-00573,Cambridgeshire County Council,Cambridgeshire County Council,Sawtry,Chair,Audit and Governance,Trade union membership,Trade union membership declared in the register,False,2023-09-28,2024-10-29
D-001754,M-00574,St Ives Town Council,Huntingdonshire District Council,Godmanchester,Committee Member,Finance,Trade union membership,Trade union membership declared in the register,False,2024-03-15,2024-07-26
D-001755,M-00574,St Ives Town Council,Huntingdonshire District Council,Godmanchester,Committee Member,Health and Wellbeing,Licences to occupy land,Licences to occupy land declared in the register,False,2025-06-26,2025-12-10
D-001756,M-00574,St Ives Town Council,Huntingdonshire District Council,Godmanchester,Committee Member,Standards,Trade union membership,Trade union membership declared in the register,False,2023-05-02,2024-03-11
D-001757,M-00574,St Ives Town Council,Huntingdonshire District Council,Godmanchester,Committee Member,Corporate Governance,Trade union membership,Trade union membership declared in the register,False,2025-06-17,2025-09-09
D-001758,M-00574,St Ives Town Council,Huntingdonshire District Council,Godmanchester,Committee Member,Planning,Sponsorship,Sponsorship declared in the register,False,2024-04-19,2024-12-23
D-001759,M-00575,South Cambridgeshire District Council,South Cambridgeshire District Council,Fenstanton,Committee Member,Environment,Membership of a charity or voluntary body,Membership of a charity or voluntary body declared in the register,False,2023-06-06,2024-06-23
D-001760,M-00575,South Cambridgeshire District Council,South Cambridgeshire District Council,Fenstanton,Committee Member,Audit and Governance,"Employment, office, trade or profession",Employment declared in the register,False,2023-09-08,2024-02-02
D-001761,M-00575,South Cambridgeshire District Council,South Cambridgeshire District Council,Fenstanton,Committee Member,Overview and Scrutiny,Contracts with the authority,Contracts with the authority declared in the register,False,2023-09-07,2023-11-23
D-001762,M-00576,Huntingdon Town Council,Huntingdonshire District Council,Fenstanton,Chair,Licensing,Membership of a body exercising public functions,Membership of a body exercising public functions declared in the register,False,2024-03-27,2024-10-09
D-001763,M-00577,St Ives Town Council,Huntingdonshire District Council,Brampton,Councillor,Standards,Land and property in the area,Land and property in the area declared in the register,False,2024-04-09,2025-02-21
D-001764,M-00577,St Ives Town Council,Huntingdonshire District Council,Brampton,Councillor,Health and Wellbeing,Membership of a body exercising public functions,Membership of a body exercising public functions declared in the register,False,2023-07-14,2023-11-13
D-001765,M-00577,St Ives Town Council,Huntingdonshire District Council,Brampton,Councillor,Finance,Corporate tenancies,Corporate tenancies declared in the register,False,2024-07-18,2024-12-10
D-001766,M-00578,Huntingdonshire District Council,Huntingdonshire District Council,Brampton,Committee Member,Audit and Governance,Land and property in the area,Land and property in the area declared in the register,False,2023-11-10,2024-01-07
D-001767,M-00578,Huntingdonshire District Council,Huntingdonshire District Council,Brampton,Committee Member,Employment,Licences to occupy land,Licences to occupy land declared in the register,False,2025-05-10,2025-06-23
D-001768,M-00578,Huntingdonshire District Council,Huntingdonshire District Council,Brampton,Committee Member,Health and Wellbeing,Securities,Securities declared in the register,False,2023-08-06,2024-03-19
D-001769,M-00578,Huntingdonshire District Council,Huntingdonshire District Council,Brampton,Committee Member,(none),"Employment, office, trade or profession",Employment declared in the register,False,2024-11-28,2025-08-25
D-001770,M-00579,South Cambridgeshire District Council,South Cambridgeshire District Council,St Neots Eynesbury,Councillor,Finance,Membership of a charity or voluntary body,Membership of a charity or voluntary body declared in the register,False,2025-08-28,2025-09-10
D-001771,M-00579,South Cambridgeshire District Council,South Cambridgeshire District Council,St Neots Eynesbury,Councillor,Audit and Governance,Land and property in the area,Land and property in the area declared in the register,False,2025-06-07,2026-06-28
D-001772,M-00579,South Cambridgeshire District Council,South Cambridgeshire District Council,St Neots Eynesbury,Councillor,Employment,Membership of a charity or voluntary body,Membership of a charity or voluntary body declared in the register,False,2025-06-10,2025-12-23
D-001773,M-00580,St Ives Town Council,Huntingdonshire District Council,St Ives South,Councillor,Health and Wellbeing,Sponsorship,Sponsorship declared in the register,False,2023-08-31,2024-06-25
D-001774,M-00580,St Ives Town Council,Huntingdonshire District Council,St Ives South,Councillor,Health and Wellbeing,Land and property in the area,Land and property in the area declared in the register,False,2025-08-22,2025-11-18
D-001775,M-00580,St Ives Town Council,Huntingdonshire District Council,St Ives South,Councillor,Environment,Contracts with the authority,Contracts with the authority declared in the register,False,2023-09-27,2023-11-16
D-001776,M-00580,St Ives Town Council,Huntingdonshire District Council,St Ives South,Councillor,Environment,Membership of a body exercising public functions,Membership of a body exercising public functions declared in the register,False,2023-05-29,2023-07-29
D-001777,M-00580,St Ives Town Council,Huntingdonshire District Council,St Ives South,Councillor,Health and Wellbeing,Trade union membership,Trade union membership declared in the register,False,2025-04-16,2025-04-19
D-001778,M-00581,Ramsey Town Council,Huntingdonshire District Council,St Ives South,Councillor,Employment,Directorship,Directorship declared in the register,False,2023-12-04,2024-05-05
D-001779,M-00581,Ramsey Town Council,Huntingdonshire District Council,St Ives South,Councillor,Audit and Governance,Contracts with the authority,Contracts with the authority declared in the register,False,2023-08-26,2024-05-13
D-001780,M-00581,Ramsey Town Council,Huntingdonshire District Council,St Ives South,Councillor,Corporate Governance,Membership of a political party,Membership of a political party declared in the register,False,2025-09-03,2026-02-27
D-001781,M-00581,Ramsey Town Council,Huntingdonshire District Council,St Ives South,Councillor,Health and Wellbeing,Membership of a political party,Membership of a political party declared in the register,False,2025-05-30,2025-07-18
D-001782,M-00581,Ramsey Town Council,Huntingdonshire District Council,St Ives South,Councillor,Overview and Scrutiny,Directorship,Directorship declared in the register,False,2024-10-26,2025-04-19
D-001783,M-00582,Huntingdon Town Council,Huntingdonshire District Council,Huntingdon East,Councillor,Finance,Corporate tenancies,Corporate tenancies declared in the register,False,2025-05-31,2025-06-08
D-001784,M-00582,Huntingdon Town Council,Huntingdonshire District Council,Huntingdon East,Councillor,Health and Wellbeing,Directorship,Directorship declared in the register,False,2024-02-23,2024-08-25
D-001785,M-00582,Huntingdon Town Council,Huntingdonshire District Council,Huntingdon East,Councillor,Corporate Governance,Directorship,Directorship declared in the register,False,2024-06-16,2025-03-15
D-001786,M-00582,Huntingdon Town Council,Huntingdonshire District Council,Huntingdon East,Councillor,Employment,Directorship,Directorship declared in the register,False,2024-12-27,2025-08-05
D-001787,M-00582,Huntingdon Town Council,Huntingdonshire District Council,Huntingdon East,Councillor,Health and Wellbeing,Corporate tenancies,Corporate tenancies declared in the register,False,2025-07-08,2026-03-29
D-001788,M-00583,Ramsey Town Council,Huntingdonshire District Council,St Ives West,Councillor,Health and Wellbeing,Membership of a charity or voluntary body,Membership of a charity or voluntary body declared in the register,False,2023-10-15,2024-11-06
D-001789,M-00583,Ramsey Town Council,Huntingdonshire District Council,St Ives West,Councillor,Licensing,Directorship,Directorship declared in the register,False,2025-03-08,2025-05-26
D-001790,M-00583,Ramsey Town Council,Huntingdonshire District Council,St Ives West,Councillor,Environment,Licences to occupy land,Licences to occupy land declared in the register,False,2024-06-07,2025-02-27
D-001791,M-00583,Ramsey Town Council,Huntingdonshire District Council,St Ives West,Councillor,Employment,Securities,Securities declared in the register,False,2025-07-06,2026-05-01
D-001792,M-00584,Huntingdonshire District Council,Huntingdonshire District Council,Huntingdon West,Councillor,Environment,Membership of a body exercising public functions,Membership of a body exercising public functions declared in the register,False,2023-12-16,2024-01-28
D-001793,M-00584,Huntingdonshire District Council,Huntingdonshire District Council,Huntingdon West,Councillor,Employment,Membership of a body exercising public functions,Membership of a body exercising public functions declared in the register,False,2024-07-25,2024-09-07
D-001794,M-00584,Huntingdonshire District Council,Huntingdonshire District Council,Huntingdon West,Councillor,Overview and Scrutiny,Directorship,Directorship declared in the register,False,2024-07-23,2025-05-02
D-001795,M-00584,Huntingdonshire District Council,Huntingdonshire District Council,Huntingdon West,Councillor,Finance,Membership of a body exercising public functions,Membership of a body exercising public functions declared in the register,False,2024-02-06,2024-03-18
D-001796,M-00584,Huntingdonshire District Council,Huntingdonshire District Council,Huntingdon West,Councillor,Overview and Scrutiny,Membership of a charity or voluntary body,Membership of a charity or voluntary body declared in the register,False,2023-05-22,2024-03-01
D-001797,M-00585,Ramsey Town Council,Huntingdonshire District Council,Huntingdon North,Vice-Chair,Corporate Governance,"Employment, office, trade or profession",Employment declared in the register,False,2024-10-15,2024-11-27
D-001798,M-00585,Ramsey Town Council,Huntingdonshire District Council,Huntingdon North,Vice-Chair,Finance,Sponsorship,Sponsorship declared in the register,False,2024-02-29,2024-11-02
D-001799,M-00585,Ramsey Town Council,Huntingdonshire District Council,Huntingdon North,Vice-Chair,Licensing,Membership of a political party,Membership of a political party declared in the register,False,2023-07-29,2024-03-15
D-001800,M-00585,Ramsey Town Council,Huntingdonshire District Council,Huntingdon North,Vice-Chair,Finance,Membership of a body exercising public functions,Membership of a body exercising public functions declared in the register,False,2025-04-03,2025-10-27
D-001801,M-00585,Ramsey Town Council,Huntingdonshire District Council,Huntingdon North,Vice-Chair,Licensing,Sponsorship,Sponsorship declared in the register,False,2023-10-19,2023-11-02
D-001802,M-00586,Huntingdonshire District Council,Huntingdonshire District Council,Hemingfords,Councillor,Overview and Scrutiny,Membership of a body exercising public functions,Membership of a body exercising public functions declared in the register,False,2023-05-26,2023-09-09
D-001803,M-00586,Huntingdonshire District Council,Huntingdonshire District Council,Hemingfords,Councillor,Employment,Membership of a body exercising public functions,Membership of a body exercising public functions declared in the register,False,2024-07-06,2025-03-16
D-001804,M-00587,Ramsey Town Council,Huntingdonshire District Council,Fenstanton,Chair,Planning,Directorship,Directorship declared in the register,False,2024-03-26,2024-06-03
D-001805,M-00587,Ramsey Town Council,Huntingdonshire District Council,Fenstanton,Chair,Employment,Securities,Securities declared in the register,False,2023-10-08,2024-08-23
D-001806,M-00587,Ramsey Town Council,Huntingdonshire District Council,Fenstanton,Chair,Planning,Directorship,Directorship declared in the register,False,2024-02-23,2024-11-08
D-001807,M-00587,Ramsey Town Council,Huntingdonshire District Council,Fenstanton,Chair,Health and Wellbeing,Directorship,Directorship declared in the register,False,2025-07-28,2025-09-25
D-001808,M-00587,Ramsey Town Council,Huntingdonshire District Council,Fenstanton,Chair,Planning,Sponsorship,Sponsorship declared in the register,False,2024-07-10,2024-12-09
D-001809,M-00588,Huntingdonshire District Council,Huntingdonshire District Council,Huntingdon North,Councillor,(none),Directorship,Directorship declared in the register,False,2025-08-15,2025-10-31
D-001810,M-00588,Huntingdonshire District Council,Huntingdonshire District Council,Huntingdon North,Councillor,Overview and Scrutiny,Land and property in the area,Land and property in the area declared in the register,False,2025-01-10,2025-10-07
D-001811,M-00589,Huntingdon Town Council,Huntingdonshire District Council,St Ives South,Councillor,Audit and Governance,Trade union membership,Trade union membership declared in the register,False,2023-10-31,2024-02-21
D-001812,M-00589,Huntingdon Town Council,Huntingdonshire District Council,St Ives South,Councillor,Audit and Governance,Trade union membership,Trade union membership declared in the register,False,2024-02-22,2024-05-10
D-001813,M-00589,Huntingdon Town Council,Huntingdonshire District Council,St Ives South,Councillor,Overview and Scrutiny,Directorship,Directorship declared in the register,False,2025-01-16,2026-01-21
D-001814,M-00589,Huntingdon Town Council,Huntingdonshire District Council,St Ives South,Councillor,Health and Wellbeing,Securities,Securities declared in the register,False,2023-07-07,2023-10-01
D-001815,M-00589,Huntingdon Town Council,Huntingdonshire District Council,St Ives South,Councillor,Licensing,Sensitive interest (withheld under s.32),,True,2024-08-23,2025-01-16
D-001816,M-00590,St Ives Town Council,Huntingdonshire District Council,Huntingdon East,Councillor,Finance,Land and property in the area,Land and property in the area declared in the register,False,2025-10-11,2026-05-15
D-001817,M-00591,Ramsey Town Council,Huntingdonshire District Council,Buckden,Committee Member,Environment,Licences to occupy land,Licences to occupy land declared in the register,False,2024-07-19,2025-02-21
D-001818,M-00591,Ramsey Town Council,Huntingdonshire District Council,Buckden,Committee Member,Audit and Governance,Membership of a charity or voluntary body,Membership of a charity or voluntary body declared in the register,False,2023-06-11,2023-09-04
D-001819,M-00591,Ramsey Town Council,Huntingdonshire District Council,Buckden,Committee Member,Licensing,Directorship,Directorship declared in the register,False,2024-04-08,2024-05-05
D-001820,M-00591,Ramsey Town Council,Huntingdonshire District Council,Buckden,Committee Member,Corporate Governance,Land and property in the area,Land and property in the area declared in the register,False,2025-09-09,2025-10-02
D-001821,M-00592,Ramsey Town Council,Huntingdonshire District Council,Buckden,Vice-Chair,Audit and Governance,Securities,Securities declared in the register,False,2024-06-16,2024-11-21
D-001822,M-00592,Ramsey Town Council,Huntingdonshire District Council,Buckden,Vice-Chair,Overview and Scrutiny,Membership of a political party,Membership of a political party declared in the register,False,2025-04-10,2025-09-19
D-001823,M-00592,Ramsey Town Council,Huntingdonshire District Council,Buckden,Vice-Chair,Health and Wellbeing,Licences to occupy land,Licences to occupy land declared in the register,False,2024-10-20,2025-04-30
D-001824,M-00592,Ramsey Town Council,Huntingdonshire District Council,Buckden,Vice-Chair,(none),Sponsorship,Sponsorship declared in the register,False,2024-12-25,2025-07-06
D-001825,M-00592,Ramsey Town Council,Huntingdonshire District Council,Buckden,Vice-Chair,Overview and Scrutiny,Membership of a political party,Membership of a political party declared in the register,False,2024-09-21,2025-10-21
D-001826,M-00593,Ramsey Town Council,Huntingdonshire District Council,Godmanchester,Councillor,Overview and Scrutiny,Membership of a political party,Membership of a political party declared in the register,False,2025-05-03,2025-07-22
D-001827,M-00593,Ramsey Town Council,Huntingdonshire District Council,Godmanchester,Councillor,Audit and Governance,Directorship,Directorship declared in the register,False,2024-07-01,2024-10-29
D-001828,M-00593,Ramsey Town Council,Huntingdonshire District Council,Godmanchester,Councillor,Overview and Scrutiny,Sponsorship,Sponsorship declared in the register,False,2024-11-07,2025-02-02
D-001829,M-00594,St Ives Town Council,Huntingdonshire District Council,Sawtry,Committee Member,Standards,Sensitive interest (withheld under s.32),,True,2024-05-04,2024-12-07
D-001830,M-00594,St Ives Town Council,Huntingdonshire District Council,Sawtry,Committee Member,Overview and Scrutiny,Corporate tenancies,Corporate tenancies declared in the register,False,2024-06-11,2024-09-14
D-001831,M-00594,St Ives Town Council,Huntingdonshire District Council,Sawtry,Committee Member,Environment,Trade union membership,Trade union membership declared in the register,False,2025-09-01,2026-08-27
D-001832,M-00595,Cambridgeshire County Council,Cambridgeshire County Council,Buckden,Councillor,Employment,Licences to occupy land,Licences to occupy land declared in the register,False,2025-08-23,2026-03-02
D-001833,M-00595,Cambridgeshire County Council,Cambridgeshire County Council,Buckden,Councillor,Audit and Governance,Trade union membership,Trade union membership declared in the register,False,2024-06-28,2024-11-14
D-001834,M-00595,Cambridgeshire County Council,Cambridgeshire County Council,Buckden,Councillor,Employment,Trade union membership,Trade union membership declared in the register,False,2024-12-07,2025-05-14
D-001835,M-00595,Cambridgeshire County Council,Cambridgeshire County Council,Buckden,Councillor,(none),Membership of a charity or voluntary body,Membership of a charity or voluntary body declared in the register,False,2024-07-30,2025-08-13
D-001836,M-00595,Cambridgeshire County Council,Cambridgeshire County Council,Buckden,Councillor,Planning,Membership of a political party,Membership of a political party declared in the register,False,2023-09-29,2024-10-30
D-001837,M-00596,Huntingdon Town Council,Huntingdonshire District Council,Fenstanton,Councillor,Finance,Contracts with the authority,Contracts with the authority declared in the register,False,2023-05-03,2023-09-26
D-001838,M-00596,Huntingdon Town Council,Huntingdonshire District Council,Fenstanton,Councillor,Health and Wellbeing,Membership of a charity or voluntary body,Membership of a charity or voluntary body declared in the register,False,2025-08-19,2025-08-22
D-001839,M-00596,Huntingdon Town Council,Huntingdonshire District Council,Fenstanton,Councillor,Licensing,Directorship,Directorship declared in the register,False,2024-10-10,2024-10-17
D-001840,M-00597,St Ives Town Council,Huntingdonshire District Council,Huntingdon East,Councillor,Finance,Membership of a body exercising public functions,Membership of a body exercising public functions declared in the register,False,2025-09-20,2026-04-02
D-001841,M-00598,Cambridgeshire County Council,Cambridgeshire County Council,Ramsey,Councillor,Licensing,Securities,Securities declared in the register,False,2023-05-09,2023-06-07
D-001842,M-00598,Cambridgeshire County Council,Cambridgeshire County Council,Ramsey,Councillor,Licensing,Securities,Securities declared in the register,False,2025-09-30,2025-12-04
D-001843,M-00598,Cambridgeshire County Council,Cambridgeshire County Council,Ramsey,Councillor,(none),Directorship,Directorship declared in the register,False,2025-01-29,2025-03-29
D-001844,M-00598,Cambridgeshire County Council,Cambridgeshire County Council,Ramsey,Councillor,Standards,Licences to occupy land,Licences to occupy land declared in the register,False,2023-08-17,2023-12-13
D-001845,M-00599,Cambridgeshire County Council,Cambridgeshire County Council,Huntingdon West,Councillor,Corporate Governance,Licences to occupy land,Licences to occupy land declared in the register,False,2024-11-26,2024-12-04
D-001846,M-00599,Cambridgeshire County Council,Cambridgeshire County Council,Huntingdon West,Councillor,Corporate Governance,Securities,Securities declared in the register,False,2025-05-09,2026-03-14
D-001847,M-00599,Cambridgeshire County Council,Cambridgeshire County Council,Huntingdon West,Councillor,Health and Wellbeing,Membership of a body exercising public functions,Membership of a body exercising public functions declared in the register,False,2023-09-20,2024-08-17
D-001848,M-00599,Cambridgeshire County Council,Cambridgeshire County Council,Huntingdon West,Councillor,Health and Wellbeing,Trade union membership,Trade union membership declared in the register,False,2024-03-19,2024-09-10
D-001849,M-00600,Huntingdonshire District Council,Huntingdonshire District Council,St Ives South,Councillor,Licensing,Membership of a charity or voluntary body,Membership of a charity or voluntary body declared in the register,False,2024-08-03,2024-12-15
D-001850,M-00601,Huntingdon Town Council,Huntingdonshire District Council,Huntingdon North,Councillor,Finance,Licences to occupy land,Licences to occupy land declared in the register,False,2024-12-18,2025-07-16
D-001851,M-00601,Huntingdon Town Council,Huntingdonshire District Council,Huntingdon North,Councillor,Health and Wellbeing,Land and property in the area,Land and property in the area declared in the register,False,2025-06-11,2026-04-04
D-001852,M-00601,Huntingdon Town Council,Huntingdonshire District Council,Huntingdon North,Councillor,Licensing,Membership of a political party,Membership of a political party declared in the register,False,2025-01-11,2025-04-29
D-001853,M-00602,South Cambridgeshire District Council,South Cambridgeshire District Council,St Neots East,Councillor,Employment,Securities,Securities declared in the register,False,2024-01-10,2024-11-20
D-001854,M-00602,South Cambridgeshire District Council,South Cambridgeshire District Council,St Neots East,Councillor,Audit and Governance,Membership of a political party,Membership of a political party declared in the register,False,2025-03-28,2026-01-21
D-001855,M-00602,South Cambridgeshire District Council,South Cambridgeshire District Council,St Neots East,Councillor,Corporate Governance,Directorship,Directorship declared in the register,False,2024-04-02,2025-02-19
D-001856,M-00602,South Cambridgeshire District Council,South Cambridgeshire District Council,St Neots East,Councillor,Licensing,Membership of a political party,Membership of a political party declared in the register,False,2025-05-31,2025-06-23
D-001857,M-00602,South Cambridgeshire District Council,South Cambridgeshire District Council,St Neots East,Councillor,(none),Contracts with the authority,Contracts with the authority declared in the register,False,2024-07-03,2024-12-12
D-001858,M-00603,St Ives Town Council,Huntingdonshire District Council,Yaxley,Councillor,Employment,Corporate tenancies,Corporate tenancies declared in the register,False,2025-06-15,2025-12-13
D-001859,M-00603,St Ives Town Council,Huntingdonshire District Council,Yaxley,Councillor,Licensing,Sensitive interest (withheld under s.32),,True,2023-09-25,2024-10-14
D-001860,M-00603,St Ives Town Council,Huntingdonshire District Council,Yaxley,Councillor,Planning,"Employment, office, trade or profession",Employment declared in the register,False,2024-01-30,2024-03-21
D-001861,M-00604,Ramsey Town Council,Huntingdonshire District Council,Godmanchester,Councillor,Licensing,Sponsorship,Sponsorship declared in the register,False,2023-10-21,2024-09-04
D-001862,M-00604,Ramsey Town Council,Huntingdonshire District Council,Godmanchester,Councillor,Planning,Land and property in the area,Land and property in the area declared in the register,False,2025-10-01,2026-08-21
D-001863,M-00605,St Ives Town Council,Huntingdonshire District Council,Huntingdon North,Committee Member,Environment,Membership of a charity or voluntary body,Membership of a charity or voluntary body declared in the register,False,2024-05-20,2025-03-22
D-001864,M-00605,St Ives Town Council,Huntingdonshire District Council,Huntingdon North,Committee Member,Audit and Governance,Trade union membership,Trade union membership declared in the register,False,2024-04-14,2025-04-16
D-001865,M-00606,Huntingdonshire District Council,Huntingdonshire District Council,Buckden,Committee Member,Health and Wellbeing,Membership of a political party,Membership of a political party declared in the register,False,2024-09-06,2024-11-01
D-001866,M-00607,Huntingdon Town Council,Huntingdonshire District Council,Huntingdon North,Councillor,Environment,Contracts with the authority,Contracts with the authority declared in the register,False,2025-06-27,2025-09-17
D-001867,M-00607,Huntingdon Town Council,Huntingdonshire District Council,Huntingdon North,Councillor,Health and Wellbeing,Corporate tenancies,Corporate tenancies declared in the register,False,2025-02-06,2026-02-12
D-001868,M-00607,Huntingdon Town Council,Huntingdonshire District Council,Huntingdon North,Councillor,Finance,Licences to occupy land,Licences to occupy land declared in the register,False,2025-08-03,2026-01-21
D-001869,M-00608,Huntingdon Town Council,Huntingdonshire District Council,Alconbury,Councillor,Audit and Governance,Membership of a body exercising public functions,Membership of a body exercising public functions declared in the register,False,2023-10-11,2024-10-12
D-001870,M-00608,Huntingdon Town Council,Huntingdonshire District Council,Alconbury,Councillor,Planning,Directorship,Directorship declared in the register,False,2025-03-03,2026-02-02
D-001871,M-00608,Huntingdon Town Council,Huntingdonshire District Council,Alconbury,Councillor,Finance,Licences to occupy land,Licences to occupy land declared in the register,False,2023-12-06,2024-10-29
D-001872,M-00608,Huntingdon Town Council,Huntingdonshire District Council,Alconbury,Councillor,Licensing,Land and property in the area,Land and property in the area declared in the register,False,2023-12-01,2023-12-11
D-001873,M-00609,South Cambridgeshire District Council,South Cambridgeshire District Council,Sawtry,Councillor,Audit and Governance,Securities,Securities declared in the register,False,2025-06-05,2025-12-09
D-001874,M-00609,South Cambridgeshire District Council,South Cambridgeshire District Council,Sawtry,Councillor,Overview and Scrutiny,Contracts with the authority,Contracts with the authority declared in the register,False,2024-09-03,2025-04-12
D-001875,M-00609,South Cambridgeshire District Council,South Cambridgeshire District Council,Sawtry,Councillor,Standards,Securities,Securities declared in the register,False,2025-09-15,2025-12-18
D-001876,M-00609,South Cambridgeshire District Council,South Cambridgeshire District Council,Sawtry,Councillor,Planning,Membership of a charity or voluntary body,Membership of a charity or voluntary body declared in the register,False,2024-01-21,2024-06-19
D-001877,M-00609,South Cambridgeshire District Council,South Cambridgeshire District Council,Sawtry,Councillor,Standards,Contracts with the authority,Contracts with the authority declared in the register,False,2025-06-21,2025-08-10
D-001878,M-00610,Cambridgeshire County Council,Cambridgeshire County Council,Yaxley,Councillor,Planning,Corporate tenancies,Corporate tenancies declared in the register,False,2024-02-25,2024-07-25
D-001879,M-00611,Huntingdonshire District Council,Huntingdonshire District Council,Hemingfords,Councillor,Corporate Governance,Land and property in the area,Land and property in the area declared in the register,False,2024-11-16,2025-11-22
D-001880,M-00611,Huntingdonshire District Council,Huntingdonshire District Council,Hemingfords,Councillor,Environment,Sensitive interest (withheld under s.32),,True,2023-06-11,2023-12-19
D-001881,M-00611,Huntingdonshire District Council,Huntingdonshire District Council,Hemingfords,Councillor,Planning,Membership of a body exercising public functions,Membership of a body exercising public functions declared in the register,False,2025-05-13,2025-08-03
D-001882,M-00611,Huntingdonshire District Council,Huntingdonshire District Council,Hemingfords,Councillor,Health and Wellbeing,Land and property in the area,Land and property in the area declared in the register,False,2024-12-20,2025-07-06
D-001883,M-00611,Huntingdonshire District Council,Huntingdonshire District Council,Hemingfords,Councillor,Overview and Scrutiny,Securities,Securities declared in the register,False,2025-02-22,2025-11-18
D-001884,M-00612,South Cambridgeshire District Council,South Cambridgeshire District Council,St Neots Eynesbury,Vice-Chair,Standards,Securities,Securities declared in the register,False,2024-03-13,2025-01-19
D-001885,M-00613,Ramsey Town Council,Huntingdonshire District Council,Godmanchester,Councillor,Finance,Contracts with the authority,Contracts with the authority declared in the register,False,2024-02-01,2024-06-05
D-001886,M-00613,Ramsey Town Council,Huntingdonshire District Council,Godmanchester,Councillor,Overview and Scrutiny,Membership of a charity or voluntary body,Membership of a charity or voluntary body declared in the register,False,2024-07-19,2024-09-26
D-001887,M-00614,Ramsey Town Council,Huntingdonshire District Council,St Ives West,Councillor,Standards,Licences to occupy land,Licences to occupy land declared in the register,False,2025-09-17,2025-12-25
D-001888,M-00614,Ramsey Town Council,Huntingdonshire District Council,St Ives West,Councillor,Standards,Securities,Securities declared in the register,False,2025-02-01,2025-09-03
D-001889,M-00614,Ramsey Town Council,Huntingdonshire District Council,St Ives West,Councillor,Employment,Membership of a charity or voluntary body,Membership of a charity or voluntary body declared in the register,False,2025-06-27,2025-10-01
D-001890,M-00614,Ramsey Town Council,Huntingdonshire District Council,St Ives West,Councillor,Planning,Membership of a charity or voluntary body,Membership of a charity or voluntary body declared in the register,False,2025-10-11,2026-03-13
D-001891,M-00615,Ramsey Town Council,Huntingdonshire District Council,Little Paxton,Councillor,Finance,Licences to occupy land,Licences to occupy land declared in the register,False,2023-08-25,2024-05-27
D-001892,M-00615,Ramsey Town Council,Huntingdonshire District Council,Little Paxton,Councillor,Planning,Land and property in the area,Land and property in the area declared in the register,False,2024-10-17,2025-02-19
D-001893,M-00616,South Cambridgeshire District Council,South Cambridgeshire District Council,Buckden,Cabinet Member,Overview and Scrutiny,Membership of a charity or voluntary body,Membership of a charity or voluntary body declared in the register,False,2024-08-15,2025-05-16
D-001894,M-00616,South Cambridgeshire District Council,South Cambridgeshire District Council,Buckden,Cabinet Member,Licensing,Land and property in the area,Land and property in the area declared in the register,False,2025-02-01,2026-01-22
D-001895,M-00616,South Cambridgeshire District Council,South Cambridgeshire District Council,Buckden,Cabinet Member,Planning,Contracts with the authority,Contracts with the authority declared in the register,False,2024-03-30,2024-10-04
D-001896,M-00616,South Cambridgeshire District Council,South Cambridgeshire District Council,Buckden,Cabinet Member,Corporate Governance,Securities,Securities declared in the register,False,2025-08-18,2026-05-25
D-001897,M-00617,Ramsey Town Council,Huntingdonshire District Council,Warboys,Councillor,Licensing,Membership of a charity or voluntary body,Membership of a charity or voluntary body declared in the register,False,2025-01-05,2025-07-02
D-001898,M-00617,Ramsey Town Council,Huntingdonshire District Council,Warboys,Councillor,Corporate Governance,Directorship,Directorship declared in the register,False,2025-09-07,2026-05-13
D-001899,M-00617,Ramsey Town Council,Huntingdonshire District Council,Warboys,Councillor,Health and Wellbeing,Membership of a charity or voluntary body,Membership of a charity or voluntary body declared in the register,False,2024-04-12,2024-09-30
D-001900,M-00617,Ramsey Town Council,Huntingdonshire District Council,Warboys,Councillor,(none),Contracts with the authority,Contracts with the authority declared in the register,False,2023-06-28,2023-12-12
D-001901,M-00617,Ramsey Town Council,Huntingdonshire District Council,Warboys,Councillor,Health and Wellbeing,Licences to occupy land,Licences to occupy land declared in the register,False,2024-06-08,2024-10-07
D-001902,M-00618,Ramsey Town Council,Huntingdonshire District Council,St Neots Eynesbury,Councillor,Health and Wellbeing,Membership of a political party,Membership of a political party declared in the register,False,2024-11-21,2025-07-01
D-001903,M-00618,Ramsey Town Council,Huntingdonshire District Council,St Neots Eynesbury,Councillor,Licensing,Sponsorship,Sponsorship declared in the register,False,2024-04-15,2024-09-06
D-001904,M-00618,Ramsey Town Council,Huntingdonshire District Council,St Neots Eynesbury,Councillor,Planning,Sensitive interest (withheld under s.32),,True,2025-01-27,2025-01-31
D-001905,M-00619,St Ives Town Council,Huntingdonshire District Council,Brampton,Councillor,Planning,Securities,Securities declared in the register,False,2024-04-24,2025-03-09
D-001906,M-00619,St Ives Town Council,Huntingdonshire District Council,Brampton,Councillor,Standards,Membership of a charity or voluntary body,Membership of a charity or voluntary body declared in the register,False,2025-06-07,2025-12-16
D-001907,M-00619,St Ives Town Council,Huntingdonshire District Council,Brampton,Councillor,Environment,"Employment, office, trade or profession",Employment declared in the register,False,2023-08-29,2024-05-09
D-001908,M-00619,St Ives Town Council,Huntingdonshire District Council,Brampton,Councillor,(none),Membership of a political party,Membership of a political party declared in the register,False,2025-08-11,2026-09-05
D-001909,M-00620,South Cambridgeshire District Council,South Cambridgeshire District Council,Warboys,Councillor,Finance,Membership of a body exercising public functions,Membership of a body exercising public functions declared in the register,False,2024-09-08,2025-10-12
D-001910,M-00620,South Cambridgeshire District Council,South Cambridgeshire District Council,Warboys,Councillor,(none),Membership of a body exercising public functions,Membership of a body exercising public functions declared in the register,False,2025-09-17,2025-11-07
D-001911,M-00620,South Cambridgeshire District Council,South Cambridgeshire District Council,Warboys,Councillor,Corporate Governance,Licences to occupy land,Licences to occupy land declared in the register,False,2025-05-23,2026-04-07
D-001912,M-00620,South Cambridgeshire District Council,South Cambridgeshire District Council,Warboys,Councillor,Standards,Sponsorship,Sponsorship declared in the register,False,2025-07-04,2026-04-12
D-001913,M-00620,South Cambridgeshire District Council,South Cambridgeshire District Council,Warboys,Councillor,Overview and Scrutiny,Land and property in the area,Land and property in the area declared in the register,False,2024-08-24,2024-10-06
D-001914,M-00621,Ramsey Town Council,Huntingdonshire District Council,Warboys,Cabinet Member,Environment,Corporate tenancies,Corporate tenancies declared in the register,False,2024-03-29,2025-03-18
D-001915,M-00622,Cambridgeshire County Council,Cambridgeshire County Council,Ramsey,Councillor,Finance,Securities,Securities declared in the register,False,2025-06-24,2025-06-29
D-001916,M-00622,Cambridgeshire County Council,Cambridgeshire County Council,Ramsey,Councillor,Standards,Land and property in the area,Land and property in the area declared in the register,False,2023-11-19,2024-10-09
D-001917,M-00622,Cambridgeshire County Council,Cambridgeshire County Council,Ramsey,Councillor,Environment,Sensitive interest (withheld under s.32),,True,2023-12-13,2024-01-14
D-001918,M-00622,Cambridgeshire County Council,Cambridgeshire County Council,Ramsey,Councillor,Planning,Corporate tenancies,Corporate tenancies declared in the register,False,2025-02-17,2025-06-16
D-001919,M-00622,Cambridgeshire County Council,Cambridgeshire County Council,Ramsey,Councillor,Finance,Trade union membership,Trade union membership declared in the register,False,2024-03-01,2025-04-02
D-001920,M-00623,Huntingdonshire District Council,Huntingdonshire District Council,St Ives East,Councillor,Licensing,Membership of a charity or voluntary body,Membership of a charity or voluntary body declared in the register,False,2025-06-19,2026-03-20
D-001921,M-00623,Huntingdonshire District Council,Huntingdonshire District Council,St Ives East,Councillor,Environment,"Employment, office, trade or profession",Employment declared in the register,False,2023-10-17,2024-08-10
D-001922,M-00623,Huntingdonshire District Council,Huntingdonshire District Council,St Ives East,Councillor,Overview and Scrutiny,Contracts with the authority,Contracts with the authority declared in the register,False,2025-05-15,2026-03-22
D-001923,M-00623,Huntingdonshire District Council,Huntingdonshire District Council,St Ives East,Councillor,Health and Wellbeing,Membership of a political party,Membership of a political party declared in the register,False,2023-12-06,2024-10-09
D-001924,M-00623,Huntingdonshire District Council,Huntingdonshire District Council,St Ives East,Councillor,Licensing,Trade union membership,Trade union membership declared in the register,False,2025-02-05,2025-12-01
D-001925,M-00624,Huntingdon Town Council,Huntingdonshire District Council,Godmanchester,Councillor,Finance,Licences to occupy land,Licences to occupy land declared in the register,False,2024-06-01,2024-10-10
D-001926,M-00624,Huntingdon Town Council,Huntingdonshire District Council,Godmanchester,Councillor,Audit and Governance,Land and property in the area,Land and property in the area declared in the register,False,2024-04-28,2025-05-24
D-001927,M-00624,Huntingdon Town Council,Huntingdonshire District Council,Godmanchester,Councillor,Planning,Membership of a body exercising public functions,Membership of a body exercising public functions declared in the register,False,2024-04-25,2025-04-06
D-001928,M-00624,Huntingdon Town Council,Huntingdonshire District Council,Godmanchester,Councillor,Employment,Licences to occupy land,Licences to occupy land declared in the register,False,2025-03-15,2025-09-12
D-001929,M-00624,Huntingdon Town Council,Huntingdonshire District Council,Godmanchester,Councillor,(none),Membership of a charity or voluntary body,Membership of a charity or voluntary body declared in the register,False,2024-08-19,2024-09-22
D-001930,M-00625,Cambridgeshire County Council,Cambridgeshire County Council,Alconbury,Councillor,Finance,"Employment, office, trade or profession",Employment declared in the register,False,2024-12-31,2025-11-24
D-001931,M-00626,Cambridgeshire County Council,Cambridgeshire County Council,Fenstanton,Councillor,Environment,Membership of a charity or voluntary body,Membership of a charity or voluntary body declared in the register,False,2025-07-31,2025-08-19
D-001932,M-00626,Cambridgeshire County Council,Cambridgeshire County Council,Fenstanton,Councillor,Planning,Land and property in the area,Land and property in the area declared in the register,False,2023-09-14,2024-04-24
D-001933,M-00626,Cambridgeshire County Council,Cambridgeshire County Council,Fenstanton,Councillor,Licensing,Directorship,Directorship declared in the register,False,2024-01-21,2024-11-04
D-001934,M-00626,Cambridgeshire County Council,Cambridgeshire County Council,Fenstanton,Councillor,Environment,Directorship,Directorship declared in the register,False,2025-01-04,2025-09-14
D-001935,M-00627,Ramsey Town Council,Huntingdonshire District Council,Fenstanton,Councillor,Finance,Licences to occupy land,Licences to occupy land declared in the register,False,2025-02-12,2026-03-03
D-001936,M-00627,Ramsey Town Council,Huntingdonshire District Council,Fenstanton,Councillor,Planning,Land and property in the area,Land and property in the area declared in the register,False,2023-07-22,2024-03-22
D-001937,M-00627,Ramsey Town Council,Huntingdonshire District Council,Fenstanton,Councillor,Environment,Directorship,Directorship declared in the register,False,2025-07-22,2025-10-26
D-001938,M-00627,Ramsey Town Council,Huntingdonshire District Council,Fenstanton,Councillor,Health and Wellbeing,Directorship,Directorship declared in the register,False,2023-10-07,2024-11-03
D-001939,M-00628,Huntingdonshire District Council,Huntingdonshire District Council,Hemingfords,Vice-Chair,Finance,Sponsorship,Sponsorship declared in the register,False,2024-03-19,2025-03-15
D-001940,M-00628,Huntingdonshire District Council,Huntingdonshire District Council,Hemingfords,Vice-Chair,Planning,Contracts with the authority,Contracts with the authority declared in the register,False,2024-09-12,2025-06-06
D-001941,M-00629,Ramsey Town Council,Huntingdonshire District Council,Godmanchester,Councillor,Finance,Directorship,Directorship declared in the register,False,2024-08-20,2025-02-25
D-001942,M-00630,Cambridgeshire County Council,Cambridgeshire County Council,Huntingdon North,Chair,Corporate Governance,Membership of a body exercising public functions,Membership of a body exercising public functions declared in the register,False,2024-07-25,2025-05-31
D-001943,M-00630,Cambridgeshire County Council,Cambridgeshire County Council,Huntingdon North,Chair,Corporate Governance,Corporate tenancies,Corporate tenancies declared in the register,False,2024-08-27,2024-10-18
D-001944,M-00630,Cambridgeshire County Council,Cambridgeshire County Council,Huntingdon North,Chair,Environment,Membership of a political party,Membership of a political party declared in the register,False,2023-05-20,2024-05-29
D-001945,M-00630,Cambridgeshire County Council,Cambridgeshire County Council,Huntingdon North,Chair,Licensing,Trade union membership,Trade union membership declared in the register,False,2025-05-05,2025-08-10
D-001946,M-00630,Cambridgeshire County Council,Cambridgeshire County Council,Huntingdon North,Chair,Standards,Trade union membership,Trade union membership declared in the register,False,2024-03-14,2024-07-09
D-001947,M-00631,Cambridgeshire County Council,Cambridgeshire County Council,Little Paxton,Councillor,(none),Directorship,Directorship declared in the register,False,2025-04-18,2025-11-03
D-001948,M-00632,St Ives Town Council,Huntingdonshire District Council,Little Paxton,Cabinet Member,Environment,Directorship,Directorship declared in the register,False,2024-10-11,2025-02-06
D-001949,M-00633,Huntingdon Town Council,Huntingdonshire District Council,St Neots Eynesbury,Councillor,Health and Wellbeing,"Employment, office, trade or profession",Employment declared in the register,False,2024-09-19,2025-03-18
D-001950,M-00633,Huntingdon Town Council,Huntingdonshire District Council,St Neots Eynesbury,Councillor,Health and Wellbeing,Licences to occupy land,Licences to occupy land declared in the register,False,2024-06-19,2024-09-25
D-001951,M-00633,Huntingdon Town Council,Huntingdonshire District Council,St Neots Eynesbury,Councillor,Employment,Corporate tenancies,Corporate tenancies declared in the register,False,2025-02-16,2025-12-22
D-001952,M-00633,Huntingdon Town Council,Huntingdonshire District Council,St Neots Eynesbury,Councillor,Planning,Membership of a charity or voluntary body,Membership of a charity or voluntary body declared in the register,False,2024-10-13,2024-11-28
D-001953,M-00633,Huntingdon Town Council,Huntingdonshire District Council,St Neots Eynesbury,Councillor,(none),Membership of a political party,Membership of a political party declared in the register,False,2025-09-11,2026-07-13
D-001954,M-00634,Huntingdonshire District Council,Huntingdonshire District Council,Huntingdon North,Councillor,Audit and Governance,Corporate tenancies,Corporate tenancies declared in the register,False,2023-08-06,2023-11-08
D-001955,M-00634,Huntingdonshire District Council,Huntingdonshire District Council,Huntingdon North,Councillor,Overview and Scrutiny,Membership of a charity or voluntary body,Membership of a charity or voluntary body declared in the register,False,2024-02-10,2024-07-04
D-001956,M-00635,South Cambridgeshire District Council,South Cambridgeshire District Council,Ramsey,Chair,(none),Contracts with the authority,Contracts with the authority declared in the register,False,2025-01-24,2025-03-19
D-001957,M-00635,South Cambridgeshire District Council,South Cambridgeshire District Council,Ramsey,Chair,Overview and Scrutiny,Land and property in the area,Land and property in the area declared in the register,False,2024-08-01,2024-09-28
D-001958,M-00636,South Cambridgeshire District Council,South Cambridgeshire District Council,Hemingfords,Councillor,Audit and Governance,Securities,Securities declared in the register,False,2023-07-14,2024-06-15
D-001959,M-00636,South Cambridgeshire District Council,South Cambridgeshire District Council,Hemingfords,Councillor,Planning,Membership of a body exercising public functions,Membership of a body exercising public functions declared in the register,False,2023-08-16,2023-11-16
D-001960,M-00636,South Cambridgeshire District Council,South Cambridgeshire District Council,Hemingfords,Councillor,Standards,Contracts with the authority,Contracts with the authority declared in the register,False,2024-10-26,2025-09-17
D-001961,M-00636,South Cambridgeshire District Council,South Cambridgeshire District Council,Hemingfords,Councillor,Overview and Scrutiny,Membership of a political party,Membership of a political party declared in the register,False,2023-09-15,2024-02-25
D-001962,M-00636,South Cambridgeshire District Council,South Cambridgeshire District Council,Hemingfords,Councillor,Corporate Governance,Land and property in the area,Land and property in the area declared in the register,False,2024-06-17,2024-12-17
D-001963,M-00637,Ramsey Town Council,Huntingdonshire District Council,St Ives West,Committee Member,Standards,"Employment, office, trade or profession",Employment declared in the register,False,2024-03-22,2024-12-21
D-001964,M-00637,Ramsey Town Council,Huntingdonshire District Council,St Ives West,Committee Member,Overview and Scrutiny,Trade union membership,Trade union membership declared in the register,False,2024-02-28,2025-01-14
D-001965,M-00637,Ramsey Town Council,Huntingdonshire District Council,St Ives West,Committee Member,Corporate Governance,Licences to occupy land,Licences to occupy land declared in the register,False,2024-02-25,2024-10-06
D-001966,M-00637,Ramsey Town Council,Huntingdonshire District Council,St Ives West,Committee Member,Corporate Governance,Membership of a charity or voluntary body,Membership of a charity or voluntary body declared in the register,False,2023-11-19,2024-01-30
D-001967,M-00638,Huntingdonshire District Council,Huntingdonshire District Council,Fenstanton,Chair,Audit and Governance,Securities,Securities declared in the register,False,2024-05-15,2024-08-18
D-001968,M-00638,Huntingdonshire District Council,Huntingdonshire District Council,Fenstanton,Chair,Planning,Membership of a body exercising public functions,Membership of a body exercising public functions declared in the register,False,2023-06-23,2024-04-26
D-001969,M-00638,Huntingdonshire District Council,Huntingdonshire District Council,Fenstanton,Chair,Audit and Governance,Securities,Securities declared in the register,False,2025-08-13,2026-07-17
D-001970,M-00638,Huntingdonshire District Council,Huntingdonshire District Council,Fenstanton,Chair,Environment,Membership of a body exercising public functions,Membership of a body exercising public functions declared in the register,False,2023-05-16,2023-11-12
D-001971,M-00638,Huntingdonshire District Council,Huntingdonshire District Council,Fenstanton,Chair,Licensing,Trade union membership,Trade union membership declared in the register,False,2024-01-20,2024-07-13
D-001972,M-00639,Huntingdonshire District Council,Huntingdonshire District Council,Ramsey,Councillor,Health and Wellbeing,Sensitive interest (withheld under s.32),,True,2025-01-22,2026-02-22
D-001973,M-00639,Huntingdonshire District Council,Huntingdonshire District Council,Ramsey,Councillor,(none),"Employment, office, trade or profession",Employment declared in the register,False,2024-06-18,2024-10-30
D-001974,M-00640,Huntingdon Town Council,Huntingdonshire District Council,St Neots Eynesbury,Councillor,Planning,Membership of a political party,Membership of a political party declared in the register,False,2025-04-19,2026-01-19
D-001975,M-00640,Huntingdon Town Council,Huntingdonshire District Council,St Neots Eynesbury,Councillor,Finance,Land and property in the area,Land and property in the area declared in the register,False,2023-12-10,2024-07-30
D-001976,M-00640,Huntingdon Town Council,Huntingdonshire District Council,St Neots Eynesbury,Councillor,Planning,Membership of a political party,Membership of a political party declared in the register,False,2024-12-14,2025-01-12
D-001977,M-00640,Huntingdon Town Council,Huntingdonshire District Council,St Neots Eynesbury,Councillor,Licensing,Land and property in the area,Land and property in the area declared in the register,False,2024-07-07,2025-01-06
D-001978,M-00641,Huntingdonshire District Council,Huntingdonshire District Council,Godmanchester,Councillor,(none),Land and property in the area,Land and property in the area declared in the register,False,2023-10-18,2024-07-17
D-001979,M-00641,Huntingdonshire District Council,Huntingdonshire District Council,Godmanchester,Councillor,Planning,Membership of a charity or voluntary body,Membership of a charity or voluntary body declared in the register,False,2023-09-14,2023-11-10
D-001980,M-00642,Huntingdonshire District Council,Huntingdonshire District Council,Huntingdon North,Councillor,Planning,Membership of a political party,Membership of a political party declared in the register,False,2023-11-26,2023-12-02
D-001981,M-00643,St Ives Town Council,Huntingdonshire District Council,St Neots East,Vice-Chair,Environment,Land and property in the area,Land and property in the area declared in the register,False,2025-03-22,2025-11-10
D-001982,M-00644,South Cambridgeshire District Council,South Cambridgeshire District Council,Alconbury,Committee Member,Corporate Governance,Licences to occupy land,Licences to occupy land declared in the register,False,2024-01-03,2024-07-08
D-001983,M-00645,Huntingdonshire District Council,Huntingdonshire District Council,Brampton,Councillor,(none),Corporate tenancies,Corporate tenancies declared in the register,False,2024-05-17,2025-01-23
D-001984,M-00645,Huntingdonshire District Council,Huntingdonshire District Council,Brampton,Councillor,Employment,Licences to occupy land,Licences to occupy land declared in the register,False,2024-01-20,2024-12-22
D-001985,M-00645,Huntingdonshire District Council,Huntingdonshire District Council,Brampton,Councillor,Audit and Governance,Directorship,Directorship declared in the register,False,2023-05-08,2024-03-12
D-001986,M-00646,Cambridgeshire County Council,Cambridgeshire County Council,Brampton,Councillor,Finance,Membership of a body exercising public functions,Membership of a body exercising public functions declared in the register,False,2025-01-07,2025-12-03
D-001987,M-00646,Cambridgeshire County Council,Cambridgeshire County Council,Brampton,Councillor,Finance,Membership of a political party,Membership of a political party declared in the register,False,2025-09-07,2026-02-13
D-001988,M-00646,Cambridgeshire County Council,Cambridgeshire County Council,Brampton,Councillor,Health and Wellbeing,"Employment, office, trade or profession",Employment declared in the register,False,2023-12-11,2024-07-15
D-001989,M-00646,Cambridgeshire County Council,Cambridgeshire County Council,Brampton,Councillor,Corporate Governance,Membership of a political party,Membership of a political party declared in the register,False,2023-11-26,2024-04-09
D-001990,M-00646,Cambridgeshire County Council,Cambridgeshire County Council,Brampton,Councillor,Health and Wellbeing,Membership of a body exercising public functions,Membership of a body exercising public functions declared in the register,False,2023-06-04,2023-12-25
D-001991,M-00647,Ramsey Town Council,Huntingdonshire District Council,Buckden,Councillor,Employment,Land and property in the area,Land and property in the area declared in the register,False,2024-12-01,2025-05-16
D-001992,M-00647,Ramsey Town Council,Huntingdonshire District Council,Buckden,Councillor,Environment,Membership of a charity or voluntary body,Membership of a charity or voluntary body declared in the register,False,2024-08-18,2025-09-21
D-001993,M-00647,Ramsey Town Council,Huntingdonshire District Council,Buckden,Councillor,Licensing,Membership of a body exercising public functions,Membership of a body exercising public functions declared in the register,False,2025-07-21,2026-06-01
D-001994,M-00647,Ramsey Town Council,Huntingdonshire District Council,Buckden,Councillor,Audit and Governance,Land and property in the area,Land and property in the area declared in the register,False,2024-09-04,2025-09-26
D-001995,M-00647,Ramsey Town Council,Huntingdonshire District Council,Buckden,Councillor,Health and Wellbeing,Membership of a charity or voluntary body,Membership of a charity or voluntary body declared in the register,False,2025-09-23,2026-03-04
D-001996,M-00648,St Ives Town Council,Huntingdonshire District Council,Buckden,Cabinet Member,Environment,Trade union membership,Trade union membership declared in the register,False,2023-12-22,2024-10-27
D-001997,M-00648,St Ives Town Council,Huntingdonshire District Council,Buckden,Cabinet Member,Licensing,"Employment, office, trade or profession",Employment declared in the register,False,2024-10-10,2025-02-21
D-001998,M-00648,St Ives Town Council,Huntingdonshire District Council,Buckden,Cabinet Member,Audit and Governance,"Employment, office, trade or profession",Employment declared in the register,False,2025-02-26,2025-10-04
D-001999,M-00648,St Ives Town Council,Huntingdonshire District Council,Buckden,Cabinet Member,Employment,"Employment, office, trade or profession",Employment declared in the register,False,2024-01-20,2024-05-16
D-002000,M-00649,Cambridgeshire County Council,Cambridgeshire County Council,Fenstanton,Councillor,Planning,Securities,Securities declared in the register,False,2025-05-02,2025-12-15
D-002001,M-00649,Cambridgeshire County Council,Cambridgeshire County Council,Fenstanton,Councillor,(none),Land and property in the area,Land and property in the area declared in the register,False,2024-05-14,2024-11-04
D-002002,M-00649,Cambridgeshire County Council,Cambridgeshire County Council,Fenstanton,Councillor,Overview and Scrutiny,Corporate tenancies,Corporate tenancies declared in the register,False,2023-07-10,2024-03-31
D-002003,M-00650,Cambridgeshire County Council,Cambridgeshire County Council,Little Paxton,Councillor,(none),Sponsorship,Sponsorship declared in the register,False,2024-07-27,2025-01-16
D-002004,M-00650,Cambridgeshire County Council,Cambridgeshire County Council,Little Paxton,Councillor,Overview and Scrutiny,Land and property in the area,Land and property in the area declared in the register,False,2025-04-02,2025-07-05
D-002005,M-00650,Cambridgeshire County Council,Cambridgeshire County Council,Little Paxton,Councillor,Employment,Membership of a charity or voluntary body,Membership of a charity or voluntary body declared in the register,False,2025-07-04,2026-08-04
D-002006,M-00651,St Ives Town Council,Huntingdonshire District Council,Huntingdon West,Councillor,Overview and Scrutiny,Sponsorship,Sponsorship declared in the register,False,2023-10-30,2024-08-03
D-002007,M-00651,St Ives Town Council,Huntingdonshire District Council,Huntingdon West,Councillor,Finance,Membership of a political party,Membership of a political party declared in the register,False,2025-06-05,2026-05-15
D-002008,M-00651,St Ives Town Council,Huntingdonshire District Council,Huntingdon West,Councillor,Audit and Governance,Membership of a body exercising public functions,Membership of a body exercising public functions declared in the register,False,2023-10-12,2024-03-04
D-002009,M-00652,Huntingdonshire District Council,Huntingdonshire District Council,Yaxley,Cabinet Member,Finance,Securities,Securities declared in the register,False,2024-04-20,2024-10-22
D-002010,M-00652,Huntingdonshire District Council,Huntingdonshire District Council,Yaxley,Cabinet Member,Audit and Governance,Licences to occupy land,Licences to occupy land declared in the register,False,2025-10-10,2026-02-16
D-002011,M-00653,St Ives Town Council,Huntingdonshire District Council,Godmanchester,Cabinet Member,Corporate Governance,Corporate tenancies,Corporate tenancies declared in the register,False,2025-05-31,2026-04-13
D-002012,M-00653,St Ives Town Council,Huntingdonshire District Council,Godmanchester,Cabinet Member,Licensing,Land and property in the area,Land and property in the area declared in the register,False,2024-10-30,2025-01-05
D-002013,M-00654,St Ives Town Council,Huntingdonshire District Council,Yaxley,Councillor,Health and Wellbeing,Membership of a body exercising public functions,Membership of a body exercising public functions declared in the register,False,2024-09-03,2024-09-29
D-002014,M-00654,St Ives Town Council,Huntingdonshire District Council,Yaxley,Councillor,Corporate Governance,Membership of a body exercising public functions,Membership of a body exercising public functions declared in the register,False,2024-12-28,2025-02-19
D-002015,M-00654,St Ives Town Council,Huntingdonshire District Council,Yaxley,Councillor,Corporate Governance,Licences to occupy land,Licences to occupy land declared in the register,False,2023-07-13,2024-04-14
D-002016,M-00654,St Ives Town Council,Huntingdonshire District Council,Yaxley,Councillor,Standards,Sponsorship,Sponsorship declared in the register,False,2025-01-06,2025-02-15
D-002017,M-00654,St Ives Town Council,Huntingdonshire District Council,Yaxley,Councillor,Finance,Membership of a political party,Membership of a political party declared in the register,False,2023-12-13,2024-07-20
D-002018,M-00655,Ramsey Town Council,Huntingdonshire District Council,Sawtry,Mayor,Licensing,Trade union membership,Trade union membership declared in the register,False,2023-06-09,2023-08-13
D-002019,M-00655,Ramsey Town Council,Huntingdonshire District Council,Sawtry,Mayor,Finance,"Employment, office, trade or profession",Employment declared in the register,False,2024-11-30,2025-07-18
D-002020,M-00656,Huntingdonshire District Council,Huntingdonshire District Council,Ramsey,Councillor,Planning,Trade union membership,Trade union membership declared in the register,False,2023-09-11,2024-10-03
D-002021,M-00656,Huntingdonshire District Council,Huntingdonshire District Council,Ramsey,Councillor,Finance,Trade union membership,Trade union membership declared in the register,False,2025-06-29,2026-02-13
D-002022,M-00656,Huntingdonshire District Council,Huntingdonshire District Council,Ramsey,Councillor,Environment,Trade union membership,Trade union membership declared in the register,False,2024-06-11,2025-03-30
D-002023,M-00657,South Cambridgeshire District Council,South Cambridgeshire District Council,Godmanchester,Mayor,Employment,Directorship,Directorship declared in the register,False,2023-06-19,2024-04-13
D-002024,M-00658,Ramsey Town Council,Huntingdonshire District Council,Fenstanton,Councillor,(none),Membership of a body exercising public functions,Membership of a body exercising public functions declared in the register,False,2023-09-02,2023-11-05
D-002025,M-00658,Ramsey Town Council,Huntingdonshire District Council,Fenstanton,Councillor,Audit and Governance,Corporate tenancies,Corporate tenancies declared in the register,False,2023-10-20,2024-03-19
D-002026,M-00658,Ramsey Town Council,Huntingdonshire District Council,Fenstanton,Councillor,Environment,Securities,Securities declared in the register,False,2025-07-19,2025-09-24
D-002027,M-00658,Ramsey Town Council,Huntingdonshire District Council,Fenstanton,Councillor,Standards,Membership of a charity or voluntary body,Membership of a charity or voluntary body declared in the register,False,2024-05-20,2024-09-03
D-002028,M-00659,Huntingdon Town Council,Huntingdonshire District Council,Ramsey,Committee Member,Employment,Sponsorship,Sponsorship declared in the register,False,2024-05-20,2024-07-10
D-002029,M-00659,Huntingdon Town Council,Huntingdonshire District Council,Ramsey,Committee Member,Overview and Scrutiny,Securities,Securities declared in the register,False,2025-07-11,2025-10-06
D-002030,M-00659,Huntingdon Town Council,Huntingdonshire District Council,Ramsey,Committee Member,Health and Wellbeing,Corporate tenancies,Corporate tenancies declared in the register,False,2024-06-08,2025-04-24
D-002031,M-00659,Huntingdon Town Council,Huntingdonshire District Council,Ramsey,Committee Member,Overview and Scrutiny,Membership of a body exercising public functions,Membership of a body exercising public functions declared in the register,False,2024-03-05,2024-09-11
D-002032,M-00660,St Ives Town Council,Huntingdonshire District Council,Huntingdon East,Councillor,Audit and Governance,Trade union membership,Trade union membership declared in the register,False,2024-06-19,2025-02-21
D-002033,M-00660,St Ives Town Council,Huntingdonshire District Council,Huntingdon East,Councillor,Environment,Contracts with the authority,Contracts with the authority declared in the register,False,2024-03-11,2024-03-25
D-002034,M-00661,Huntingdonshire District Council,Huntingdonshire District Council,Sawtry,Councillor,Licensing,Membership of a body exercising public functions,Membership of a body exercising public functions declared in the register,False,2023-11-14,2024-07-13
D-002035,M-00661,Huntingdonshire District Council,Huntingdonshire District Council,Sawtry,Councillor,Environment,Sponsorship,Sponsorship declared in the register,False,2023-05-12,2023-07-09
D-002036,M-00661,Huntingdonshire District Council,Huntingdonshire District Council,Sawtry,Councillor,Planning,Licences to occupy land,Licences to occupy land declared in the register,False,2024-02-10,2025-02-25
D-002037,M-00661,Huntingdonshire District Council,Huntingdonshire District Council,Sawtry,Councillor,Audit and Governance,Sponsorship,Sponsorship declared in the register,False,2024-10-23,2025-06-17
D-002038,M-00661,Huntingdonshire District Council,Huntingdonshire District Council,Sawtry,Councillor,(none),Sponsorship,Sponsorship declared in the register,False,2025-10-12,2025-10-24
D-002039,M-00662,Cambridgeshire County Council,Cambridgeshire County Council,St Neots Eynesbury,Cabinet Member,Employment,Membership of a charity or voluntary body,Membership of a charity or voluntary body declared in the register,False,2024-11-02,2025-11-05
D-002040,M-00662,Cambridgeshire County Council,Cambridgeshire County Council,St Neots Eynesbury,Cabinet Member,Licensing,Contracts with the authority,Contracts with the authority declared in the register,False,2023-10-04,2024-11-04
D-002041,M-00663,Cambridgeshire County Council,Cambridgeshire County Council,St Neots Eynesbury,Councillor,Overview and Scrutiny,Securities,Securities declared in the register,False,2023-08-20,2024-06-27
D-002042,M-00663,Cambridgeshire County Council,Cambridgeshire County Council,St Neots Eynesbury,Councillor,Licensing,Land and property in the area,Land and property in the area declared in the register,False,2023-11-06,2023-12-12
D-002043,M-00663,Cambridgeshire County Council,Cambridgeshire County Council,St Neots Eynesbury,Councillor,Environment,Membership of a body exercising public functions,Membership of a body exercising public functions declared in the register,False,2024-01-23,2024-06-12
D-002044,M-00663,Cambridgeshire County Council,Cambridgeshire County Council,St Neots Eynesbury,Councillor,Audit and Governance,Membership of a political party,Membership of a political party declared in the register,False,2023-11-27,2023-12-09
D-002045,M-00664,Huntingdonshire District Council,Huntingdonshire District Council,Huntingdon North,Councillor,Finance,"Employment, office, trade or profession",Employment declared in the register,False,2023-07-01,2024-05-07
D-002046,M-00665,Ramsey Town Council,Huntingdonshire District Council,Ramsey,Cabinet Member,Planning,Sensitive interest (withheld under s.32),,True,2023-08-23,2024-03-12
D-002047,M-00665,Ramsey Town Council,Huntingdonshire District Council,Ramsey,Cabinet Member,Environment,Corporate tenancies,Corporate tenancies declared in the register,False,2024-09-07,2025-07-03
D-002048,M-00665,Ramsey Town Council,Huntingdonshire District Council,Ramsey,Cabinet Member,Corporate Governance,Sponsorship,Sponsorship declared in the register,False,2023-11-16,2024-07-10
D-002049,M-00665,Ramsey Town Council,Huntingdonshire District Council,Ramsey,Cabinet Member,Standards,"Employment, office, trade or profession",Employment declared in the register,False,2025-09-23,2025-10-29
D-002050,M-00665,Ramsey Town Council,Huntingdonshire District Council,Ramsey,Cabinet Member,Environment,Membership of a charity or voluntary body,Membership of a charity or voluntary body declared in the register,False,2023-05-23,2023-08-05
D-002051,M-00666,Huntingdon Town Council,Huntingdonshire District Council,Little Paxton,Committee Member,Standards,Securities,Securities declared in the register,False,2025-07-27,2026-07-09
D-002052,M-00666,Huntingdon Town Council,Huntingdonshire District Council,Little Paxton,Committee Member,Licensing,Membership of a charity or voluntary body,Membership of a charity or voluntary body declared in the register,False,2025-06-29,2025-08-31
D-002053,M-00666,Huntingdon Town Council,Huntingdonshire District Council,Little Paxton,Committee Member,Overview and Scrutiny,Membership of a political party,Membership of a political party declared in the register,False,2023-12-11,2024-11-11
D-002054,M-00666,Huntingdon Town Council,Huntingdonshire District Council,Little Paxton,Committee Member,(none),Licences to occupy land,Licences to occupy land declared in the register,False,2023-11-21,2024-05-18
D-002055,M-00667,St Ives Town Council,Huntingdonshire District Council,Huntingdon North,Councillor,(none),Membership of a body exercising public functions,Membership of a body exercising public functions declared in the register,False,2023-05-28,2023-06-18
D-002056,M-00667,St Ives Town Council,Huntingdonshire District Council,Huntingdon North,Councillor,Planning,Trade union membership,Trade union membership declared in the register,False,2024-12-14,2025-04-02
D-002057,M-00668,St Ives Town Council,Huntingdonshire District Council,Hemingfords,Councillor,Employment,Membership of a political party,Membership of a political party declared in the register,False,2024-12-27,2025-05-01
D-002058,M-00668,St Ives Town Council,Huntingdonshire District Council,Hemingfords,Councillor,Audit and Governance,"Employment, office, trade or profession",Employment declared in the register,False,2025-09-20,2026-02-16
D-002059,M-00669,Cambridgeshire County Council,Cambridgeshire County Council,Brampton,Councillor,Planning,Corporate tenancies,Corporate tenancies declared in the register,False,2023-10-13,2023-12-10
D-002060,M-00670,Huntingdon Town Council,Huntingdonshire District Council,Huntingdon East,Councillor,Planning,Trade union membership,Trade union membership declared in the register,False,2023-07-14,2024-04-20
D-002061,M-00670,Huntingdon Town Council,Huntingdonshire District Council,Huntingdon East,Councillor,Audit and Governance,Securities,Securities declared in the register,False,2023-12-01,2024-06-21
D-002062,M-00670,Huntingdon Town Council,Huntingdonshire District Council,Huntingdon East,Councillor,Standards,Membership of a body exercising public functions,Membership of a body exercising public functions declared in the register,False,2025-03-24,2025-09-26
D-002063,M-00671,Huntingdonshire District Council,Huntingdonshire District Council,Alconbury,Committee Member,Standards,Contracts with the authority,Contracts with the authority declared in the register,False,2025-06-28,2026-07-31
D-002064,M-00671,Huntingdonshire District Council,Huntingdonshire District Council,Alconbury,Committee Member,Finance,Contracts with the authority,Contracts with the authority declared in the register,False,2025-03-24,2025-07-23
D-002065,M-00671,Huntingdonshire District Council,Huntingdonshire District Council,Alconbury,Committee Member,Health and Wellbeing,Sponsorship,Sponsorship declared in the register,False,2023-08-15,2024-04-18
D-002066,M-00671,Huntingdonshire District Council,Huntingdonshire District Council,Alconbury,Committee Member,Standards,"Employment, office, trade or profession",Employment declared in the register,False,2025-02-12,2025-07-25
D-002067,M-00672,South Cambridgeshire District Council,South Cambridgeshire District Council,St Ives East,Councillor,(none),Corporate tenancies,Corporate tenancies declared in the register,False,2023-12-30,2024-01-31
D-002068,M-00673,South Cambridgeshire District Council,South Cambridgeshire District Council,Huntingdon North,Councillor,(none),Directorship,Directorship declared in the register,False,2023-06-14,2024-04-30
D-002069,M-00673,South Cambridgeshire District Council,South Cambridgeshire District Council,Huntingdon North,Councillor,(none),Land and property in the area,Land and property in the area declared in the register,False,2025-07-27,2025-08-08
D-002070,M-00673,South Cambridgeshire District Council,South Cambridgeshire District Council,Huntingdon North,Councillor,Overview and Scrutiny,Securities,Securities declared in the register,False,2024-10-15,2025-01-16
D-002071,M-00673,South Cambridgeshire District Council,South Cambridgeshire District Council,Huntingdon North,Councillor,Audit and Governance,Trade union membership,Trade union membership declared in the register,False,2025-06-29,2026-05-06
D-002072,M-00674,Ramsey Town Council,Huntingdonshire District Council,Warboys,Councillor,Planning,Licences to occupy land,Licences to occupy land declared in the register,False,2024-02-20,2024-02-24
D-002073,M-00674,Ramsey Town Council,Huntingdonshire District Council,Warboys,Councillor,Corporate Governance,Land and property in the area,Land and property in the area declared in the register,False,2024-02-21,2024-12-09
D-002074,M-00674,Ramsey Town Council,Huntingdonshire District Council,Warboys,Councillor,(none),Licences to occupy land,Licences to occupy land declared in the register,False,2024-06-18,2024-09-24
D-002075,M-00674,Ramsey Town Council,Huntingdonshire District Council,Warboys,Councillor,Licensing,Land and property in the area,Land and property in the area declared in the register,False,2025-06-28,2026-05-26
D-002076,M-00674,Ramsey Town Council,Huntingdonshire District Council,Warboys,Councillor,Finance,Directorship,Directorship declared in the register,False,2024-01-31,2025-02-17
D-002077,M-00675,Huntingdonshire District Council,Huntingdonshire District Council,St Ives West,Councillor,Finance,Land and property in the area,Land and property in the area declared in the register,False,2025-07-23,2026-04-22
D-002078,M-00676,St Ives Town Council,Huntingdonshire District Council,St Ives East,Councillor,Standards,Sponsorship,Sponsorship declared in the register,False,2024-04-22,2024-11-11
D-002079,M-00676,St Ives Town Council,Huntingdonshire District Council,St Ives East,Councillor,Health and Wellbeing,Licences to occupy land,Licences to occupy land declared in the register,False,2024-07-19,2025-07-27
D-002080,M-00676,St Ives Town Council,Huntingdonshire District Council,St Ives East,Councillor,Health and Wellbeing,Sponsorship,Sponsorship declared in the register,False,2025-08-27,2026-08-15
D-002081,M-00676,St Ives Town Council,Huntingdonshire District Council,St Ives East,Councillor,Overview and Scrutiny,Securities,Securities declared in the register,False,2024-07-10,2024-10-25
D-002082,M-00677,St Ives Town Council,Huntingdonshire District Council,Somersham,Councillor,Health and Wellbeing,"Employment, office, trade or profession",Employment declared in the register,False,2024-11-06,2024-12-29
D-002083,M-00677,St Ives Town Council,Huntingdonshire District Council,Somersham,Councillor,(none),Securities,Securities declared in the register,False,2023-12-25,2024-11-20
D-002084,M-00677,St Ives Town Council,Huntingdonshire District Council,Somersham,Councillor,Employment,Membership of a charity or voluntary body,Membership of a charity or voluntary body declared in the register,False,2024-04-29,2025-01-09
D-002085,M-00677,St Ives Town Council,Huntingdonshire District Council,Somersham,Councillor,(none),Contracts with the authority,Contracts with the authority declared in the register,False,2025-07-15,2026-05-09
D-002086,M-00677,St Ives Town Council,Huntingdonshire District Council,Somersham,Councillor,Overview and Scrutiny,"Employment, office, trade or profession",Employment declared in the register,False,2025-08-14,2025-11-13
D-002087,M-00678,South Cambridgeshire District Council,South Cambridgeshire District Council,Hemingfords,Councillor,Planning,Sensitive interest (withheld under s.32),,True,2024-01-21,2024-10-20
D-002088,M-00678,South Cambridgeshire District Council,South Cambridgeshire District Council,Hemingfords,Councillor,(none),Membership of a charity or voluntary body,Membership of a charity or voluntary body declared in the register,False,2025-09-12,2026-04-16
D-002089,M-00679,St Ives Town Council,Huntingdonshire District Council,Huntingdon West,Councillor,Overview and Scrutiny,Membership of a charity or voluntary body,Membership of a charity or voluntary body declared in the register,False,2024-11-09,2025-02-03
D-002090,M-00679,St Ives Town Council,Huntingdonshire District Council,Huntingdon West,Councillor,Corporate Governance,Membership of a charity or voluntary body,Membership of a charity or voluntary body declared in the register,False,2023-10-28,2024-04-22
D-002091,M-00679,St Ives Town Council,Huntingdonshire District Council,Huntingdon West,Councillor,Corporate Governance,"Employment, office, trade or profession",Employment declared in the register,False,2023-10-23,2024-02-15
D-002092,M-00679,St Ives Town Council,Huntingdonshire District Council,Huntingdon West,Councillor,Health and Wellbeing,Membership of a political party,Membership of a political party declared in the register,False,2025-03-10,2025-07-21
D-002093,M-00680,Huntingdonshire District Council,Huntingdonshire District Council,Buckden,Committee Member,Corporate Governance,Contracts with the authority,Contracts with the authority declared in the register,False,2023-10-31,2024-01-11
D-002094,M-00680,Huntingdonshire District Council,Huntingdonshire District Council,Buckden,Committee Member,Corporate Governance,Corporate tenancies,Corporate tenancies declared in the register,False,2024-12-07,2025-06-26
D-002095,M-00680,Huntingdonshire District Council,Huntingdonshire District Council,Buckden,Committee Member,Health and Wellbeing,Trade union membership,Trade union membership declared in the register,False,2024-07-27,2025-04-19
D-002096,M-00681,St Ives Town Council,Huntingdonshire District Council,Fenstanton,Councillor,Licensing,"Employment, office, trade or profession",Employment declared in the register,False,2024-03-19,2024-04-04
D-002097,M-00681,St Ives Town Council,Huntingdonshire District Council,Fenstanton,Councillor,Standards,Membership of a charity or voluntary body,Membership of a charity or voluntary body declared in the register,False,2025-01-21,2025-05-20
D-002098,M-00682,South Cambridgeshire District Council,South Cambridgeshire District Council,St Neots Eynesbury,Councillor,Planning,Membership of a political party,Membership of a political party declared in the register,False,2024-05-29,2025-02-05
D-002099,M-00682,South Cambridgeshire District Council,South Cambridgeshire District Council,St Neots Eynesbury,Councillor,Corporate Governance,Corporate tenancies,Corporate tenancies declared in the register,False,2025-06-24,2025-07-25
D-002100,M-00682,South Cambridgeshire District Council,South Cambridgeshire District Council,St Neots Eynesbury,Councillor,Corporate Governance,Membership of a political party,Membership of a political party declared in the register,False,2023-06-09,2024-02-16
D-002101,M-00683,Huntingdon Town Council,Huntingdonshire District Council,Buckden,Chair,Corporate Governance,Land and property in the area,Land and property in the area declared in the register,False,2024-12-16,2025-02-09
D-002102,M-00683,Huntingdon Town Council,Huntingdonshire District Council,Buckden,Chair,Audit and Governance,Directorship,Directorship declared in the register,False,2024-09-18,2025-08-31
D-002103,M-00684,Ramsey Town Council,Huntingdonshire District Council,Sawtry,Councillor,Corporate Governance,Directorship,Directorship declared in the register,False,2023-08-04,2023-08-31
D-002104,M-00684,Ramsey Town Council,Huntingdonshire District Council,Sawtry,Councillor,Overview and Scrutiny,Licences to occupy land,Licences to occupy land declared in the register,False,2025-04-10,2025-10-19
D-002105,M-00684,Ramsey Town Council,Huntingdonshire District Council,Sawtry,Councillor,Overview and Scrutiny,Membership of a charity or voluntary body,Membership of a charity or voluntary body declared in the register,False,2025-09-30,2025-10-05
D-002106,M-00684,Ramsey Town Council,Huntingdonshire District Council,Sawtry,Councillor,Planning,Membership of a body exercising public functions,Membership of a body exercising public functions declared in the register,False,2023-11-30,2023-12-21
D-002107,M-00684,Ramsey Town Council,Huntingdonshire District Council,Sawtry,Councillor,Planning,Trade union membership,Trade union membership declared in the register,False,2024-03-28,2024-07-22
D-002108,M-00685,Ramsey Town Council,Huntingdonshire District Council,St Ives South,Councillor,Licensing,Trade union membership,Trade union membership declared in the register,False,2023-12-11,2024-12-26
D-002109,M-00686,Huntingdonshire District Council,Huntingdonshire District Council,Alconbury,Cabinet Member,Planning,Licences to occupy land,Licences to occupy land declared in the register,False,2023-09-10,2024-03-21
D-002110,M-00686,Huntingdonshire District Council,Huntingdonshire District Council,Alconbury,Cabinet Member,Planning,Contracts with the authority,Contracts with the authority declared in the register,False,2024-11-22,2025-11-07
D-002111,M-00687,South Cambridgeshire District Council,South Cambridgeshire District Council,Yaxley,Vice-Chair,Employment,Land and property in the area,Land and property in the area declared in the register,False,2023-07-30,2024-02-15
D-002112,M-00687,South Cambridgeshire District Council,South Cambridgeshire District Council,Yaxley,Vice-Chair,Audit and Governance,Directorship,Directorship declared in the register,False,2024-02-26,2024-05-14
D-002113,M-00687,South Cambridgeshire District Council,South Cambridgeshire District Council,Yaxley,Vice-Chair,Audit and Governance,Membership of a political party,Membership of a political party declared in the register,False,2024-10-07,2024-11-30
D-002114,M-00687,South Cambridgeshire District Council,South Cambridgeshire District Council,Yaxley,Vice-Chair,Audit and Governance,Licences to occupy land,Licences to occupy land declared in the register,False,2025-01-12,2025-08-28
D-002115,M-00688,South Cambridgeshire District Council,South Cambridgeshire District Council,Somersham,Chair,(none),Sensitive interest (withheld under s.32),,True,2023-09-25,2024-02-08
D-002116,M-00688,South Cambridgeshire District Council,South Cambridgeshire District Council,Somersham,Chair,Overview and Scrutiny,Membership of a charity or voluntary body,Membership of a charity or voluntary body declared in the register,False,2024-05-20,2024-09-17
D-002117,M-00688,South Cambridgeshire District Council,South Cambridgeshire District Council,Somersham,Chair,Standards,Corporate tenancies,Corporate tenancies declared in the register,False,2025-01-24,2025-12-26
D-002118,M-00688,South Cambridgeshire District Council,South Cambridgeshire District Council,Somersham,Chair,Environment,Sponsorship,Sponsorship declared in the register,False,2024-11-14,2025-03-21
D-002119,M-00689,Ramsey Town Council,Huntingdonshire District Council,St Neots East,Councillor,Environment,Contracts with the authority,Contracts with the authority declared in the register,False,2024-07-13,2024-12-09
D-002120,M-00690,Cambridgeshire County Council,Cambridgeshire County Council,St Ives West,Councillor,Environment,Sensitive interest (withheld under s.32),,True,2023-12-18,2024-02-26
D-002121,M-00690,Cambridgeshire County Council,Cambridgeshire County Council,St Ives West,Councillor,Corporate Governance,Contracts with the authority,Contracts with the authority declared in the register,False,2023-08-13,2024-02-28
D-002122,M-00690,Cambridgeshire County Council,Cambridgeshire County Council,St Ives West,Councillor,Health and Wellbeing,Contracts with the authority,Contracts with the authority declared in the register,False,2025-09-16,2025-09-24
D-002123,M-00691,South Cambridgeshire District Council,South Cambridgeshire District Council,Little Paxton,Councillor,(none),Trade union membership,Trade union membership declared in the register,False,2025-03-30,2025-07-23
D-002124,M-00691,South Cambridgeshire District Council,South Cambridgeshire District Council,Little Paxton,Councillor,Licensing,Securities,Securities declared in the register,False,2025-04-09,2025-05-13
D-002125,M-00692,Huntingdon Town Council,Huntingdonshire District Council,St Neots East,Councillor,Overview and Scrutiny,"Employment, office, trade or profession",Employment declared in the register,False,2023-11-17,2024-06-25
D-002126,M-00692,Huntingdon Town Council,Huntingdonshire District Council,St Neots East,Councillor,Employment,Corporate tenancies,Corporate tenancies declared in the register,False,2025-07-17,2026-01-07
D-002127,M-00693,St Ives Town Council,Huntingdonshire District Council,Somersham,Councillor,Corporate Governance,Trade union membership,Trade union membership declared in the register,False,2024-06-17,2025-06-24
D-002128,M-00693,St Ives Town Council,Huntingdonshire District Council,Somersham,Councillor,Corporate Governance,Licences to occupy land,Licences to occupy land declared in the register,False,2025-01-27,2025-04-02
D-002129,M-00693,St Ives Town Council,Huntingdonshire District Council,Somersham,Councillor,Finance,Contracts with the authority,Contracts with the authority declared in the register,False,2024-12-07,2024-12-21
D-002130,M-00694,Ramsey Town Council,Huntingdonshire District Council,Huntingdon East,Councillor,Employment,"Employment, office, trade or profession",Employment declared in the register,False,2023-12-20,2024-03-27
D-002131,M-00694,Ramsey Town Council,Huntingdonshire District Council,Huntingdon East,Councillor,Finance,Directorship,Directorship declared in the register,False,2024-05-11,2025-02-18
D-002132,M-00695,St Ives Town Council,Huntingdonshire District Council,Ramsey,Committee Member,Planning,Trade union membership,Trade union membership declared in the register,False,2025-09-13,2025-12-18
D-002133,M-00696,Huntingdon Town Council,Huntingdonshire District Council,Alconbury,Councillor,Employment,Land and property in the area,Land and property in the area declared in the register,False,2024-12-13,2024-12-17
D-002134,M-00696,Huntingdon Town Council,Huntingdonshire District Council,Alconbury,Councillor,Finance,"Employment, office, trade or profession",Employment declared in the register,False,2025-01-24,2026-02-18
D-002135,M-00696,Huntingdon Town Council,Huntingdonshire District Council,Alconbury,Councillor,Finance,Sponsorship,Sponsorship declared in the register,False,2024-05-02,2025-04-01
D-002136,M-00696,Huntingdon Town Council,Huntingdonshire District Council,Alconbury,Councillor,Corporate Governance,Membership of a body exercising public functions,Membership of a body exercising public functions declared in the register,False,2023-08-23,2024-07-06
D-002137,M-00697,Huntingdon Town Council,Huntingdonshire District Council,St Ives South,Councillor,(none),Membership of a political party,Membership of a political party declared in the register,False,2023-12-08,2024-05-05
D-002138,M-00697,Huntingdon Town Council,Huntingdonshire District Council,St Ives South,Councillor,Corporate Governance,Membership of a political party,Membership of a political party declared in the register,False,2024-01-09,2024-12-31
D-002139,M-00697,Huntingdon Town Council,Huntingdonshire District Council,St Ives South,Councillor,Health and Wellbeing,Sponsorship,Sponsorship declared in the register,False,2025-06-14,2026-01-12
D-002140,M-00697,Huntingdon Town Council,Huntingdonshire District Council,St Ives South,Councillor,Planning,Land and property in the area,Land and property in the area declared in the register,False,2025-01-19,2025-11-12
D-002141,M-00697,Huntingdon Town Council,Huntingdonshire District Council,St Ives South,Councillor,Planning,Securities,Securities declared in the register,False,2023-07-28,2024-04-28
D-002142,M-00698,Cambridgeshire County Council,Cambridgeshire County Council,Yaxley,Councillor,Standards,Licences to occupy land,Licences to occupy land declared in the register,False,2025-01-12,2025-06-17
D-002143,M-00698,Cambridgeshire County Council,Cambridgeshire County Council,Yaxley,Councillor,Licensing,Land and property in the area,Land and property in the area declared in the register,False,2025-09-05,2026-08-14
D-002144,M-00698,Cambridgeshire County Council,Cambridgeshire County Council,Yaxley,Councillor,Licensing,"Employment, office, trade or profession",Employment declared in the register,False,2024-10-03,2025-06-25
D-002145,M-00698,Cambridgeshire County Council,Cambridgeshire County Council,Yaxley,Councillor,Licensing,Membership of a political party,Membership of a political party declared in the register,False,2025-04-30,2025-10-26
D-002146,M-00699,Huntingdonshire District Council,Huntingdonshire District Council,St Ives West,Committee Member,Corporate Governance,Corporate tenancies,Corporate tenancies declared in the register,False,2025-09-02,2026-05-25
D-002147,M-00699,Huntingdonshire District Council,Huntingdonshire District Council,St Ives West,Committee Member,(none),Directorship,Directorship declared in the register,False,2024-03-24,2025-03-28
D-002148,M-00699,Huntingdonshire District Council,Huntingdonshire District Council,St Ives West,Committee Member,Environment,Directorship,Directorship declared in the register,False,2025-02-14,2026-01-14
D-002149,M-00699,Huntingdonshire District Council,Huntingdonshire District Council,St Ives West,Committee Member,Employment,Membership of a body exercising public functions,Membership of a body exercising public functions declared in the register,False,2025-08-05,2025-09-19
D-002150,M-00700,Cambridgeshire County Council,Cambridgeshire County Council,Hemingfords,Committee Member,Standards,Sponsorship,Sponsorship declared in the register,False,2023-12-29,2024-04-26
D-002151,M-00700,Cambridgeshire County Council,Cambridgeshire County Council,Hemingfords,Committee Member,Audit and Governance,Corporate tenancies,Corporate tenancies declared in the register,False,2024-04-06,2024-08-14
D-002152,M-00700,Cambridgeshire County Council,Cambridgeshire County Council,Hemingfords,Committee Member,Audit and Governance,Directorship,Directorship declared in the register,False,2025-01-18,2025-04-14
D-002153,M-00701,Huntingdon Town Council,Huntingdonshire District Council,St Neots Eynesbury,Councillor,Finance,Corporate tenancies,Corporate tenancies declared in the register,False,2023-09-02,2024-07-16
D-002154,M-00701,Huntingdon Town Council,Huntingdonshire District Council,St Neots Eynesbury,Councillor,Licensing,Licences to occupy land,Licences to occupy land declared in the register,False,2025-03-29,2025-10-04
D-002155,M-00702,St Ives Town Council,Huntingdonshire District Council,Huntingdon East,Committee Member,Finance,Licences to occupy land,Licences to occupy land declared in the register,False,2025-07-13,2026-01-04
D-002156,M-00702,St Ives Town Council,Huntingdonshire District Council,Huntingdon East,Committee Member,Environment,Membership of a political party,Membership of a political party declared in the register,False,2025-10-02,2026-01-22
D-002157,M-00702,St Ives Town Council,Huntingdonshire District Council,Huntingdon East,Committee Member,Corporate Governance,Membership of a charity or voluntary body,Membership of a charity or voluntary body declared in the register,False,2025-07-04,2026-05-04
D-002158,M-00703,St Ives Town Council,Huntingdonshire District Council,St Ives East,Councillor,Health and Wellbeing,Directorship,Directorship declared in the register,False,2024-02-11,2024-10-05
D-002159,M-00703,St Ives Town Council,Huntingdonshire District Council,St Ives East,Councillor,Licensing,Trade union membership,Trade union membership declared in the register,False,2023-06-07,2024-02-22
D-002160,M-00704,Huntingdonshire District Council,Huntingdonshire District Council,Godmanchester,Councillor,Overview and Scrutiny,Contracts with the authority,Contracts with the authority declared in the register,False,2025-03-08,2025-10-11
D-002161,M-00705,Huntingdon Town Council,Huntingdonshire District Council,Buckden,Committee Member,Corporate Governance,Licences to occupy land,Licences to occupy land declared in the register,False,2024-06-14,2025-03-29
D-002162,M-00705,Huntingdon Town Council,Huntingdonshire District Council,Buckden,Committee Member,Employment,Membership of a body exercising public functions,Membership of a body exercising public functions declared in the register,False,2024-01-05,2024-11-05
D-002163,M-00705,Huntingdon Town Council,Huntingdonshire District Council,Buckden,Committee Member,Overview and Scrutiny,Directorship,Directorship declared in the register,False,2023-07-23,2024-08-11
D-002164,M-00705,Huntingdon Town Council,Huntingdonshire District Council,Buckden,Committee Member,Audit and Governance,Sponsorship,Sponsorship declared in the register,False,2025-05-26,2025-08-05
D-002165,M-00706,St Ives Town Council,Huntingdonshire District Council,Buckden,Vice-Chair,Corporate Governance,Land and property in the area,Land and property in the area declared in the register,False,2024-11-26,2024-12-12
D-002166,M-00706,St Ives Town Council,Huntingdonshire District Council,Buckden,Vice-Chair,Employment,Directorship,Directorship declared in the register,False,2024-10-11,2025-01-02
D-002167,M-00706,St Ives Town Council,Huntingdonshire District Council,Buckden,Vice-Chair,Licensing,Membership of a body exercising public functions,Membership of a body exercising public functions declared in the register,False,2023-10-07,2024-09-23
D-002168,M-00707,Cambridgeshire County Council,Cambridgeshire County Council,St Ives West,Councillor,Finance,Securities,Securities declared in the register,False,2023-07-02,2023-09-17
D-002169,M-00707,Cambridgeshire County Council,Cambridgeshire County Council,St Ives West,Councillor,Planning,Membership of a political party,Membership of a political party declared in the register,False,2023-05-19,2023-06-14
D-002170,M-00708,South Cambridgeshire District Council,South Cambridgeshire District Council,Fenstanton,Councillor,Employment,Sponsorship,Sponsorship declared in the register,False,2024-05-17,2024-10-25
D-002171,M-00708,South Cambridgeshire District Council,South Cambridgeshire District Council,Fenstanton,Councillor,Employment,Contracts with the authority,Contracts with the authority declared in the register,False,2024-02-11,2024-03-04
D-002172,M-00708,South Cambridgeshire District Council,South Cambridgeshire District Council,Fenstanton,Councillor,Overview and Scrutiny,Licences to occupy land,Licences to occupy land declared in the register,False,2025-02-17,2025-09-05
D-002173,M-00709,Ramsey Town Council,Huntingdonshire District Council,Huntingdon East,Councillor,Planning,Securities,Securities declared in the register,False,2023-07-11,2023-09-18
D-002174,M-00710,Cambridgeshire County Council,Cambridgeshire County Council,Yaxley,Councillor,Finance,Land and property in the area,Land and property in the area declared in the register,False,2025-10-13,2025-11-12
D-002175,M-00710,Cambridgeshire County Council,Cambridgeshire County Council,Yaxley,Councillor,Corporate Governance,Land and property in the area,Land and property in the area declared in the register,False,2024-12-16,2025-08-07
D-002176,M-00710,Cambridgeshire County Council,Cambridgeshire County Council,Yaxley,Councillor,Overview and Scrutiny,Contracts with the authority,Contracts with the authority declared in the register,False,2023-11-20,2024-09-22
D-002177,M-00711,South Cambridgeshire District Council,South Cambridgeshire District Council,Warboys,Councillor,(none),Contracts with the authority,Contracts with the authority declared in the register,False,2024-08-19,2024-12-08
D-002178,M-00711,South Cambridgeshire District Council,South Cambridgeshire District Council,Warboys,Councillor,Overview and Scrutiny,Contracts with the authority,Contracts with the authority declared in the register,False,2023-07-18,2024-04-04
D-002179,M-00711,South Cambridgeshire District Council,South Cambridgeshire District Council,Warboys,Councillor,Standards,Contracts with the authority,Contracts with the authority declared in the register,False,2025-05-14,2025-12-21
D-002180,M-00711,South Cambridgeshire District Council,South Cambridgeshire District Council,Warboys,Councillor,Corporate Governance,Licences to occupy land,Licences to occupy land declared in the register,False,2023-10-20,2024-05-26
D-002181,M-00711,South Cambridgeshire District Council,South Cambridgeshire District Council,Warboys,Councillor,(none),Membership of a political party,Membership of a political party declared in the register,False,2024-05-27,2024-07-17
D-002182,M-00712,Huntingdon Town Council,Huntingdonshire District Council,Huntingdon North,Cabinet Member,Corporate Governance,Trade union membership,Trade union membership declared in the register,False,2024-01-26,2024-03-09
D-002183,M-00712,Huntingdon Town Council,Huntingdonshire District Council,Huntingdon North,Cabinet Member,Health and Wellbeing,Membership of a body exercising public functions,Membership of a body exercising public functions declared in the register,False,2025-08-12,2026-09-10
D-002184,M-00712,Huntingdon Town Council,Huntingdonshire District Council,Huntingdon North,Cabinet Member,Employment,Trade union membership,Trade union membership declared in the register,False,2023-06-18,2024-06-23
D-002185,M-00713,South Cambridgeshire District Council,South Cambridgeshire District Council,Little Paxton,Councillor,Overview and Scrutiny,Contracts with the authority,Contracts with the authority declared in the register,False,2023-10-16,2024-02-17
D-002186,M-00713,South Cambridgeshire District Council,South Cambridgeshire District Council,Little Paxton,Councillor,Corporate Governance,Sponsorship,Sponsorship declared in the register,False,2024-02-09,2024-09-23
D-002187,M-00713,South Cambridgeshire District Council,South Cambridgeshire District Council,Little Paxton,Councillor,Audit and Governance,Trade union membership,Trade union membership declared in the register,False,2023-08-07,2024-09-03
D-002188,M-00713,South Cambridgeshire District Council,South Cambridgeshire District Council,Little Paxton,Councillor,Employment,Licences to occupy land,Licences to occupy land declared in the register,False,2024-03-11,2024-04-10
D-002189,M-00713,South Cambridgeshire District Council,South Cambridgeshire District Council,Little Paxton,Councillor,Planning,Land and property in the area,Land and property in the area declared in the register,False,2024-05-24,2025-02-17
D-002190,M-00714,Ramsey Town Council,Huntingdonshire District Council,St Ives West,Committee Member,Audit and Governance,Corporate tenancies,Corporate tenancies declared in the register,False,2023-09-09,2024-02-05
D-002191,M-00714,Ramsey Town Council,Huntingdonshire District Council,St Ives West,Committee Member,Employment,Licences to occupy land,Licences to occupy land declared in the register,False,2025-03-14,2025-08-08
D-002192,M-00714,Ramsey Town Council,Huntingdonshire District Council,St Ives West,Committee Member,Planning,Membership of a body exercising public functions,Membership of a body exercising public functions declared in the register,False,2023-08-08,2024-05-02
D-002193,M-00714,Ramsey Town Council,Huntingdonshire District Council,St Ives West,Committee Member,Standards,Membership of a body exercising public functions,Membership of a body exercising public functions declared in the register,False,2023-08-31,2024-07-08
D-002194,M-00714,Ramsey Town Council,Huntingdonshire District Council,St Ives West,Committee Member,Licensing,Membership of a political party,Membership of a political party declared in the register,False,2025-06-06,2026-01-27
D-002195,M-00715,South Cambridgeshire District Council,South Cambridgeshire District Council,Somersham,Councillor,Finance,Contracts with the authority,Contracts with the authority declared in the register,False,2024-12-24,2025-07-20
D-002196,M-00715,South Cambridgeshire District Council,South Cambridgeshire District Council,Somersham,Councillor,Environment,Membership of a charity or voluntary body,Membership of a charity or voluntary body declared in the register,False,2024-02-29,2024-11-01
D-002197,M-00715,South Cambridgeshire District Council,South Cambridgeshire District Council,Somersham,Councillor,Audit and Governance,"Employment, office, trade or profession",Employment declared in the register,False,2024-02-27,2024-05-07
D-002198,M-00715,South Cambridgeshire District Council,South Cambridgeshire District Council,Somersham,Councillor,(none),Trade union membership,Trade union membership declared in the register,False,2023-10-15,2023-11-03
D-002199,M-00715,South Cambridgeshire District Council,South Cambridgeshire District Council,Somersham,Councillor,Employment,Directorship,Directorship declared in the register,False,2025-03-25,2025-06-12
D-002200,M-00716,St Ives Town Council,Huntingdonshire District Council,St Ives West,Councillor,Health and Wellbeing,Licences to occupy land,Licences to occupy land declared in the register,False,2025-05-10,2025-11-14
D-002201,M-00716,St Ives Town Council,Huntingdonshire District Council,St Ives West,Councillor,Employment,Securities,Securities declared in the register,False,2023-07-05,2024-04-09
D-002202,M-00716,St Ives Town Council,Huntingdonshire District Council,St Ives West,Councillor,Corporate Governance,Land and property in the area,Land and property in the area declared in the register,False,2025-08-31,2026-03-13
D-002203,M-00716,St Ives Town Council,Huntingdonshire District Council,St Ives West,Councillor,Corporate Governance,Sensitive interest (withheld under s.32),,True,2025-06-21,2026-01-02
D-002204,M-00716,St Ives Town Council,Huntingdonshire District Council,St Ives West,Councillor,Overview and Scrutiny,Membership of a charity or voluntary body,Membership of a charity or voluntary body declared in the register,False,2023-12-15,2024-03-23
D-002205,M-00717,Cambridgeshire County Council,Cambridgeshire County Council,Warboys,Vice-Chair,Audit and Governance,Membership of a body exercising public functions,Membership of a body exercising public functions declared in the register,False,2025-01-27,2025-10-23
D-002206,M-00717,Cambridgeshire County Council,Cambridgeshire County Council,Warboys,Vice-Chair,Standards,Membership of a body exercising public functions,Membership of a body exercising public functions declared in the register,False,2024-06-04,2025-02-10
D-002207,M-00718,St Ives Town Council,Huntingdonshire District Council,Hemingfords,Cabinet Member,Environment,Membership of a political party,Membership of a political party declared in the register,False,2024-05-02,2024-12-25
D-002208,M-00718,St Ives Town Council,Huntingdonshire District Council,Hemingfords,Cabinet Member,Licensing,Land and property in the area,Land and property in the area declared in the register,False,2025-01-04,2025-09-01
D-002209,M-00718,St Ives Town Council,Huntingdonshire District Council,Hemingfords,Cabinet Member,Finance,Licences to occupy land,Licences to occupy land declared in the register,False,2024-01-14,2024-03-14
D-002210,M-00719,Cambridgeshire County Council,Cambridgeshire County Council,Fenstanton,Councillor,(none),Trade union membership,Trade union membership declared in the register,False,2024-08-22,2025-01-29
D-002211,M-00719,Cambridgeshire County Council,Cambridgeshire County Council,Fenstanton,Councillor,Finance,Trade union membership,Trade union membership declared in the register,False,2024-03-18,2024-08-06
D-002212,M-00720,Huntingdon Town Council,Huntingdonshire District Council,Yaxley,Chair,Corporate Governance,Directorship,Directorship declared in the register,False,2025-09-04,2025-10-15
D-002213,M-00720,Huntingdon Town Council,Huntingdonshire District Council,Yaxley,Chair,Health and Wellbeing,Directorship,Directorship declared in the register,False,2024-04-04,2024-12-21
D-002214,M-00720,Huntingdon Town Council,Huntingdonshire District Council,Yaxley,Chair,Standards,Sponsorship,Sponsorship declared in the register,False,2025-09-28,2025-12-01
D-002215,M-00721,South Cambridgeshire District Council,South Cambridgeshire District Council,St Neots Eynesbury,Cabinet Member,Licensing,Directorship,Directorship declared in the register,False,2023-05-06,2024-02-29
D-002216,M-00721,South Cambridgeshire District Council,South Cambridgeshire District Council,St Neots Eynesbury,Cabinet Member,Employment,Membership of a body exercising public functions,Membership of a body exercising public functions declared in the register,False,2023-08-25,2023-09-10
D-002217,M-00721,South Cambridgeshire District Council,South Cambridgeshire District Council,St Neots Eynesbury,Cabinet Member,Overview and Scrutiny,Sponsorship,Sponsorship declared in the register,False,2025-04-04,2025-09-05
D-002218,M-00722,Huntingdon Town Council,Huntingdonshire District Council,Ramsey,Councillor,Finance,Directorship,Directorship declared in the register,False,2024-06-13,2025-02-03
D-002219,M-00722,Huntingdon Town Council,Huntingdonshire District Council,Ramsey,Councillor,Standards,Sponsorship,Sponsorship declared in the register,False,2025-05-09,2026-03-09
D-002220,M-00722,Huntingdon Town Council,Huntingdonshire District Council,Ramsey,Councillor,Planning,Membership of a body exercising public functions,Membership of a body exercising public functions declared in the register,False,2025-10-06,2026-03-29
D-002221,M-00722,Huntingdon Town Council,Huntingdonshire District Council,Ramsey,Councillor,Health and Wellbeing,Securities,Securities declared in the register,False,2025-05-18,2025-12-06
D-002222,M-00722,Huntingdon Town Council,Huntingdonshire District Council,Ramsey,Councillor,Licensing,Sponsorship,Sponsorship declared in the register,False,2023-06-02,2024-03-12
D-002223,M-00723,Huntingdon Town Council,Huntingdonshire District Council,Hemingfords,Councillor,Corporate Governance,Membership of a charity or voluntary body,Membership of a charity or voluntary body declared in the register,False,2025-04-26,2025-06-25
D-002224,M-00723,Huntingdon Town Council,Huntingdonshire District Council,Hemingfords,Councillor,Planning,Securities,Securities declared in the register,False,2025-01-17,2025-05-03
D-002225,M-00723,Huntingdon Town Council,Huntingdonshire District Council,Hemingfords,Councillor,Corporate Governance,Land and property in the area,Land and property in the area declared in the register,False,2023-08-10,2024-01-04
D-002226,M-00724,South Cambridgeshire District Council,South Cambridgeshire District Council,St Neots Eynesbury,Councillor,Licensing,Corporate tenancies,Corporate tenancies declared in the register,False,2024-09-29,2025-07-11
D-002227,M-00724,South Cambridgeshire District Council,South Cambridgeshire District Council,St Neots Eynesbury,Councillor,Environment,Corporate tenancies,Corporate tenancies declared in the register,False,2025-04-12,2026-05-01
D-002228,M-00724,South Cambridgeshire District Council,South Cambridgeshire District Council,St Neots Eynesbury,Councillor,Audit and Governance,Membership of a body exercising public functions,Membership of a body exercising public functions declared in the register,False,2024-05-13,2024-08-07
D-002229,M-00724,South Cambridgeshire District Council,South Cambridgeshire District Council,St Neots Eynesbury,Councillor,Environment,Corporate tenancies,Corporate tenancies declared in the register,False,2023-08-27,2024-04-06
D-002230,M-00724,South Cambridgeshire District Council,South Cambridgeshire District Council,St Neots Eynesbury,Councillor,Overview and Scrutiny,Membership of a body exercising public functions,Membership of a body exercising public functions declared in the register,False,2023-09-16,2023-10-11
D-002231,M-00725,St Ives Town Council,Huntingdonshire District Council,St Ives East,Councillor,Licensing,Securities,Securities declared in the register,False,2025-03-21,2025-05-31
D-002232,M-00725,St Ives Town Council,Huntingdonshire District Council,St Ives East,Councillor,Standards,"Employment, office, trade or profession",Employment declared in the register,False,2023-07-16,2023-12-31
D-002233,M-00726,St Ives Town Council,Huntingdonshire District Council,Brampton,Vice-Chair,(none),Licences to occupy land,Licences to occupy land declared in the register,False,2024-04-11,2024-06-20
D-002234,M-00726,St Ives Town Council,Huntingdonshire District Council,Brampton,Vice-Chair,Standards,Membership of a political party,Membership of a political party declared in the register,False,2025-07-28,2026-07-14
D-002235,M-00727,Cambridgeshire County Council,Cambridgeshire County Council,Brampton,Chair,Overview and Scrutiny,Membership of a political party,Membership of a political party declared in the register,False,2023-12-03,2024-03-06
D-002236,M-00727,Cambridgeshire County Council,Cambridgeshire County Council,Brampton,Chair,Health and Wellbeing,Licences to occupy land,Licences to occupy land declared in the register,False,2024-10-24,2025-08-28
D-002237,M-00727,Cambridgeshire County Council,Cambridgeshire County Council,Brampton,Chair,Standards,Securities,Securities declared in the register,False,2024-06-16,2024-10-17
D-002238,M-00728,Cambridgeshire County Council,Cambridgeshire County Council,St Ives South,Committee Member,Environment,Land and property in the area,Land and property in the area declared in the register,False,2023-05-04,2023-09-17
D-002239,M-00728,Cambridgeshire County Council,Cambridgeshire County Council,St Ives South,Committee Member,Environment,Licences to occupy land,Licences to occupy land declared in the register,False,2024-12-25,2025-04-07
D-002240,M-00728,Cambridgeshire County Council,Cambridgeshire County Council,St Ives South,Committee Member,Audit and Governance,Membership of a political party,Membership of a political party declared in the register,False,2023-05-30,2023-12-28
D-002241,M-00729,St Ives Town Council,Huntingdonshire District Council,Yaxley,Cabinet Member,Audit and Governance,Corporate tenancies,Corporate tenancies declared in the register,False,2024-02-04,2024-04-25
D-002242,M-00729,St Ives Town Council,Huntingdonshire District Council,Yaxley,Cabinet Member,Health and Wellbeing,Licences to occupy land,Licences to occupy land declared in the register,False,2023-10-12,2023-10-12
D-002243,M-00729,St Ives Town Council,Huntingdonshire District Council,Yaxley,Cabinet Member,(none),Contracts with the authority,Contracts with the authority declared in the register,False,2025-05-22,2025-12-23
D-002244,M-00729,St Ives Town Council,Huntingdonshire District Council,Yaxley,Cabinet Member,Finance,Membership of a body exercising public functions,Membership of a body exercising public functions declared in the register,False,2023-05-21,2023-07-17
D-002245,M-00729,St Ives Town Council,Huntingdonshire District Council,Yaxley,Cabinet Member,Planning,"Employment, office, trade or profession",Employment declared in the register,False,2023-07-21,2023-09-16
D-002246,M-00730,Cambridgeshire County Council,Cambridgeshire County Council,Warboys,Committee Member,Finance,Licences to occupy land,Licences to occupy land declared in the register,False,2025-07-31,2026-06-21
D-002247,M-00730,Cambridgeshire County Council,Cambridgeshire County Council,Warboys,Committee Member,Licensing,Membership of a body exercising public functions,Membership of a body exercising public functions declared in the register,False,2023-10-17,2024-09-25
D-002248,M-00730,Cambridgeshire County Council,Cambridgeshire County Council,Warboys,Committee Member,Standards,Corporate tenancies,Corporate tenancies declared in the register,False,2025-02-10,2025-05-23
D-002249,M-00730,Cambridgeshire County Council,Cambridgeshire County Council,Warboys,Committee Member,Audit and Governance,Directorship,Directorship declared in the register,False,2023-08-05,2024-08-02
D-002250,M-00730,Cambridgeshire County Council,Cambridgeshire County Council,Warboys,Committee Member,Health and Wellbeing,Membership of a political party,Membership of a political party declared in the register,False,2023-05-13,2024-05-31
D-002251,M-00731,Ramsey Town Council,Huntingdonshire District Council,Huntingdon North,Councillor,Overview and Scrutiny,Membership of a political party,Membership of a political party declared in the register,False,2024-03-03,2024-10-10
D-002252,M-00731,Ramsey Town Council,Huntingdonshire District Council,Huntingdon North,Councillor,Planning,Directorship,Directorship declared in the register,False,2025-01-19,2025-05-16
D-002253,M-00731,Ramsey Town Council,Huntingdonshire District Council,Huntingdon North,Councillor,(none),Membership of a body exercising public functions,Membership of a body exercising public functions declared in the register,False,2025-10-09,2025-11-07
D-002254,M-00732,Huntingdon Town Council,Huntingdonshire District Council,St Ives West,Chair,Corporate Governance,Membership of a charity or voluntary body,Membership of a charity or voluntary body declared in the register,False,2024-11-19,2025-01-20
D-002255,M-00733,St Ives Town Council,Huntingdonshire District Council,Alconbury,Councillor,Standards,Securities,Securities declared in the register,False,2023-10-15,2023-10-31
D-002256,M-00733,St Ives Town Council,Huntingdonshire District Council,Alconbury,Councillor,Standards,Contracts with the authority,Contracts with the authority declared in the register,False,2023-12-21,2024-01-22
D-002257,M-00733,St Ives Town Council,Huntingdonshire District Council,Alconbury,Councillor,Corporate Governance,Trade union membership,Trade union membership declared in the register,False,2024-09-05,2025-08-25
D-002258,M-00734,South Cambridgeshire District Council,South Cambridgeshire District Council,Yaxley,Councillor,Corporate Governance,Membership of a charity or voluntary body,Membership of a charity or voluntary body declared in the register,False,2024-12-17,2025-09-04
D-002259,M-00735,Huntingdon Town Council,Huntingdonshire District Council,Buckden,Councillor,Corporate Governance,Securities,Securities declared in the register,False,2023-12-22,2024-05-29
D-002260,M-00736,St Ives Town Council,Huntingdonshire District Council,Brampton,Mayor,Health and Wellbeing,Sensitive interest (withheld under s.32),,True,2024-09-09,2025-01-04
D-002261,M-00736,St Ives Town Council,Huntingdonshire District Council,Brampton,Mayor,Employment,Trade union membership,Trade union membership declared in the register,False,2023-08-27,2024-08-26
D-002262,M-00736,St Ives Town Council,Huntingdonshire District Council,Brampton,Mayor,Overview and Scrutiny,Contracts with the authority,Contracts with the authority declared in the register,False,2023-05-20,2024-05-02
D-002263,M-00736,St Ives Town Council,Huntingdonshire District Council,Brampton,Mayor,Employment,Securities,Securities declared in the register,False,2025-08-21,2025-11-27
D-002264,M-00737,Ramsey Town Council,Huntingdonshire District Council,Fenstanton,Councillor,Corporate Governance,Contracts with the authority,Contracts with the authority declared in the register,False,2024-04-30,2024-09-10
D-002265,M-00737,Ramsey Town Council,Huntingdonshire District Council,Fenstanton,Councillor,Audit and Governance,Membership of a political party,Membership of a political party declared in the register,False,2025-08-12,2026-05-22
D-002266,M-00738,Huntingdonshire District Council,Huntingdonshire District Council,Fenstanton,Councillor,Finance,"Employment, office, trade or profession",Employment declared in the register,False,2024-04-24,2025-03-09
D-002267,M-00739,Huntingdonshire District Council,Huntingdonshire District Council,St Ives East,Councillor,Licensing,Directorship,Directorship declared in the register,False,2025-02-03,2026-01-27
D-002268,M-00739,Huntingdonshire District Council,Huntingdonshire District Council,St Ives East,Councillor,Overview and Scrutiny,Licences to occupy land,Licences to occupy land declared in the register,False,2023-07-09,2023-08-21
D-002269,M-00739,Huntingdonshire District Council,Huntingdonshire District Council,St Ives East,Councillor,Health and Wellbeing,Land and property in the area,Land and property in the area declared in the register,False,2024-07-16,2024-09-05
D-002270,M-00739,Huntingdonshire District Council,Huntingdonshire District Council,St Ives East,Councillor,Licensing,Land and property in the area,Land and property in the area declared in the register,False,2025-10-14,2026-06-09
D-002271,M-00740,Huntingdonshire District Council,Huntingdonshire District Council,Somersham,Councillor,Corporate Governance,Contracts with the authority,Contracts with the authority declared in the register,False,2023-12-10,2024-08-25
D-002272,M-00740,Huntingdonshire District Council,Huntingdonshire District Council,Somersham,Councillor,Finance,Trade union membership,Trade union membership declared in the register,False,2023-06-06,2023-10-05
D-002273,M-00740,Huntingdonshire District Council,Huntingdonshire District Council,Somersham,Councillor,Environment,Sponsorship,Sponsorship declared in the register,False,2023-06-18,2024-02-20
D-002274,M-00740,Huntingdonshire District Council,Huntingdonshire District Council,Somersham,Councillor,Finance,Trade union membership,Trade union membership declared in the register,False,2024-01-13,2024-10-10
D-002275,M-00741,South Cambridgeshire District Council,South Cambridgeshire District Council,St Neots East,Councillor,Corporate Governance,"Employment, office, trade or profession",Employment declared in the register,False,2024-11-09,2025-03-27
D-002276,M-00741,South Cambridgeshire District Council,South Cambridgeshire District Council,St Neots East,Councillor,Planning,Sensitive interest (withheld under s.32),,True,2023-06-29,2024-07-24
D-002277,M-00742,Ramsey Town Council,Huntingdonshire District Council,St Neots East,Councillor,Corporate Governance,Membership of a political party,Membership of a political party declared in the register,False,2023-12-16,2024-02-24
D-002278,M-00742,Ramsey Town Council,Huntingdonshire District Council,St Neots East,Councillor,Overview and Scrutiny,Sensitive interest (withheld under s.32),,True,2024-11-17,2025-06-28
D-002279,M-00742,Ramsey Town Council,Huntingdonshire District Council,St Neots East,Councillor,(none),Licences to occupy land,Licences to occupy land declared in the register,False,2023-11-06,2024-07-14
D-002280,M-00742,Ramsey Town Council,Huntingdonshire District Council,St Neots East,Councillor,Corporate Governance,"Employment, office, trade or profession",Employment declared in the register,False,2024-11-10,2025-04-17
D-002281,M-00742,Ramsey Town Council,Huntingdonshire District Council,St Neots East,Councillor,Licensing,Membership of a political party,Membership of a political party declared in the register,False,2024-11-15,2025-12-14
D-002282,M-00743,St Ives Town Council,Huntingdonshire District Council,Little Paxton,Mayor,Corporate Governance,Membership of a political party,Membership of a political party declared in the register,False,2024-04-07,2024-10-14
D-002283,M-00743,St Ives Town Council,Huntingdonshire District Council,Little Paxton,Mayor,Finance,Directorship,Directorship declared in the register,False,2023-11-11,2023-11-23
D-002284,M-00743,St Ives Town Council,Huntingdonshire District Council,Little Paxton,Mayor,Planning,Licences to occupy land,Licences to occupy land declared in the register,False,2024-07-01,2025-05-24
D-002285,M-00743,St Ives Town Council,Huntingdonshire District Council,Little Paxton,Mayor,Overview and Scrutiny,Membership of a political party,Membership of a political party declared in the register,False,2024-09-15,2025-09-07
D-002286,M-00744,Huntingdonshire District Council,Huntingdonshire District Council,St Ives South,Cabinet Member,Audit and Governance,Contracts with the authority,Contracts with the authority declared in the register,False,2023-08-31,2024-03-28
D-002287,M-00744,Huntingdonshire District Council,Huntingdonshire District Council,St Ives South,Cabinet Member,Audit and Governance,Directorship,Directorship declared in the register,False,2025-08-01,2025-11-14
D-002288,M-00745,St Ives Town Council,Huntingdonshire District Council,Godmanchester,Chair,Finance,Membership of a charity or voluntary body,Membership of a charity or voluntary body declared in the register,False,2025-03-14,2025-12-19
D-002289,M-00745,St Ives Town Council,Huntingdonshire District Council,Godmanchester,Chair,Licensing,Trade union membership,Trade union membership declared in the register,False,2023-08-26,2024-08-27
D-002290,M-00745,St Ives Town Council,Huntingdonshire District Council,Godmanchester,Chair,Planning,Membership of a body exercising public functions,Membership of a body exercising public functions declared in the register,False,2023-12-16,2024-04-09
D-002291,M-00745,St Ives Town Council,Huntingdonshire District Council,Godmanchester,Chair,Corporate Governance,Membership of a body exercising public functions,Membership of a body exercising public functions declared in the register,False,2023-07-16,2023-08-13
D-002292,M-00746,Huntingdonshire District Council,Huntingdonshire District Council,Alconbury,Committee Member,Licensing,Membership of a body exercising public functions,Membership of a body exercising public functions declared in the register,False,2023-12-23,2024-08-03
D-002293,M-00746,Huntingdonshire District Council,Huntingdonshire District Council,Alconbury,Committee Member,Planning,Sensitive interest (withheld under s.32),,True,2024-03-09,2024-07-04
D-002294,M-00746,Huntingdonshire District Council,Huntingdonshire District Council,Alconbury,Committee Member,Finance,Contracts with the authority,Contracts with the authority declared in the register,False,2024-09-07,2024-12-03
D-002295,M-00746,Huntingdonshire District Council,Huntingdonshire District Council,Alconbury,Committee Member,Standards,Contracts with the authority,Contracts with the authority declared in the register,False,2025-03-26,2025-09-16
D-002296,M-00746,Huntingdonshire District Council,Huntingdonshire District Council,Alconbury,Committee Member,Health and Wellbeing,Sponsorship,Sponsorship declared in the register,False,2025-06-05,2025-08-07
D-002297,M-00747,Huntingdon Town Council,Huntingdonshire District Council,Brampton,Councillor,Corporate Governance,Securities,Securities declared in the register,False,2023-11-11,2024-05-09
D-002298,M-00747,Huntingdon Town Council,Huntingdonshire District Council,Brampton,Councillor,Audit and Governance,Sensitive interest (withheld under s.32),,True,2025-07-30,2026-02-21
D-002299,M-00747,Huntingdon Town Council,Huntingdonshire District Council,Brampton,Councillor,Finance,Membership of a political party,Membership of a political party declared in the register,False,2025-01-25,2025-03-13
D-002300,M-00747,Huntingdon Town Council,Huntingdonshire District Council,Brampton,Councillor,Licensing,Trade union membership,Trade union membership declared in the register,False,2024-04-09,2025-01-17
D-002301,M-00748,South Cambridgeshire District Council,South Cambridgeshire District Council,Hemingfords,Councillor,Employment,Sponsorship,Sponsorship declared in the register,False,2024-10-08,2025-06-25
D-002302,M-00748,South Cambridgeshire District Council,South Cambridgeshire District Council,Hemingfords,Councillor,Planning,Securities,Securities declared in the register,False,2025-10-08,2026-07-18
D-002303,M-00748,South Cambridgeshire District Council,South Cambridgeshire District Council,Hemingfords,Councillor,Corporate Governance,Membership of a charity or voluntary body,Membership of a charity or voluntary body declared in the register,False,2023-07-27,2023-08-16
D-002304,M-00748,South Cambridgeshire District Council,South Cambridgeshire District Council,Hemingfords,Councillor,Standards,Membership of a political party,Membership of a political party declared in the register,False,2025-09-03,2026-06-18
D-002305,M-00749,Huntingdonshire District Council,Huntingdonshire District Council,St Ives West,Councillor,Planning,Membership of a body exercising public functions,Membership of a body exercising public functions declared in the register,False,2025-01-30,2025-03-27
D-002306,M-00750,South Cambridgeshire District Council,South Cambridgeshire District Council,Hemingfords,Councillor,Environment,Membership of a political party,Membership of a political party declared in the register,False,2024-08-25,2024-12-16
D-002307,M-00751,Huntingdon Town Council,Huntingdonshire District Council,Buckden,Cabinet Member,Licensing,Membership of a body exercising public functions,Membership of a body exercising public functions declared in the register,False,2023-06-16,2023-12-26
D-002308,M-00752,South Cambridgeshire District Council,South Cambridgeshire District Council,Huntingdon North,Councillor,Finance,Contracts with the authority,Contracts with the authority declared in the register,False,2024-12-24,2025-04-12
D-002309,M-00752,South Cambridgeshire District Council,South Cambridgeshire District Council,Huntingdon North,Councillor,Audit and Governance,Trade union membership,Trade union membership declared in the register,False,2023-12-14,2024-10-16
D-002310,M-00752,South Cambridgeshire District Council,South Cambridgeshire District Council,Huntingdon North,Councillor,Overview and Scrutiny,Membership of a charity or voluntary body,Membership of a charity or voluntary body declared in the register,False,2024-07-22,2024-12-13
D-002311,M-00753,Cambridgeshire County Council,Cambridgeshire County Council,Yaxley,Committee Member,Audit and Governance,Licences to occupy land,Licences to occupy land declared in the register,False,2025-09-17,2026-08-11
D-002312,M-00753,Cambridgeshire County Council,Cambridgeshire County Council,Yaxley,Committee Member,Health and Wellbeing,Trade union membership,Trade union membership declared in the register,False,2024-01-26,2024-04-22
D-002313,M-00753,Cambridgeshire County Council,Cambridgeshire County Council,Yaxley,Committee Member,Finance,Licences to occupy land,Licences to occupy land declared in the register,False,2023-12-14,2024-11-09
D-002314,M-00753,Cambridgeshire County Council,Cambridgeshire County Council,Yaxley,Committee Member,Environment,Land and property in the area,Land and property in the area declared in the register,False,2025-06-11,2025-12-23
D-002315,M-00754,Ramsey Town Council,Huntingdonshire District Council,St Ives West,Cabinet Member,Finance,Sponsorship,Sponsorship declared in the register,False,2024-09-05,2025-01-02
D-002316,M-00754,Ramsey Town Council,Huntingdonshire District Council,St Ives West,Cabinet Member,Health and Wellbeing,Corporate tenancies,Corporate tenancies declared in the register,False,2023-06-16,2023-10-28
D-002317,M-00754,Ramsey Town Council,Huntingdonshire District Council,St Ives West,Cabinet Member,Finance,Directorship,Directorship declared in the register,False,2024-06-27,2024-08-01
D-002318,M-00754,Ramsey Town Council,Huntingdonshire District Council,St Ives West,Cabinet Member,(none),Sensitive interest (withheld under s.32),,True,2025-03-07,2025-04-23
D-002319,M-00755,Ramsey Town Council,Huntingdonshire District Council,St Ives East,Councillor,Health and Wellbeing,Membership of a political party,Membership of a political party declared in the register,False,2023-05-01,2023-09-18
D-002320,M-00755,Ramsey Town Council,Huntingdonshire District Council,St Ives East,Councillor,Employment,"Employment, office, trade or profession",Employment declared in the register,False,2024-12-22,2025-05-26
D-002321,M-00756,Huntingdon Town Council,Huntingdonshire District Council,St Ives West,Vice-Chair,Standards,Directorship,Directorship declared in the register,False,2024-12-24,2025-02-24
D-002322,M-00756,Huntingdon Town Council,Huntingdonshire District Council,St Ives West,Vice-Chair,(none),Membership of a body exercising public functions,Membership of a body exercising public functions declared in the register,False,2024-06-01,2024-09-05
D-002323,M-00756,Huntingdon Town Council,Huntingdonshire District Council,St Ives West,Vice-Chair,(none),Sponsorship,Sponsorship declared in the register,False,2023-05-07,2023-06-27
D-002324,M-00757,South Cambridgeshire District Council,South Cambridgeshire District Council,Huntingdon West,Councillor,Standards,Directorship,Directorship declared in the register,False,2023-05-06,2023-12-07
D-002325,M-00757,South Cambridgeshire District Council,South Cambridgeshire District Council,Huntingdon West,Councillor,Corporate Governance,Membership of a political party,Membership of a political party declared in the register,False,2025-04-25,2026-01-24
D-002326,M-00757,South Cambridgeshire District Council,South Cambridgeshire District Council,Huntingdon West,Councillor,Audit and Governance,Membership of a charity or voluntary body,Membership of a charity or voluntary body declared in the register,False,2024-07-18,2025-07-20
D-002327,M-00757,South Cambridgeshire District Council,South Cambridgeshire District Council,Huntingdon West,Councillor,Audit and Governance,Membership of a political party,Membership of a political party declared in the register,False,2025-06-26,2026-04-08
D-002328,M-00757,South Cambridgeshire District Council,South Cambridgeshire District Council,Huntingdon West,Councillor,Corporate Governance,Membership of a body exercising public functions,Membership of a body exercising public functions declared in the register,False,2023-07-31,2024-07-06
D-002329,M-00758,Huntingdonshire District Council,Huntingdonshire District Council,Sawtry,Councillor,Planning,Licences to occupy land,Licences to occupy land declared in the register,False,2023-05-11,2024-05-19
D-002330,M-00758,Huntingdonshire District Council,Huntingdonshire District Council,Sawtry,Councillor,Health and Wellbeing,Licences to occupy land,Licences to occupy land declared in the register,False,2024-02-01,2025-02-08
D-002331,M-00759,St Ives Town Council,Huntingdonshire District Council,Ramsey,Councillor,Employment,Directorship,Directorship declared in the register,False,2024-04-15,2025-01-24
D-002332,M-00759,St Ives Town Council,Huntingdonshire District Council,Ramsey,Councillor,Audit and Governance,Securities,Securities declared in the register,False,2024-08-12,2025-04-01
D-002333,M-00759,St Ives Town Council,Huntingdonshire District Council,Ramsey,Councillor,Corporate Governance,Trade union membership,Trade union membership declared in the register,False,2025-02-18,2025-04-05
D-002334,M-00759,St Ives Town Council,Huntingdonshire District Council,Ramsey,Councillor,Licensing,Securities,Securities declared in the register,False,2023-11-25,2024-03-07
D-002335,M-00759,St Ives Town Council,Huntingdonshire District Council,Ramsey,Councillor,Health and Wellbeing,Directorship,Directorship declared in the register,False,2025-04-05,2025-08-04
D-002336,M-00760,South Cambridgeshire District Council,South Cambridgeshire District Council,Sawtry,Councillor,Standards,Licences to occupy land,Licences to occupy land declared in the register,False,2025-05-23,2025-10-22
D-002337,M-00760,South Cambridgeshire District Council,South Cambridgeshire District Council,Sawtry,Councillor,Licensing,"Employment, office, trade or profession",Employment declared in the register,False,2023-05-22,2024-05-28
D-002338,M-00760,South Cambridgeshire District Council,South Cambridgeshire District Council,Sawtry,Councillor,Audit and Governance,Membership of a body exercising public functions,Membership of a body exercising public functions declared in the register,False,2024-08-24,2024-09-06
D-002339,M-00760,South Cambridgeshire District Council,South Cambridgeshire District Council,Sawtry,Councillor,Planning,Membership of a body exercising public functions,Membership of a body exercising public functions declared in the register,False,2023-08-21,2024-05-30
D-002340,M-00761,St Ives Town Council,Huntingdonshire District Council,Warboys,Vice-Chair,Environment,Membership of a charity or voluntary body,Membership of a charity or voluntary body declared in the register,False,2025-07-16,2025-11-27
D-002341,M-00761,St Ives Town Council,Huntingdonshire District Council,Warboys,Vice-Chair,Corporate Governance,Trade union membership,Trade union membership declared in the register,False,2025-04-12,2025-09-29
D-002342,M-00761,St Ives Town Council,Huntingdonshire District Council,Warboys,Vice-Chair,Audit and Governance,Membership of a body exercising public functions,Membership of a body exercising public functions declared in the register,False,2024-03-21,2024-04-22
D-002343,M-00761,St Ives Town Council,Huntingdonshire District Council,Warboys,Vice-Chair,Corporate Governance,Directorship,Directorship declared in the register,False,2025-09-19,2026-07-26
D-002344,M-00761,St Ives Town Council,Huntingdonshire District Council,Warboys,Vice-Chair,Corporate Governance,Land and property in the area,Land and property in the area declared in the register,False,2025-05-23,2025-06-19
D-002345,M-00762,South Cambridgeshire District Council,South Cambridgeshire District Council,Hemingfords,Councillor,Planning,Land and property in the area,Land and property in the area declared in the register,False,2023-05-06,2023-11-28
D-002346,M-00763,Ramsey Town Council,Huntingdonshire District Council,Somersham,Cabinet Member,Overview and Scrutiny,Membership of a political party,Membership of a political party declared in the register,False,2023-08-26,2023-10-03
D-002347,M-00763,Ramsey Town Council,Huntingdonshire District Council,Somersham,Cabinet Member,Employment,Corporate tenancies,Corporate tenancies declared in the register,False,2025-07-14,2025-11-05
D-002348,M-00763,Ramsey Town Council,Huntingdonshire District Council,Somersham,Cabinet Member,Overview and Scrutiny,Corporate tenancies,Corporate tenancies declared in the register,False,2023-07-16,2023-11-05
D-002349,M-00763,Ramsey Town Council,Huntingdonshire District Council,Somersham,Cabinet Member,Health and Wellbeing,"Employment, office, trade or profession",Employment declared in the register,False,2024-04-30,2025-05-24
D-002350,M-00763,Ramsey Town Council,Huntingdonshire District Council,Somersham,Cabinet Member,Planning,Trade union membership,Trade union membership declared in the register,False,2024-08-01,2024-08-10
D-002351,M-00764,St Ives Town Council,Huntingdonshire District Council,Hemingfords,Committee Member,Licensing,Sponsorship,Sponsorship declared in the register,False,2023-11-28,2024-06-02
D-002352,M-00764,St Ives Town Council,Huntingdonshire District Council,Hemingfords,Committee Member,Health and Wellbeing,"Employment, office, trade or profession",Employment declared in the register,False,2025-05-10,2025-06-04
D-002353,M-00764,St Ives Town Council,Huntingdonshire District Council,Hemingfords,Committee Member,(none),Land and property in the area,Land and property in the area declared in the register,False,2024-08-11,2025-05-25
D-002354,M-00764,St Ives Town Council,Huntingdonshire District Council,Hemingfords,Committee Member,Finance,Sponsorship,Sponsorship declared in the register,False,2025-09-27,2026-02-09
D-002355,M-00765,St Ives Town Council,Huntingdonshire District Council,Huntingdon West,Vice-Chair,Employment,Membership of a charity or voluntary body,Membership of a charity or voluntary body declared in the register,False,2024-02-06,2024-08-30
D-002356,M-00766,Huntingdon Town Council,Huntingdonshire District Council,Sawtry,Cabinet Member,Audit and Governance,Directorship,Directorship declared in the register,False,2024-01-25,2025-02-14
D-002357,M-00766,Huntingdon Town Council,Huntingdonshire District Council,Sawtry,Cabinet Member,Standards,Land and property in the area,Land and property in the area declared in the register,False,2024-03-24,2025-04-08
D-002358,M-00766,Huntingdon Town Council,Huntingdonshire District Council,Sawtry,Cabinet Member,Environment,Contracts with the authority,Contracts with the authority declared in the register,False,2023-11-07,2024-04-29
D-002359,M-00766,Huntingdon Town Council,Huntingdonshire District Council,Sawtry,Cabinet Member,Licensing,Contracts with the authority,Contracts with the authority declared in the register,False,2024-05-25,2025-03-23
D-002360,M-00766,Huntingdon Town Council,Huntingdonshire District Council,Sawtry,Cabinet Member,Finance,Trade union membership,Trade union membership declared in the register,False,2025-04-19,2025-09-16
D-002361,M-00767,Cambridgeshire County Council,Cambridgeshire County Council,Sawtry,Chair,Employment,Sponsorship,Sponsorship declared in the register,False,2025-05-17,2025-09-07
D-002362,M-00767,Cambridgeshire County Council,Cambridgeshire County Council,Sawtry,Chair,Health and Wellbeing,Licences to occupy land,Licences to occupy land declared in the register,False,2023-08-15,2023-08-25
D-002363,M-00767,Cambridgeshire County Council,Cambridgeshire County Council,Sawtry,Chair,(none),Licences to occupy land,Licences to occupy land declared in the register,False,2024-06-25,2025-03-17
D-002364,M-00768,Cambridgeshire County Council,Cambridgeshire County Council,Yaxley,Councillor,Corporate Governance,Membership of a body exercising public functions,Membership of a body exercising public functions declared in the register,False,2023-05-06,2023-12-14
D-002365,M-00768,Cambridgeshire County Council,Cambridgeshire County Council,Yaxley,Councillor,Overview and Scrutiny,Securities,Securities declared in the register,False,2025-08-05,2025-12-17
D-002366,M-00769,St Ives Town Council,Huntingdonshire District Council,Fenstanton,Councillor,Employment,Sponsorship,Sponsorship declared in the register,False,2025-06-19,2025-12-13
D-002367,M-00769,St Ives Town Council,Huntingdonshire District Council,Fenstanton,Councillor,Planning,Contracts with the authority,Contracts with the authority declared in the register,False,2024-01-02,2024-02-02
D-002368,M-00769,St Ives Town Council,Huntingdonshire District Council,Fenstanton,Councillor,Corporate Governance,Membership of a charity or voluntary body,Membership of a charity or voluntary body declared in the register,False,2024-12-24,2025-01-17
D-002369,M-00769,St Ives Town Council,Huntingdonshire District Council,Fenstanton,Councillor,Finance,Securities,Securities declared in the register,False,2023-11-10,2023-11-26
D-002370,M-00770,Huntingdonshire District Council,Huntingdonshire District Council,Brampton,Vice-Chair,Planning,Land and property in the area,Land and property in the area declared in the register,False,2025-06-01,2025-07-10
D-002371,M-00770,Huntingdonshire District Council,Huntingdonshire District Council,Brampton,Vice-Chair,Corporate Governance,Membership of a political party,Membership of a political party declared in the register,False,2025-09-12,2026-01-25
D-002372,M-00770,Huntingdonshire District Council,Huntingdonshire District Council,Brampton,Vice-Chair,Audit and Governance,"Employment, office, trade or profession",Employment declared in the register,False,2025-06-26,2025-11-21
D-002373,M-00770,Huntingdonshire District Council,Huntingdonshire District Council,Brampton,Vice-Chair,Corporate Governance,Trade union membership,Trade union membership declared in the register,False,2025-04-18,2026-04-05
D-002374,M-00770,Huntingdonshire District Council,Huntingdonshire District Council,Brampton,Vice-Chair,Planning,Sensitive interest (withheld under s.32),,True,2025-09-03,2026-02-16
D-002375,M-00771,Huntingdonshire District Council,Huntingdonshire District Council,Yaxley,Committee Member,Finance,Membership of a political party,Membership of a political party declared in the register,False,2024-11-13,2024-12-06
D-002376,M-00772,Ramsey Town Council,Huntingdonshire District Council,Little Paxton,Councillor,Planning,Membership of a body exercising public functions,Membership of a body exercising public functions declared in the register,False,2025-08-06,2026-06-07
D-002377,M-00772,Ramsey Town Council,Huntingdonshire District Council,Little Paxton,Councillor,Environment,Membership of a charity or voluntary body,Membership of a charity or voluntary body declared in the register,False,2025-03-18,2025-09-23
D-002378,M-00772,Ramsey Town Council,Huntingdonshire District Council,Little Paxton,Councillor,Standards,Licences to occupy land,Licences to occupy land declared in the register,False,2025-06-05,2025-10-29
D-002379,M-00773,Huntingdonshire District Council,Huntingdonshire District Council,St Neots East,Committee Member,Planning,Membership of a body exercising public functions,Membership of a body exercising public functions declared in the register,False,2024-04-16,2024-05-18
D-002380,M-00773,Huntingdonshire District Council,Huntingdonshire District Council,St Neots East,Committee Member,Planning,Membership of a political party,Membership of a political party declared in the register,False,2024-06-23,2025-07-05
D-002381,M-00773,Huntingdonshire District Council,Huntingdonshire District Council,St Neots East,Committee Member,Health and Wellbeing,Directorship,Directorship declared in the register,False,2025-03-02,2025-04-30
D-002382,M-00773,Huntingdonshire District Council,Huntingdonshire District Council,St Neots East,Committee Member,Licensing,Membership of a body exercising public functions,Membership of a body exercising public functions declared in the register,False,2023-06-14,2024-06-13
D-002383,M-00773,Huntingdonshire District Council,Huntingdonshire District Council,St Neots East,Committee Member,Audit and Governance,"Employment, office, trade or profession",Employment declared in the register,False,2025-10-09,2025-11-27
D-002384,M-00774,Huntingdonshire District Council,Huntingdonshire District Council,St Neots East,Mayor,Employment,Sponsorship,Sponsorship declared in the register,False,2024-08-06,2025-01-18
D-002385,M-00774,Huntingdonshire District Council,Huntingdonshire District Council,St Neots East,Mayor,Health and Wellbeing,Contracts with the authority,Contracts with the authority declared in the register,False,2025-01-25,2025-08-24
D-002386,M-00775,Cambridgeshire County Council,Cambridgeshire County Council,Sawtry,Councillor,Health and Wellbeing,Membership of a body exercising public functions,Membership of a body exercising public functions declared in the register,False,2025-07-28,2026-07-28
D-002387,M-00775,Cambridgeshire County Council,Cambridgeshire County Council,Sawtry,Councillor,Licensing,Trade union membership,Trade union membership declared in the register,False,2023-10-11,2024-05-04
D-002388,M-00776,Cambridgeshire County Council,Cambridgeshire County Council,Huntingdon East,Councillor,Planning,"Employment, office, trade or profession",Employment declared in the register,False,2023-12-21,2024-12-03
D-002389,M-00777,South Cambridgeshire District Council,South Cambridgeshire District Council,Ramsey,Councillor,Planning,Directorship,Directorship declared in the register,False,2023-09-16,2024-01-01
D-002390,M-00777,South Cambridgeshire District Council,South Cambridgeshire District Council,Ramsey,Councillor,Environment,Corporate tenancies,Corporate tenancies declared in the register,False,2023-12-26,2024-10-04
D-002391,M-00777,South Cambridgeshire District Council,South Cambridgeshire District Council,Ramsey,Councillor,Overview and Scrutiny,Trade union membership,Trade union membership declared in the register,False,2024-09-01,2025-01-01
D-002392,M-00777,South Cambridgeshire District Council,South Cambridgeshire District Council,Ramsey,Councillor,Licensing,Contracts with the authority,Contracts with the authority declared in the register,False,2025-02-22,2025-06-29
D-002393,M-00777,South Cambridgeshire District Council,South Cambridgeshire District Council,Ramsey,Councillor,(none),Membership of a body exercising public functions,Membership of a body exercising public functions declared in the register,False,2025-03-31,2025-06-01
D-002394,M-00778,Cambridgeshire County Council,Cambridgeshire County Council,Buckden,Cabinet Member,Employment,Securities,Securities declared in the register,False,2024-05-04,2024-06-05
D-002395,M-00778,Cambridgeshire County Council,Cambridgeshire County Council,Buckden,Cabinet Member,Health and Wellbeing,Contracts with the authority,Contracts with the authority declared in the register,False,2025-05-02,2025-08-11
D-002396,M-00778,Cambridgeshire County Council,Cambridgeshire County Council,Buckden,Cabinet Member,Overview and Scrutiny,Membership of a charity or voluntary body,Membership of a charity or voluntary body declared in the register,False,2024-10-04,2025-04-01
D-002397,M-00779,South Cambridgeshire District Council,South Cambridgeshire District Council,Yaxley,Councillor,Licensing,Securities,Securities declared in the register,False,2023-09-16,2024-04-17
D-002398,M-00779,South Cambridgeshire District Council,South Cambridgeshire District Council,Yaxley,Councillor,Planning,Licences to occupy land,Licences to occupy land declared in the register,False,2024-09-04,2025-02-28
D-002399,M-00779,South Cambridgeshire District Council,South Cambridgeshire District Council,Yaxley,Councillor,Audit and Governance,Directorship,Directorship declared in the register,False,2025-02-17,2025-11-28
D-002400,M-00780,Cambridgeshire County Council,Cambridgeshire County Council,Somersham,Committee Member,Environment,Contracts with the authority,Contracts with the authority declared in the register,False,2023-05-13,2023-12-19
D-002401,M-00780,Cambridgeshire County Council,Cambridgeshire County Council,Somersham,Committee Member,Employment,Land and property in the area,Land and property in the area declared in the register,False,2024-04-22,2024-12-09
D-002402,M-00780,Cambridgeshire County Council,Cambridgeshire County Council,Somersham,Committee Member,Overview and Scrutiny,Corporate tenancies,Corporate tenancies declared in the register,False,2025-07-16,2026-05-09
D-002403,M-00781,Huntingdonshire District Council,Huntingdonshire District Council,Huntingdon North,Cabinet Member,Planning,Directorship,Directorship declared in the register,False,2025-07-24,2026-03-21
D-002404,M-00781,Huntingdonshire District Council,Huntingdonshire District Council,Huntingdon North,Cabinet Member,Finance,Trade union membership,Trade union membership declared in the register,False,2025-07-06,2025-08-14
D-002405,M-00781,Huntingdonshire District Council,Huntingdonshire District Council,Huntingdon North,Cabinet Member,Employment,Membership of a political party,Membership of a political party declared in the register,False,2024-10-29,2025-06-08
D-002406,M-00781,Huntingdonshire District Council,Huntingdonshire District Council,Huntingdon North,Cabinet Member,Planning,"Employment, office, trade or profession",Employment declared in the register,False,2025-06-09,2026-02-03
D-002407,M-00781,Huntingdonshire District Council,Huntingdonshire District Council,Huntingdon North,Cabinet Member,Health and Wellbeing,Contracts with the authority,Contracts with the authority declared in the register,False,2023-10-24,2024-03-20
D-002408,M-00782,South Cambridgeshire District Council,South Cambridgeshire District Council,Fenstanton,Councillor,Planning,Directorship,Directorship declared in the register,False,2024-06-16,2024-09-11
D-002409,M-00782,South Cambridgeshire District Council,South Cambridgeshire District Council,Fenstanton,Councillor,Health and Wellbeing,"Employment, office, trade or profession",Employment declared in the register,False,2025-04-10,2026-03-11
D-002410,M-00782,South Cambridgeshire District Council,South Cambridgeshire District Council,Fenstanton,Councillor,Planning,Contracts with the authority,Contracts with the authority declared in the register,False,2023-06-02,2023-09-26
D-002411,M-00783,Huntingdonshire District Council,Huntingdonshire District Council,St Ives West,Committee Member,Standards,Sensitive interest (withheld under s.32),,True,2024-10-06,2024-11-10
D-002412,M-00783,Huntingdonshire District Council,Huntingdonshire District Council,St Ives West,Committee Member,Employment,Securities,Securities declared in the register,False,2023-08-02,2024-02-14
D-002413,M-00783,Huntingdonshire District Council,Huntingdonshire District Council,St Ives West,Committee Member,Standards,Directorship,Directorship declared in the register,False,2023-10-27,2024-03-20
D-002414,M-00783,Huntingdonshire District Council,Huntingdonshire District Council,St Ives West,Committee Member,Finance,Contracts with the authority,Contracts with the authority declared in the register,False,2023-10-11,2024-09-26
D-002415,M-00784,Ramsey Town Council,Huntingdonshire District Council,Ramsey,Mayor,Standards,Trade union membership,Trade union membership declared in the register,False,2024-12-14,2025-12-25
D-002416,M-00784,Ramsey Town Council,Huntingdonshire District Council,Ramsey,Mayor,Health and Wellbeing,Land and property in the area,Land and property in the area declared in the register,False,2023-08-05,2024-06-14
D-002417,M-00785,Cambridgeshire County Council,Cambridgeshire County Council,Sawtry,Chair,(none),Land and property in the area,Land and property in the area declared in the register,False,2025-05-11,2026-01-01
D-002418,M-00785,Cambridgeshire County Council,Cambridgeshire County Council,Sawtry,Chair,Employment,Sponsorship,Sponsorship declared in the register,False,2025-01-11,2025-04-10
D-002419,M-00785,Cambridgeshire County Council,Cambridgeshire County Council,Sawtry,Chair,Environment,Trade union membership,Trade union membership declared in the register,False,2023-12-25,2024-05-09
D-002420,M-00785,Cambridgeshire County Council,Cambridgeshire County Council,Sawtry,Chair,Overview and Scrutiny,Securities,Securities declared in the register,False,2025-08-31,2026-09-09
D-002421,M-00785,Cambridgeshire County Council,Cambridgeshire County Council,Sawtry,Chair,Audit and Governance,Corporate tenancies,Corporate tenancies declared in the register,False,2024-06-16,2025-04-01
D-002422,M-00786,Huntingdon Town Council,Huntingdonshire District Council,Huntingdon East,Chair,Planning,Land and property in the area,Land and property in the area declared in the register,False,2024-05-14,2025-01-21
D-002423,M-00786,Huntingdon Town Council,Huntingdonshire District Council,Huntingdon East,Chair,Standards,Membership of a political party,Membership of a political party declared in the register,False,2025-01-07,2025-12-30
D-002424,M-00786,Huntingdon Town Council,Huntingdonshire District Council,Huntingdon East,Chair,Finance,"Employment, office, trade or profession",Employment declared in the register,False,2025-03-28,2025-11-27
D-002425,M-00787,St Ives Town Council,Huntingdonshire District Council,St Neots East,Cabinet Member,Corporate Governance,Membership of a charity or voluntary body,Membership of a charity or voluntary body declared in the register,False,2024-08-11,2025-05-06
D-002426,M-00787,St Ives Town Council,Huntingdonshire District Council,St Neots East,Cabinet Member,Corporate Governance,Membership of a political party,Membership of a political party declared in the register,False,2023-10-03,2023-11-17
D-002427,M-00787,St Ives Town Council,Huntingdonshire District Council,St Neots East,Cabinet Member,Audit and Governance,Corporate tenancies,Corporate tenancies declared in the register,False,2025-03-27,2025-08-16
D-002428,M-00788,Ramsey Town Council,Huntingdonshire District Council,St Neots East,Councillor,Licensing,Membership of a political party,Membership of a political party declared in the register,False,2024-02-13,2024-03-28
D-002429,M-00788,Ramsey Town Council,Huntingdonshire District Council,St Neots East,Councillor,Licensing,Membership of a body exercising public functions,Membership of a body exercising public functions declared in the register,False,2023-08-16,2024-01-31
D-002430,M-00789,Cambridgeshire County Council,Cambridgeshire County Council,St Ives West,Councillor,Employment,"Employment, office, trade or profession",Employment declared in the register,False,2024-12-17,2025-12-12
D-002431,M-00789,Cambridgeshire County Council,Cambridgeshire County Council,St Ives West,Councillor,Audit and Governance,Securities,Securities declared in the register,False,2023-05-23,2023-06-20
D-002432,M-00789,Cambridgeshire County Council,Cambridgeshire County Council,St Ives West,Councillor,Finance,Membership of a charity or voluntary body,Membership of a charity or voluntary body declared in the register,False,2025-02-06,2025-05-11
D-002433,M-00790,St Ives Town Council,Huntingdonshire District Council,Hemingfords,Councillor,Health and Wellbeing,Membership of a political party,Membership of a political party declared in the register,False,2024-03-14,2024-09-28
D-002434,M-00791,Cambridgeshire County Council,Cambridgeshire County Council,Hemingfords,Councillor,(none),Licences to occupy land,Licences to occupy land declared in the register,False,2024-05-02,2024-11-23
D-002435,M-00791,Cambridgeshire County Council,Cambridgeshire County Council,Hemingfords,Councillor,Corporate Governance,Sponsorship,Sponsorship declared in the register,False,2025-01-11,2025-05-27
D-002436,M-00791,Cambridgeshire County Council,Cambridgeshire County Council,Hemingfords,Councillor,Standards,"Employment, office, trade or profession",Employment declared in the register,False,2024-03-18,2025-02-18
D-002437,M-00791,Cambridgeshire County Council,Cambridgeshire County Council,Hemingfords,Councillor,Standards,Directorship,Directorship declared in the register,False,2024-12-02,2025-08-28
D-002438,M-00792,Ramsey Town Council,Huntingdonshire District Council,Somersham,Councillor,Planning,Licences to occupy land,Licences to occupy land declared in the register,False,2024-01-15,2024-09-24
D-002439,M-00792,Ramsey Town Council,Huntingdonshire District Council,Somersham,Councillor,Licensing,Securities,Securities declared in the register,False,2024-09-30,2025-10-19
D-002440,M-00792,Ramsey Town Council,Huntingdonshire District Council,Somersham,Councillor,Finance,Securities,Securities declared in the register,False,2024-05-18,2024-07-27
D-002441,M-00792,Ramsey Town Council,Huntingdonshire District Council,Somersham,Councillor,Health and Wellbeing,Membership of a body exercising public functions,Membership of a body exercising public functions declared in the register,False,2023-10-13,2023-12-01
D-002442,M-00793,Ramsey Town Council,Huntingdonshire District Council,Sawtry,Vice-Chair,Audit and Governance,Contracts with the authority,Contracts with the authority declared in the register,False,2023-10-08,2024-07-12
D-002443,M-00793,Ramsey Town Council,Huntingdonshire District Council,Sawtry,Vice-Chair,Overview and Scrutiny,Membership of a political party,Membership of a political party declared in the register,False,2023-09-12,2023-09-20
D-002444,M-00793,Ramsey Town Council,Huntingdonshire District Council,Sawtry,Vice-Chair,Standards,Membership of a political party,Membership of a political party declared in the register,False,2025-01-14,2025-04-17
D-002445,M-00793,Ramsey Town Council,Huntingdonshire District Council,Sawtry,Vice-Chair,Licensing,Licences to occupy land,Licences to occupy land declared in the register,False,2024-02-01,2024-04-12
D-002446,M-00793,Ramsey Town Council,Huntingdonshire District Council,Sawtry,Vice-Chair,Standards,"Employment, office, trade or profession",Employment declared in the register,False,2024-04-24,2025-04-29
D-002447,M-00794,Ramsey Town Council,Huntingdonshire District Council,St Neots East,Vice-Chair,Employment,Securities,Securities declared in the register,False,2025-07-10,2026-01-10
D-002448,M-00794,Ramsey Town Council,Huntingdonshire District Council,St Neots East,Vice-Chair,Finance,Land and property in the area,Land and property in the area declared in the register,False,2024-11-29,2025-04-17
D-002449,M-00794,Ramsey Town Council,Huntingdonshire District Council,St Neots East,Vice-Chair,Overview and Scrutiny,Land and property in the area,Land and property in the area declared in the register,False,2025-08-31,2026-01-06
D-002450,M-00794,Ramsey Town Council,Huntingdonshire District Council,St Neots East,Vice-Chair,Corporate Governance,"Employment, office, trade or profession",Employment declared in the register,False,2024-10-11,2025-11-14
D-002451,M-00795,Huntingdonshire District Council,Huntingdonshire District Council,Huntingdon West,Councillor,Employment,Contracts with the authority,Contracts with the authority declared in the register,False,2025-10-07,2026-02-09
D-002452,M-00795,Huntingdonshire District Council,Huntingdonshire District Council,Huntingdon West,Councillor,Audit and Governance,Licences to occupy land,Licences to occupy land declared in the register,False,2025-08-03,2025-09-06
D-002453,M-00796,Ramsey Town Council,Huntingdonshire District Council,Yaxley,Councillor,Licensing,Membership of a political party,Membership of a political party declared in the register,False,2023-07-09,2023-10-21
D-002454,M-00796,Ramsey Town Council,Huntingdonshire District Council,Yaxley,Councillor,Audit and Governance,Sponsorship,Sponsorship declared in the register,False,2024-11-10,2025-03-03
D-002455,M-00796,Ramsey Town Council,Huntingdonshire District Council,Yaxley,Councillor,Corporate Governance,Sponsorship,Sponsorship declared in the register,False,2025-09-30,2025-11-09
D-002456,M-00796,Ramsey Town Council,Huntingdonshire District Council,Yaxley,Councillor,(none),"Employment, office, trade or profession",Employment declared in the register,False,2024-10-23,2024-11-21
D-002457,M-00797,Huntingdonshire District Council,Huntingdonshire District Council,Yaxley,Committee Member,Standards,Sponsorship,Sponsorship declared in the register,False,2024-11-05,2025-04-01
D-002458,M-00797,Huntingdonshire District Council,Huntingdonshire District Council,Yaxley,Committee Member,Planning,Licences to occupy land,Licences to occupy land declared in the register,False,2024-08-25,2025-03-10
D-002459,M-00798,Huntingdonshire District Council,Huntingdonshire District Council,Godmanchester,Councillor,(none),Directorship,Directorship declared in the register,False,2025-01-19,2025-10-28
D-002460,M-00799,Huntingdonshire District Council,Huntingdonshire District Council,St Ives East,Councillor,Environment,Land and property in the area,Land and property in the area declared in the register,False,2025-04-08,2025-09-12
D-002461,M-00799,Huntingdonshire District Council,Huntingdonshire District Council,St Ives East,Councillor,Overview and Scrutiny,Sensitive interest (withheld under s.32),,True,2023-10-26,2024-02-10
D-002462,M-00799,Huntingdonshire District Council,Huntingdonshire District Council,St Ives East,Councillor,Environment,Directorship,Directorship declared in the register,False,2025-01-06,2025-07-02
D-002463,M-00800,Ramsey Town Council,Huntingdonshire District Council,St Neots East,Committee Member,Employment,Sensitive interest (withheld under s.32),,True,2024-12-10,2025-11-05
D-002464,M-00800,Ramsey Town Council,Huntingdonshire District Council,St Neots East,Committee Member,(none),Membership of a charity or voluntary body,Membership of a charity or voluntary body declared in the register,False,2023-08-17,2024-02-05
D-002465,M-00800,Ramsey Town Council,Huntingdonshire District Council,St Neots East,Committee Member,Overview and Scrutiny,Sponsorship,Sponsorship declared in the register,False,2025-01-04,2025-02-21
D-002466,M-00801,South Cambridgeshire District Council,South Cambridgeshire District Council,Huntingdon West,Vice-Chair,Employment,Land and property in the area,Land and property in the area declared in the register,False,2025-01-03,2025-07-24
D-002467,M-00801,South Cambridgeshire District Council,South Cambridgeshire District Council,Huntingdon West,Vice-Chair,Finance,"Employment, office, trade or profession",Employment declared in the register,False,2024-05-09,2024-07-24
D-002468,M-00801,South Cambridgeshire District Council,South Cambridgeshire District Council,Huntingdon West,Vice-Chair,Audit and Governance,"Employment, office, trade or profession",Employment declared in the register,False,2025-08-21,2026-03-15
D-002469,M-00802,South Cambridgeshire District Council,South Cambridgeshire District Council,Huntingdon West,Councillor,Corporate Governance,Directorship,Directorship declared in the register,False,2023-11-30,2024-03-13
D-002470,M-00802,South Cambridgeshire District Council,South Cambridgeshire District Council,Huntingdon West,Councillor,(none),Land and property in the area,Land and property in the area declared in the register,False,2024-10-11,2025-04-08
D-002471,M-00802,South Cambridgeshire District Council,South Cambridgeshire District Council,Huntingdon West,Councillor,Overview and Scrutiny,Land and property in the area,Land and property in the area declared in the register,False,2025-03-10,2025-04-15
D-002472,M-00803,Huntingdonshire District Council,Huntingdonshire District Council,St Ives South,Councillor,Finance,Trade union membership,Trade union membership declared in the register,False,2024-02-29,2024-04-24
D-002473,M-00803,Huntingdonshire District Council,Huntingdonshire District Council,St Ives South,Councillor,Corporate Governance,Directorship,Directorship declared in the register,False,2025-08-10,2025-08-19
D-002474,M-00804,St Ives Town Council,Huntingdonshire District Council,Hemingfords,Councillor,Health and Wellbeing,Licences to occupy land,Licences to occupy land declared in the register,False,2023-06-13,2023-12-28
D-002475,M-00804,St Ives Town Council,Huntingdonshire District Council,Hemingfords,Councillor,Overview and Scrutiny,Securities,Securities declared in the register,False,2023-11-24,2023-11-28
D-002476,M-00804,St Ives Town Council,Huntingdonshire District Council,Hemingfords,Councillor,Planning,Membership of a charity or voluntary body,Membership of a charity or voluntary body declared in the register,False,2024-06-21,2024-06-23
D-002477,M-00805,Huntingdon Town Council,Huntingdonshire District Council,Huntingdon West,Chair,Audit and Governance,Sensitive interest (withheld under s.32),,True,2025-09-19,2025-12-03
D-002478,M-00806,Huntingdonshire District Council,Huntingdonshire District Council,Warboys,Councillor,Overview and Scrutiny,Trade union membership,Trade union membership declared in the register,False,2023-06-28,2024-03-24
D-002479,M-00807,South Cambridgeshire District Council,South Cambridgeshire District Council,Huntingdon East,Councillor,(none),Directorship,Directorship declared in the register,False,2024-10-10,2025-02-16
D-002480,M-00807,South Cambridgeshire District Council,South Cambridgeshire District Council,Huntingdon East,Councillor,Audit and Governance,Membership of a political party,Membership of a political party declared in the register,False,2025-06-24,2026-02-09
D-002481,M-00807,South Cambridgeshire District Council,South Cambridgeshire District Council,Huntingdon East,Councillor,Audit and Governance,Securities,Securities declared in the register,False,2024-10-05,2025-04-07
D-002482,M-00808,South Cambridgeshire District Council,South Cambridgeshire District Council,Hemingfords,Cabinet Member,Licensing,Trade union membership,Trade union membership declared in the register,False,2024-05-24,2024-10-06
D-002483,M-00808,South Cambridgeshire District Council,South Cambridgeshire District Council,Hemingfords,Cabinet Member,Standards,Licences to occupy land,Licences to occupy land declared in the register,False,2024-06-01,2025-05-11
D-002484,M-00808,South Cambridgeshire District Council,South Cambridgeshire District Council,Hemingfords,Cabinet Member,Overview and Scrutiny,Licences to occupy land,Licences to occupy land declared in the register,False,2024-06-14,2024-10-27
D-002485,M-00808,South Cambridgeshire District Council,South Cambridgeshire District Council,Hemingfords,Cabinet Member,Planning,Contracts with the authority,Contracts with the authority declared in the register,False,2025-03-20,2025-05-27
D-002486,M-00808,South Cambridgeshire District Council,South Cambridgeshire District Council,Hemingfords,Cabinet Member,Overview and Scrutiny,Directorship,Directorship declared in the register,False,2025-09-02,2026-08-29
D-002487,M-00809,South Cambridgeshire District Council,South Cambridgeshire District Council,Huntingdon West,Vice-Chair,Employment,Contracts with the authority,Contracts with the authority declared in the register,False,2025-08-01,2026-06-05
D-002488,M-00810,Huntingdonshire District Council,Huntingdonshire District Council,Huntingdon West,Vice-Chair,Audit and Governance,Securities,Securities declared in the register,False,2025-04-27,2025-08-08
D-002489,M-00811,Cambridgeshire County Council,Cambridgeshire County Council,Huntingdon East,Committee Member,(none),Membership of a charity or voluntary body,Membership of a charity or voluntary body declared in the register,False,2025-08-25,2026-09-11
D-002490,M-00811,Cambridgeshire County Council,Cambridgeshire County Council,Huntingdon East,Committee Member,Standards,Directorship,Directorship declared in the register,False,2024-06-05,2024-09-29
D-002491,M-00812,South Cambridgeshire District Council,South Cambridgeshire District Council,Alconbury,Chair,Health and Wellbeing,Trade union membership,Trade union membership declared in the register,False,2025-02-02,2026-01-17
D-002492,M-00813,St Ives Town Council,Huntingdonshire District Council,Godmanchester,Vice-Chair,Audit and Governance,Securities,Securities declared in the register,False,2024-04-06,2025-03-28
D-002493,M-00814,Huntingdonshire District Council,Huntingdonshire District Council,St Neots East,Councillor,Employment,Directorship,Directorship declared in the register,False,2023-06-22,2023-08-02
D-002494,M-00814,Huntingdonshire District Council,Huntingdonshire District Council,St Neots East,Councillor,Planning,Land and property in the area,Land and property in the area declared in the register,False,2025-04-12,2025-10-09
D-002495,M-00815,Huntingdon Town Council,Huntingdonshire District Council,St Neots East,Councillor,Employment,Sponsorship,Sponsorship declared in the register,False,2023-06-01,2023-06-30
D-002496,M-00815,Huntingdon Town Council,Huntingdonshire District Council,St Neots East,Councillor,Environment,Securities,Securities declared in the register,False,2024-01-20,2024-09-09
D-002497,M-00815,Huntingdon Town Council,Huntingdonshire District Council,St Neots East,Councillor,Planning,Membership of a charity or voluntary body,Membership of a charity or voluntary body declared in the register,False,2023-09-28,2024-09-17
D-002498,M-00815,Huntingdon Town Council,Huntingdonshire District Council,St Neots East,Councillor,Corporate Governance,Securities,Securities declared in the register,False,2025-07-03,2026-01-29
D-002499,M-00816,Huntingdonshire District Council,Huntingdonshire District Council,Brampton,Councillor,Environment,Corporate tenancies,Corporate tenancies declared in the register,False,2023-06-08,2024-03-07
D-002500,M-00817,Cambridgeshire County Council,Cambridgeshire County Council,Ramsey,Councillor,Employment,Corporate tenancies,Corporate tenancies declared in the register,False,2023-09-16,2023-12-24
D-002501,M-00817,Cambridgeshire County Council,Cambridgeshire County Council,Ramsey,Councillor,Environment,Membership of a body exercising public functions,Membership of a body exercising public functions declared in the register,False,2023-06-18,2023-06-20
D-002502,M-00817,Cambridgeshire County Council,Cambridgeshire County Council,Ramsey,Councillor,Health and Wellbeing,Land and property in the area,Land and property in the area declared in the register,False,2025-05-23,2025-12-25
D-002503,M-00818,South Cambridgeshire District Council,South Cambridgeshire District Council,Somersham,Councillor,Health and Wellbeing,Trade union membership,Trade union membership declared in the register,False,2023-08-09,2023-08-12
D-002504,M-00818,South Cambridgeshire District Council,South Cambridgeshire District Council,Somersham,Councillor,Health and Wellbeing,Membership of a body exercising public functions,Membership of a body exercising public functions declared in the register,False,2025-10-03,2026-07-09
D-002505,M-00819,South Cambridgeshire District Council,South Cambridgeshire District Council,Buckden,Councillor,Overview and Scrutiny,Sponsorship,Sponsorship declared in the register,False,2023-09-27,2023-10-26
D-002506,M-00819,South Cambridgeshire District Council,South Cambridgeshire District Council,Buckden,Councillor,Finance,Licences to occupy land,Licences to occupy land declared in the register,False,2024-05-03,2025-02-23
D-002507,M-00820,Huntingdon Town Council,Huntingdonshire District Council,Somersham,Councillor,Planning,Securities,Securities declared in the register,False,2024-12-14,2025-11-12
D-002508,M-00820,Huntingdon Town Council,Huntingdonshire District Council,Somersham,Councillor,Employment,Licences to occupy land,Licences to occupy land declared in the register,False,2024-11-28,2025-08-01
D-002509,M-00821,South Cambridgeshire District Council,South Cambridgeshire District Council,Huntingdon West,Councillor,Environment,"Employment, office, trade or profession",Employment declared in the register,False,2025-08-11,2026-03-14
D-002510,M-00822,South Cambridgeshire District Council,South Cambridgeshire District Council,Yaxley,Councillor,Audit and Governance,Contracts with the authority,Contracts with the authority declared in the register,False,2023-11-21,2024-08-21
D-002511,M-00822,South Cambridgeshire District Council,South Cambridgeshire District Council,Yaxley,Councillor,Standards,Licences to occupy land,Licences to occupy land declared in the register,False,2024-04-10,2024-10-06
D-002512,M-00822,South Cambridgeshire District Council,South Cambridgeshire District Council,Yaxley,Councillor,Planning,Corporate tenancies,Corporate tenancies declared in the register,False,2025-09-24,2026-01-04
D-002513,M-00823,South Cambridgeshire District Council,South Cambridgeshire District Council,Fenstanton,Councillor,Environment,Securities,Securities declared in the register,False,2024-12-22,2025-03-19
D-002514,M-00823,South Cambridgeshire District Council,South Cambridgeshire District Council,Fenstanton,Councillor,Standards,Contracts with the authority,Contracts with the authority declared in the register,False,2023-11-28,2024-10-12
D-002515,M-00823,South Cambridgeshire District Council,South Cambridgeshire District Council,Fenstanton,Councillor,Health and Wellbeing,"Employment, office, trade or profession",Employment declared in the register,False,2023-06-07,2023-11-10
D-002516,M-00823,South Cambridgeshire District Council,South Cambridgeshire District Council,Fenstanton,Councillor,Environment,Directorship,Directorship declared in the register,False,2023-05-14,2024-05-19
D-002517,M-00823,South Cambridgeshire District Council,South Cambridgeshire District Council,Fenstanton,Councillor,(none),Land and property in the area,Land and property in the area declared in the register,False,2024-10-23,2025-03-19
D-002518,M-00824,St Ives Town Council,Huntingdonshire District Council,St Ives West,Councillor,Audit and Governance,Contracts with the authority,Contracts with the authority declared in the register,False,2025-08-09,2026-04-25
D-002519,M-00824,St Ives Town Council,Huntingdonshire District Council,St Ives West,Councillor,Environment,Land and property in the area,Land and property in the area declared in the register,False,2024-09-01,2025-07-21
D-002520,M-00824,St Ives Town Council,Huntingdonshire District Council,St Ives West,Councillor,Environment,Land and property in the area,Land and property in the area declared in the register,False,2025-05-02,2025-07-03
D-002521,M-00824,St Ives Town Council,Huntingdonshire District Council,St Ives West,Councillor,Audit and Governance,Membership of a political party,Membership of a political party declared in the register,False,2023-07-09,2023-11-23
D-002522,M-00825,St Ives Town Council,Huntingdonshire District Council,St Ives South,Councillor,Employment,Membership of a body exercising public functions,Membership of a body exercising public functions declared in the register,False,2024-03-14,2024-09-09
D-002523,M-00826,Huntingdon Town Council,Huntingdonshire District Council,Brampton,Chair,Planning,Corporate tenancies,Corporate tenancies declared in the register,False,2025-10-10,2026-04-04
D-002524,M-00826,Huntingdon Town Council,Huntingdonshire District Council,Brampton,Chair,Planning,Membership of a charity or voluntary body,Membership of a charity or voluntary body declared in the register,False,2024-12-07,2025-10-15
D-002525,M-00826,Huntingdon Town Council,Huntingdonshire District Council,Brampton,Chair,Overview and Scrutiny,"Employment, office, trade or profession",Employment declared in the register,False,2024-10-04,2025-06-25
D-002526,M-00827,St Ives Town Council,Huntingdonshire District Council,Little Paxton,Councillor,(none),Sponsorship,Sponsorship declared in the register,False,2025-07-19,2026-07-18
D-002527,M-00828,Cambridgeshire County Council,Cambridgeshire County Council,St Ives East,Committee Member,Employment,Securities,Securities declared in the register,False,2023-10-11,2024-08-09
D-002528,M-00829,South Cambridgeshire District Council,South Cambridgeshire District Council,Fenstanton,Councillor,Environment,Membership of a political party,Membership of a political party declared in the register,False,2023-07-01,2024-07-25
D-002529,M-00829,South Cambridgeshire District Council,South Cambridgeshire District Council,Fenstanton,Councillor,Corporate Governance,"Employment, office, trade or profession",Employment declared in the register,False,2025-06-09,2025-08-22
D-002530,M-00829,South Cambridgeshire District Council,South Cambridgeshire District Council,Fenstanton,Councillor,Health and Wellbeing,Membership of a political party,Membership of a political party declared in the register,False,2025-07-21,2026-04-03
D-002531,M-00829,South Cambridgeshire District Council,South Cambridgeshire District Council,Fenstanton,Councillor,Corporate Governance,Sensitive interest (withheld under s.32),,True,2023-11-29,2024-06-17
D-002532,M-00830,Huntingdonshire District Council,Huntingdonshire District Council,St Ives East,Councillor,Licensing,Membership of a body exercising public functions,Membership of a body exercising public functions declared in the register,False,2024-06-02,2025-05-05
D-002533,M-00831,St Ives Town Council,Huntingdonshire District Council,Yaxley,Committee Member,Corporate Governance,Trade union membership,Trade union membership declared in the register,False,2025-08-23,2026-01-21
D-002534,M-00831,St Ives Town Council,Huntingdonshire District Council,Yaxley,Committee Member,Licensing,Membership of a charity or voluntary body,Membership of a charity or voluntary body declared in the register,False,2023-05-01,2023-12-25
D-002535,M-00831,St Ives Town Council,Huntingdonshire District Council,Yaxley,Committee Member,Employment,Securities,Securities declared in the register,False,2024-04-15,2024-06-22
D-002536,M-00831,St Ives Town Council,Huntingdonshire District Council,Yaxley,Committee Member,Licensing,Membership of a political party,Membership of a political party declared in the register,False,2025-01-18,2025-07-17
D-002537,M-00832,St Ives Town Council,Huntingdonshire District Council,St Ives West,Committee Member,Corporate Governance,Sponsorship,Sponsorship declared in the register,False,2024-07-09,2025-04-15
D-002538,M-00832,St Ives Town Council,Huntingdonshire District Council,St Ives West,Committee Member,Finance,Securities,Securities declared in the register,False,2024-06-21,2025-01-10
D-002539,M-00833,Ramsey Town Council,Huntingdonshire District Council,Sawtry,Chair,Planning,Corporate tenancies,Corporate tenancies declared in the register,False,2025-06-25,2026-05-24
D-002540,M-00833,Ramsey Town Council,Huntingdonshire District Council,Sawtry,Chair,Planning,Directorship,Directorship declared in the register,False,2024-12-24,2025-10-25
D-002541,M-00833,Ramsey Town Council,Huntingdonshire District Council,Sawtry,Chair,Audit and Governance,Membership of a charity or voluntary body,Membership of a charity or voluntary body declared in the register,False,2023-05-02,2023-05-27
D-002542,M-00833,Ramsey Town Council,Huntingdonshire District Council,Sawtry,Chair,Audit and Governance,"Employment, office, trade or profession",Employment declared in the register,False,2024-07-15,2025-07-06
D-002543,M-00834,St Ives Town Council,Huntingdonshire District Council,Huntingdon East,Committee Member,Standards,Corporate tenancies,Corporate tenancies declared in the register,False,2024-09-19,2025-01-23
D-002544,M-00834,St Ives Town Council,Huntingdonshire District Council,Huntingdon East,Committee Member,Standards,"Employment, office, trade or profession",Employment declared in the register,False,2023-10-03,2024-04-26
D-002545,M-00834,St Ives Town Council,Huntingdonshire District Council,Huntingdon East,Committee Member,Planning,Directorship,Directorship declared in the register,False,2023-05-15,2023-07-31
D-002546,M-00834,St Ives Town Council,Huntingdonshire District Council,Huntingdon East,Committee Member,Standards,Trade union membership,Trade union membership declared in the register,False,2025-08-24,2025-11-29
D-002547,M-00835,Ramsey Town Council,Huntingdonshire District Council,St Ives West,Councillor,Employment,"Employment, office, trade or profession",Employment declared in the register,False,2023-12-06,2024-03-05
D-002548,M-00835,Ramsey Town Council,Huntingdonshire District Council,St Ives West,Councillor,Employment,Contracts with the authority,Contracts with the authority declared in the register,False,2024-12-15,2025-05-12
D-002549,M-00835,Ramsey Town Council,Huntingdonshire District Council,St Ives West,Councillor,Standards,Licences to occupy land,Licences to occupy land declared in the register,False,2025-01-18,2025-12-23
D-002550,M-00836,Cambridgeshire County Council,Cambridgeshire County Council,Buckden,Councillor,Corporate Governance,"Employment, office, trade or profession",Employment declared in the register,False,2023-06-05,2023-12-28
D-002551,M-00837,Cambridgeshire County Council,Cambridgeshire County Council,Little Paxton,Councillor,(none),Trade union membership,Trade union membership declared in the register,False,2024-12-11,2026-01-08
D-002552,M-00838,Huntingdon Town Council,Huntingdonshire District Council,Warboys,Councillor,(none),Contracts with the authority,Contracts with the authority declared in the register,False,2024-04-02,2024-11-17
D-002553,M-00839,St Ives Town Council,Huntingdonshire District Council,St Neots Eynesbury,Cabinet Member,Planning,Securities,Securities declared in the register,False,2024-09-11,2025-07-13
D-002554,M-00839,St Ives Town Council,Huntingdonshire District Council,St Neots Eynesbury,Cabinet Member,Health and Wellbeing,"Employment, office, trade or profession",Employment declared in the register,False,2024-12-22,2026-01-06
D-002555,M-00839,St Ives Town Council,Huntingdonshire District Council,St Neots Eynesbury,Cabinet Member,Overview and Scrutiny,Membership of a political party,Membership of a political party declared in the register,False,2025-04-21,2025-11-05
D-002556,M-00839,St Ives Town Council,Huntingdonshire District Council,St Neots Eynesbury,Cabinet Member,Finance,Sponsorship,Sponsorship declared in the register,False,2025-04-04,2025-06-06
D-002557,M-00840,St Ives Town Council,Huntingdonshire District Council,St Ives East,Chair,Overview and Scrutiny,Membership of a charity or voluntary body,Membership of a charity or voluntary body declared in the register,False,2024-12-21,2025-11-08
D-002558,M-00840,St Ives Town Council,Huntingdonshire District Council,St Ives East,Chair,Standards,Securities,Securities declared in the register,False,2025-03-28,2026-04-15
D-002559,M-00841,Ramsey Town Council,Huntingdonshire District Council,Alconbury,Chair,Employment,Membership of a charity or voluntary body,Membership of a charity or voluntary body declared in the register,False,2025-01-04,2025-05-27
D-002560,M-00841,Ramsey Town Council,Huntingdonshire District Council,Alconbury,Chair,Licensing,Sensitive interest (withheld under s.32),,True,2025-10-10,2026-01-04
D-002561,M-00842,Ramsey Town Council,Huntingdonshire District Council,St Neots East,Councillor,Overview and Scrutiny,Directorship,Directorship declared in the register,False,2024-04-22,2025-03-06
D-002562,M-00842,Ramsey Town Council,Huntingdonshire District Council,St Neots East,Councillor,(none),Directorship,Directorship declared in the register,False,2025-03-01,2025-11-14
D-002563,M-00842,Ramsey Town Council,Huntingdonshire District Council,St Neots East,Councillor,Corporate Governance,Membership of a political party,Membership of a political party declared in the register,False,2024-05-29,2024-08-19
D-002564,M-00842,Ramsey Town Council,Huntingdonshire District Council,St Neots East,Councillor,Finance,Licences to occupy land,Licences to occupy land declared in the register,False,2025-04-01,2025-12-30
D-002565,M-00842,Ramsey Town Council,Huntingdonshire District Council,St Neots East,Councillor,Employment,Directorship,Directorship declared in the register,False,2025-07-12,2026-06-27
D-002566,M-00843,Ramsey Town Council,Huntingdonshire District Council,Fenstanton,Councillor,Finance,Securities,Securities declared in the register,False,2023-08-11,2024-01-24
D-002567,M-00843,Ramsey Town Council,Huntingdonshire District Council,Fenstanton,Councillor,(none),Securities,Securities declared in the register,False,2024-12-01,2024-12-15
D-002568,M-00843,Ramsey Town Council,Huntingdonshire District Council,Fenstanton,Councillor,Overview and Scrutiny,Sensitive interest (withheld under s.32),,True,2024-12-22,2025-08-11
D-002569,M-00844,South Cambridgeshire District Council,South Cambridgeshire District Council,Alconbury,Councillor,(none),Membership of a charity or voluntary body,Membership of a charity or voluntary body declared in the register,False,2024-02-13,2025-02-06
D-002570,M-00844,South Cambridgeshire District Council,South Cambridgeshire District Council,Alconbury,Councillor,(none),Licences to occupy land,Licences to occupy land declared in the register,False,2023-11-13,2024-05-09
D-002571,M-00844,South Cambridgeshire District Council,South Cambridgeshire District Council,Alconbury,Councillor,Employment,Corporate tenancies,Corporate tenancies declared in the register,False,2023-10-20,2024-02-13
D-002572,M-00844,South Cambridgeshire District Council,South Cambridgeshire District Council,Alconbury,Councillor,Environment,Contracts with the authority,Contracts with the authority declared in the register,False,2025-06-22,2025-07-03
D-002573,M-00844,South Cambridgeshire District Council,South Cambridgeshire District Council,Alconbury,Councillor,(none),Trade union membership,Trade union membership declared in the register,False,2024-04-06,2025-04-07
D-002574,M-00845,Huntingdon Town Council,Huntingdonshire District Council,St Ives South,Cabinet Member,Employment,Licences to occupy land,Licences to occupy land declared in the register,False,2025-06-16,2025-10-15
D-002575,M-00845,Huntingdon Town Council,Huntingdonshire District Council,St Ives South,Cabinet Member,Employment,"Employment, office, trade or profession",Employment declared in the register,False,2025-01-23,2025-05-08
D-002576,M-00845,Huntingdon Town Council,Huntingdonshire District Council,St Ives South,Cabinet Member,Finance,Membership of a body exercising public functions,Membership of a body exercising public functions declared in the register,False,2024-11-26,2025-09-15
D-002577,M-00845,Huntingdon Town Council,Huntingdonshire District Council,St Ives South,Cabinet Member,Employment,Sponsorship,Sponsorship declared in the register,False,2024-03-24,2024-12-22
D-002578,M-00846,Cambridgeshire County Council,Cambridgeshire County Council,St Ives South,Councillor,Environment,Sponsorship,Sponsorship declared in the register,False,2023-08-10,2024-04-30
D-002579,M-00846,Cambridgeshire County Council,Cambridgeshire County Council,St Ives South,Councillor,Employment,Trade union membership,Trade union membership declared in the register,False,2023-07-19,2023-12-17
D-002580,M-00846,Cambridgeshire County Council,Cambridgeshire County Council,St Ives South,Councillor,Planning,Trade union membership,Trade union membership declared in the register,False,2024-04-25,2024-10-05
D-002581,M-00846,Cambridgeshire County Council,Cambridgeshire County Council,St Ives South,Councillor,Finance,Sponsorship,Sponsorship declared in the register,False,2024-11-01,2025-03-31
D-002582,M-00846,Cambridgeshire County Council,Cambridgeshire County Council,St Ives South,Councillor,Corporate Governance,Contracts with the authority,Contracts with the authority declared in the register,False,2025-10-13,2026-02-19
D-002583,M-00847,Ramsey Town Council,Huntingdonshire District Council,Yaxley,Councillor,Planning,Membership of a political party,Membership of a political party declared in the register,False,2025-03-13,2025-06-17
D-002584,M-00847,Ramsey Town Council,Huntingdonshire District Council,Yaxley,Councillor,(none),Membership of a charity or voluntary body,Membership of a charity or voluntary body declared in the register,False,2023-05-01,2024-04-05
D-002585,M-00847,Ramsey Town Council,Huntingdonshire District Council,Yaxley,Councillor,Audit and Governance,Securities,Securities declared in the register,False,2025-10-01,2025-10-21
D-002586,M-00847,Ramsey Town Council,Huntingdonshire District Council,Yaxley,Councillor,(none),"Employment, office, trade or profession",Employment declared in the register,False,2025-08-10,2026-03-19
D-002587,M-00847,Ramsey Town Council,Huntingdonshire District Council,Yaxley,Councillor,Overview and Scrutiny,Membership of a political party,Membership of a political party declared in the register,False,2023-08-02,2023-12-30
D-002588,M-00848,Huntingdon Town Council,Huntingdonshire District Council,St Ives East,Cabinet Member,(none),Securities,Securities declared in the register,False,2025-05-25,2025-06-22
D-002589,M-00848,Huntingdon Town Council,Huntingdonshire District Council,St Ives East,Cabinet Member,Planning,Securities,Securities declared in the register,False,2024-02-27,2024-11-21
D-002590,M-00848,Huntingdon Town Council,Huntingdonshire District Council,St Ives East,Cabinet Member,Finance,Securities,Securities declared in the register,False,2024-11-14,2025-11-01
D-002591,M-00849,Huntingdonshire District Council,Huntingdonshire District Council,Huntingdon North,Councillor,Corporate Governance,Land and property in the area,Land and property in the area declared in the register,False,2025-06-30,2026-01-23
D-002592,M-00849,Huntingdonshire District Council,Huntingdonshire District Council,Huntingdon North,Councillor,Overview and Scrutiny,Sponsorship,Sponsorship declared in the register,False,2024-04-01,2024-05-24
D-002593,M-00849,Huntingdonshire District Council,Huntingdonshire District Council,Huntingdon North,Councillor,(none),Directorship,Directorship declared in the register,False,2025-09-06,2026-06-21
D-002594,M-00849,Huntingdonshire District Council,Huntingdonshire District Council,Huntingdon North,Councillor,Health and Wellbeing,Membership of a charity or voluntary body,Membership of a charity or voluntary body declared in the register,False,2025-07-11,2025-07-21
D-002595,M-00850,Cambridgeshire County Council,Cambridgeshire County Council,Fenstanton,Councillor,Finance,Membership of a political party,Membership of a political party declared in the register,False,2024-07-06,2025-06-03
D-002596,M-00850,Cambridgeshire County Council,Cambridgeshire County Council,Fenstanton,Councillor,Employment,Sponsorship,Sponsorship declared in the register,False,2024-06-19,2024-11-07
D-002597,M-00851,Ramsey Town Council,Huntingdonshire District Council,St Ives South,Chair,Audit and Governance,Directorship,Directorship declared in the register,False,2024-01-29,2024-11-04
D-002598,M-00851,Ramsey Town Council,Huntingdonshire District Council,St Ives South,Chair,Finance,Corporate tenancies,Corporate tenancies declared in the register,False,2023-09-03,2024-09-06
D-002599,M-00851,Ramsey Town Council,Huntingdonshire District Council,St Ives South,Chair,Standards,Membership of a charity or voluntary body,Membership of a charity or voluntary body declared in the register,False,2024-01-19,2024-09-01
D-002600,M-00851,Ramsey Town Council,Huntingdonshire District Council,St Ives South,Chair,Licensing,Contracts with the authority,Contracts with the authority declared in the register,False,2024-10-24,2025-06-23
D-002601,M-00852,Ramsey Town Council,Huntingdonshire District Council,St Ives South,Councillor,Audit and Governance,Licences to occupy land,Licences to occupy land declared in the register,False,2023-09-13,2023-11-26
D-002602,M-00852,Ramsey Town Council,Huntingdonshire District Council,St Ives South,Councillor,Planning,Membership of a body exercising public functions,Membership of a body exercising public functions declared in the register,False,2025-06-12,2025-11-22
D-002603,M-00853,South Cambridgeshire District Council,South Cambridgeshire District Council,Warboys,Mayor,Health and Wellbeing,Sensitive interest (withheld under s.32),,True,2025-01-09,2025-08-22
D-002604,M-00853,South Cambridgeshire District Council,South Cambridgeshire District Council,Warboys,Mayor,Corporate Governance,Membership of a political party,Membership of a political party declared in the register,False,2024-12-10,2025-02-05
D-002605,M-00853,South Cambridgeshire District Council,South Cambridgeshire District Council,Warboys,Mayor,Finance,Directorship,Directorship declared in the register,False,2024-07-12,2025-08-12
D-002606,M-00853,South Cambridgeshire District Council,South Cambridgeshire District Council,Warboys,Mayor,Health and Wellbeing,Sponsorship,Sponsorship declared in the register,False,2024-01-22,2024-02-22
D-002607,M-00853,South Cambridgeshire District Council,South Cambridgeshire District Council,Warboys,Mayor,Audit and Governance,Securities,Securities declared in the register,False,2023-05-19,2023-12-12
D-002608,M-00854,St Ives Town Council,Huntingdonshire District Council,St Neots East,Committee Member,Overview and Scrutiny,Membership of a body exercising public functions,Membership of a body exercising public functions declared in the register,False,2024-07-01,2024-11-15
D-002609,M-00854,St Ives Town Council,Huntingdonshire District Council,St Neots East,Committee Member,Overview and Scrutiny,Membership of a political party,Membership of a political party declared in the register,False,2025-05-06,2025-08-24
D-002610,M-00854,St Ives Town Council,Huntingdonshire District Council,St Neots East,Committee Member,Environment,Land and property in the area,Land and property in the area declared in the register,False,2025-05-01,2025-08-04
D-002611,M-00854,St Ives Town Council,Huntingdonshire District Council,St Neots East,Committee Member,Health and Wellbeing,Membership of a body exercising public functions,Membership of a body exercising public functions declared in the register,False,2024-10-22,2025-07-10
D-002612,M-00854,St Ives Town Council,Huntingdonshire District Council,St Neots East,Committee Member,Planning,Securities,Securities declared in the register,False,2025-04-10,2026-03-07
D-002613,M-00855,St Ives Town Council,Huntingdonshire District Council,Huntingdon West,Chair,(none),Corporate tenancies,Corporate tenancies declared in the register,False,2024-07-21,2025-05-06
D-002614,M-00855,St Ives Town Council,Huntingdonshire District Council,Huntingdon West,Chair,(none),Membership of a body exercising public functions,Membership of a body exercising public functions declared in the register,False,2023-05-31,2023-07-29
D-002615,M-00856,Huntingdonshire District Council,Huntingdonshire District Council,Huntingdon North,Mayor,Overview and Scrutiny,Contracts with the authority,Contracts with the authority declared in the register,False,2024-10-24,2025-05-15
D-002616,M-00856,Huntingdonshire District Council,Huntingdonshire District Council,Huntingdon North,Mayor,Planning,Directorship,Directorship declared in the register,False,2024-12-09,2025-02-25
D-002617,M-00856,Huntingdonshire District Council,Huntingdonshire District Council,Huntingdon North,Mayor,Employment,Land and property in the area,Land and property in the area declared in the register,False,2023-07-30,2023-08-22
D-002618,M-00856,Huntingdonshire District Council,Huntingdonshire District Council,Huntingdon North,Mayor,Licensing,Contracts with the authority,Contracts with the authority declared in the register,False,2024-11-05,2025-04-28
D-002619,M-00857,Ramsey Town Council,Huntingdonshire District Council,Alconbury,Councillor,Corporate Governance,Licences to occupy land,Licences to occupy land declared in the register,False,2024-11-01,2025-01-28
D-002620,M-00858,South Cambridgeshire District Council,South Cambridgeshire District Council,Ramsey,Chair,Health and Wellbeing,Membership of a political party,Membership of a political party declared in the register,False,2025-06-20,2026-07-20
D-002621,M-00858,South Cambridgeshire District Council,South Cambridgeshire District Council,Ramsey,Chair,(none),Sensitive interest (withheld under s.32),,True,2023-06-19,2023-07-02
D-002622,M-00858,South Cambridgeshire District Council,South Cambridgeshire District Council,Ramsey,Chair,(none),Land and property in the area,Land and property in the area declared in the register,False,2025-04-30,2025-12-26
D-002623,M-00859,Ramsey Town Council,Huntingdonshire District Council,St Ives West,Councillor,Health and Wellbeing,Trade union membership,Trade union membership declared in the register,False,2025-08-03,2026-04-23
D-002624,M-00859,Ramsey Town Council,Huntingdonshire District Council,St Ives West,Councillor,Overview and Scrutiny,Trade union membership,Trade union membership declared in the register,False,2023-11-17,2023-11-30
D-002625,M-00860,Huntingdonshire District Council,Huntingdonshire District Council,Huntingdon East,Committee Member,Employment,Trade union membership,Trade union membership declared in the register,False,2023-12-18,2024-11-12
D-002626,M-00860,Huntingdonshire District Council,Huntingdonshire District Council,Huntingdon East,Committee Member,Planning,Membership of a political party,Membership of a political party declared in the register,False,2024-08-29,2025-02-14
D-002627,M-00860,Huntingdonshire District Council,Huntingdonshire District Council,Huntingdon East,Committee Member,Audit and Governance,Membership of a charity or voluntary body,Membership of a charity or voluntary body declared in the register,False,2024-01-13,2024-09-10
D-002628,M-00861,Cambridgeshire County Council,Cambridgeshire County Council,Hemingfords,Councillor,Employment,Trade union membership,Trade union membership declared in the register,False,2025-04-19,2025-07-05
D-002629,M-00862,Huntingdonshire District Council,Huntingdonshire District Council,St Ives South,Councillor,Health and Wellbeing,"Employment, office, trade or profession",Employment declared in the register,False,2024-11-01,2025-09-16
D-002630,M-00862,Huntingdonshire District Council,Huntingdonshire District Council,St Ives South,Councillor,Audit and Governance,Contracts with the authority,Contracts with the authority declared in the register,False,2024-11-05,2025-04-12
D-002631,M-00862,Huntingdonshire District Council,Huntingdonshire District Council,St Ives South,Councillor,Licensing,Directorship,Directorship declared in the register,False,2024-05-11,2024-08-12
D-002632,M-00862,Huntingdonshire District Council,Huntingdonshire District Council,St Ives South,Councillor,Employment,Trade union membership,Trade union membership declared in the register,False,2024-04-12,2025-05-04
D-002633,M-00862,Huntingdonshire District Council,Huntingdonshire District Council,St Ives South,Councillor,Planning,Licences to occupy land,Licences to occupy land declared in the register,False,2024-10-07,2025-03-17
D-002634,M-00863,Huntingdonshire District Council,Huntingdonshire District Council,Fenstanton,Councillor,(none),Licences to occupy land,Licences to occupy land declared in the register,False,2023-10-12,2024-01-02
D-002635,M-00864,Cambridgeshire County Council,Cambridgeshire County Council,Little Paxton,Chair,Licensing,Membership of a political party,Membership of a political party declared in the register,False,2024-08-29,2025-04-20
D-002636,M-00864,Cambridgeshire County Council,Cambridgeshire County Council,Little Paxton,Chair,Finance,Sensitive interest (withheld under s.32),,True,2024-05-15,2025-03-01
D-002637,M-00865,St Ives Town Council,Huntingdonshire District Council,Yaxley,Cabinet Member,Corporate Governance,Contracts with the authority,Contracts with the authority declared in the register,False,2024-03-17,2024-08-29
D-002638,M-00865,St Ives Town Council,Huntingdonshire District Council,Yaxley,Cabinet Member,Corporate Governance,Membership of a charity or voluntary body,Membership of a charity or voluntary body declared in the register,False,2023-06-11,2024-04-24
D-002639,M-00865,St Ives Town Council,Huntingdonshire District Council,Yaxley,Cabinet Member,Standards,Trade union membership,Trade union membership declared in the register,False,2024-01-31,2024-05-16
D-002640,M-00866,Cambridgeshire County Council,Cambridgeshire County Council,Brampton,Councillor,Overview and Scrutiny,Membership of a body exercising public functions,Membership of a body exercising public functions declared in the register,False,2024-06-29,2025-07-07
D-002641,M-00866,Cambridgeshire County Council,Cambridgeshire County Council,Brampton,Councillor,(none),Sensitive interest (withheld under s.32),,True,2023-07-18,2024-03-25
D-002642,M-00867,St Ives Town Council,Huntingdonshire District Council,Huntingdon West,Cabinet Member,Environment,Trade union membership,Trade union membership declared in the register,False,2024-05-24,2025-06-06
D-002643,M-00867,St Ives Town Council,Huntingdonshire District Council,Huntingdon West,Cabinet Member,(none),Membership of a political party,Membership of a political party declared in the register,False,2024-03-28,2025-01-12
D-002644,M-00867,St Ives Town Council,Huntingdonshire District Council,Huntingdon West,Cabinet Member,Overview and Scrutiny,Sponsorship,Sponsorship declared in the register,False,2023-06-02,2023-07-18
D-002645,M-00867,St Ives Town Council,Huntingdonshire District Council,Huntingdon West,Cabinet Member,Licensing,"Employment, office, trade or profession",Employment declared in the register,False,2025-07-03,2025-07-03
D-002646,M-00867,St Ives Town Council,Huntingdonshire District Council,Huntingdon West,Cabinet Member,Employment,Directorship,Directorship declared in the register,False,2025-07-26,2026-01-12
D-002647,M-00868,Cambridgeshire County Council,Cambridgeshire County Council,St Neots East,Councillor,Employment,Sensitive interest (withheld under s.32),,True,2024-12-25,2025-05-17
D-002648,M-00868,Cambridgeshire County Council,Cambridgeshire County Council,St Neots East,Councillor,Audit and Governance,Directorship,Directorship declared in the register,False,2025-06-20,2025-10-23
D-002649,M-00868,Cambridgeshire County Council,Cambridgeshire County Council,St Neots East,Councillor,Licensing,Licences to occupy land,Licences to occupy land declared in the register,False,2025-09-08,2026-04-27
D-002650,M-00868,Cambridgeshire County Council,Cambridgeshire County Council,St Neots East,Councillor,Standards,Membership of a body exercising public functions,Membership of a body exercising public functions declared in the register,False,2025-07-02,2025-12-26
D-002651,M-00868,Cambridgeshire County Council,Cambridgeshire County Council,St Neots East,Councillor,Environment,Corporate tenancies,Corporate tenancies declared in the register,False,2024-03-11,2025-03-01
D-002652,M-00869,South Cambridgeshire District Council,South Cambridgeshire District Council,Warboys,Councillor,Corporate Governance,Contracts with the authority,Contracts with the authority declared in the register,False,2025-02-07,2025-10-12
D-002653,M-00869,South Cambridgeshire District Council,South Cambridgeshire District Council,Warboys,Councillor,Environment,Corporate tenancies,Corporate tenancies declared in the register,False,2023-05-09,2023-07-10
D-002654,M-00870,Huntingdonshire District Council,Huntingdonshire District Council,St Ives West,Councillor,Health and Wellbeing,Trade union membership,Trade union membership declared in the register,False,2023-10-11,2024-11-03
D-002655,M-00870,Huntingdonshire District Council,Huntingdonshire District Council,St Ives West,Councillor,Environment,Corporate tenancies,Corporate tenancies declared in the register,False,2024-10-23,2025-07-22
D-002656,M-00870,Huntingdonshire District Council,Huntingdonshire District Council,St Ives West,Councillor,Audit and Governance,Sensitive interest (withheld under s.32),,True,2024-12-02,2024-12-03
D-002657,M-00871,Cambridgeshire County Council,Cambridgeshire County Council,Yaxley,Councillor,Environment,Contracts with the authority,Contracts with the authority declared in the register,False,2025-07-06,2025-07-14
D-002658,M-00871,Cambridgeshire County Council,Cambridgeshire County Council,Yaxley,Councillor,Finance,Licences to occupy land,Licences to occupy land declared in the register,False,2024-07-06,2025-05-14
D-002659,M-00871,Cambridgeshire County Council,Cambridgeshire County Council,Yaxley,Councillor,Standards,Securities,Securities declared in the register,False,2023-12-29,2024-02-10
D-002660,M-00871,Cambridgeshire County Council,Cambridgeshire County Council,Yaxley,Councillor,(none),Membership of a political party,Membership of a political party declared in the register,False,2023-10-02,2024-08-17
D-002661,M-00871,Cambridgeshire County Council,Cambridgeshire County Council,Yaxley,Councillor,(none),Membership of a body exercising public functions,Membership of a body exercising public functions declared in the register,False,2024-10-22,2025-04-13
D-002662,M-00872,Cambridgeshire County Council,Cambridgeshire County Council,Somersham,Cabinet Member,Corporate Governance,Directorship,Directorship declared in the register,False,2025-07-13,2025-12-15
D-002663,M-00872,Cambridgeshire County Council,Cambridgeshire County Council,Somersham,Cabinet Member,Overview and Scrutiny,Membership of a political party,Membership of a political party declared in the register,False,2023-07-07,2024-08-02
D-002664,M-00872,Cambridgeshire County Council,Cambridgeshire County Council,Somersham,Cabinet Member,Standards,Directorship,Directorship declared in the register,False,2023-12-16,2024-09-30
D-002665,M-00872,Cambridgeshire County Council,Cambridgeshire County Council,Somersham,Cabinet Member,Environment,Membership of a body exercising public functions,Membership of a body exercising public functions declared in the register,False,2023-08-29,2023-09-29
D-002666,M-00872,Cambridgeshire County Council,Cambridgeshire County Council,Somersham,Cabinet Member,Environment,Membership of a political party,Membership of a political party declared in the register,False,2023-11-20,2024-06-13
D-002667,M-00873,Huntingdonshire District Council,Huntingdonshire District Council,Alconbury,Councillor,Standards,Membership of a body exercising public functions,Membership of a body exercising public functions declared in the register,False,2024-03-13,2025-01-14
D-002668,M-00873,Huntingdonshire District Council,Huntingdonshire District Council,Alconbury,Councillor,Environment,Securities,Securities declared in the register,False,2024-07-04,2024-10-25
D-002669,M-00873,Huntingdonshire District Council,Huntingdonshire District Council,Alconbury,Councillor,Audit and Governance,Licences to occupy land,Licences to occupy land declared in the register,False,2024-04-14,2024-06-01
D-002670,M-00874,St Ives Town Council,Huntingdonshire District Council,Buckden,Councillor,Licensing,Membership of a charity or voluntary body,Membership of a charity or voluntary body declared in the register,False,2023-11-24,2023-12-20
D-002671,M-00874,St Ives Town Council,Huntingdonshire District Council,Buckden,Councillor,Licensing,Securities,Securities declared in the register,False,2025-05-29,2025-07-08
D-002672,M-00874,St Ives Town Council,Huntingdonshire District Council,Buckden,Councillor,Audit and Governance,Land and property in the area,Land and property in the area declared in the register,False,2024-02-22,2024-06-22
D-002673,M-00874,St Ives Town Council,Huntingdonshire District Council,Buckden,Councillor,(none),Securities,Securities declared in the register,False,2024-02-21,2024-05-24
D-002674,M-00875,Huntingdon Town Council,Huntingdonshire District Council,St Ives East,Councillor,Overview and Scrutiny,Trade union membership,Trade union membership declared in the register,False,2023-07-30,2024-04-06
D-002675,M-00875,Huntingdon Town Council,Huntingdonshire District Council,St Ives East,Councillor,Audit and Governance,Contracts with the authority,Contracts with the authority declared in the register,False,2023-10-24,2024-03-13
D-002676,M-00876,Ramsey Town Council,Huntingdonshire District Council,Little Paxton,Councillor,Environment,Securities,Securities declared in the register,False,2024-06-29,2025-06-10
D-002677,M-00876,Ramsey Town Council,Huntingdonshire District Council,Little Paxton,Councillor,Health and Wellbeing,"Employment, office, trade or profession",Employment declared in the register,False,2024-01-27,2024-04-21
D-002678,M-00876,Ramsey Town Council,Huntingdonshire District Council,Little Paxton,Councillor,Employment,"Employment, office, trade or profession",Employment declared in the register,False,2023-09-26,2024-06-06
D-002679,M-00877,South Cambridgeshire District Council,South Cambridgeshire District Council,Fenstanton,Councillor,Environment,Licences to occupy land,Licences to occupy land declared in the register,False,2023-09-12,2023-11-17
D-002680,M-00877,South Cambridgeshire District Council,South Cambridgeshire District Council,Fenstanton,Councillor,Standards,Land and property in the area,Land and property in the area declared in the register,False,2025-01-16,2025-03-23
D-002681,M-00877,South Cambridgeshire District Council,South Cambridgeshire District Council,Fenstanton,Councillor,Employment,Membership of a body exercising public functions,Membership of a body exercising public functions declared in the register,False,2025-01-06,2025-09-08
D-002682,M-00877,South Cambridgeshire District Council,South Cambridgeshire District Council,Fenstanton,Councillor,(none),Contracts with the authority,Contracts with the authority declared in the register,False,2024-03-27,2025-03-18
D-002683,M-00878,Cambridgeshire County Council,Cambridgeshire County Council,Brampton,Councillor,Planning,"Employment, office, trade or profession",Employment declared in the register,False,2023-08-12,2024-05-19
D-002684,M-00878,Cambridgeshire County Council,Cambridgeshire County Council,Brampton,Councillor,Corporate Governance,Sponsorship,Sponsorship declared in the register,False,2024-05-07,2025-05-10
D-002685,M-00878,Cambridgeshire County Council,Cambridgeshire County Council,Brampton,Councillor,Environment,Land and property in the area,Land and property in the area declared in the register,False,2025-05-28,2026-02-21
D-002686,M-00879,Huntingdon Town Council,Huntingdonshire District Council,Fenstanton,Vice-Chair,Planning,Membership of a political party,Membership of a political party declared in the register,False,2025-08-16,2025-12-05
D-002687,M-00879,Huntingdon Town Council,Huntingdonshire District Council,Fenstanton,Vice-Chair,(none),Trade union membership,Trade union membership declared in the register,False,2025-06-11,2026-05-12
D-002688,M-00879,Huntingdon Town Council,Huntingdonshire District Council,Fenstanton,Vice-Chair,Audit and Governance,Land and property in the area,Land and property in the area declared in the register,False,2024-12-20,2025-02-04
D-002689,M-00880,South Cambridgeshire District Council,South Cambridgeshire District Council,Hemingfords,Councillor,Employment,"Employment, office, trade or profession",Employment declared in the register,False,2024-02-05,2024-03-21
D-002690,M-00880,South Cambridgeshire District Council,South Cambridgeshire District Council,Hemingfords,Councillor,Environment,Licences to occupy land,Licences to occupy land declared in the register,False,2024-02-06,2024-07-19
D-002691,M-00880,South Cambridgeshire District Council,South Cambridgeshire District Council,Hemingfords,Councillor,Environment,Membership of a political party,Membership of a political party declared in the register,False,2025-01-10,2026-01-20
D-002692,M-00881,St Ives Town Council,Huntingdonshire District Council,Brampton,Councillor,Audit and Governance,"Employment, office, trade or profession",Employment declared in the register,False,2025-07-18,2025-09-05
D-002693,M-00881,St Ives Town Council,Huntingdonshire District Council,Brampton,Councillor,Audit and Governance,"Employment, office, trade or profession",Employment declared in the register,False,2024-07-21,2024-09-27
D-002694,M-00882,Cambridgeshire County Council,Cambridgeshire County Council,St Neots Eynesbury,Councillor,Corporate Governance,Sensitive interest (withheld under s.32),,True,2023-11-01,2024-01-20
D-002695,M-00882,Cambridgeshire County Council,Cambridgeshire County Council,St Neots Eynesbury,Councillor,Overview and Scrutiny,Membership of a political party,Membership of a political party declared in the register,False,2023-06-03,2023-08-26
D-002696,M-00883,Ramsey Town Council,Huntingdonshire District Council,Buckden,Chair,Licensing,Securities,Securities declared in the register,False,2023-05-10,2023-07-23
D-002697,M-00884,Huntingdonshire District Council,Huntingdonshire District Council,Warboys,Chair,Corporate Governance,Trade union membership,Trade union membership declared in the register,False,2025-06-05,2025-10-23
D-002698,M-00884,Huntingdonshire District Council,Huntingdonshire District Council,Warboys,Chair,Environment,Membership of a body exercising public functions,Membership of a body exercising public functions declared in the register,False,2024-09-24,2025-10-21
D-002699,M-00885,Cambridgeshire County Council,Cambridgeshire County Council,Ramsey,Councillor,Standards,Membership of a charity or voluntary body,Membership of a charity or voluntary body declared in the register,False,2025-07-31,2025-11-13
D-002700,M-00886,Huntingdonshire District Council,Huntingdonshire District Council,St Neots East,Councillor,Audit and Governance,Contracts with the authority,Contracts with the authority declared in the register,False,2023-09-11,2023-12-03
D-002701,M-00886,Huntingdonshire District Council,Huntingdonshire District Council,St Neots East,Councillor,Standards,Trade union membership,Trade union membership declared in the register,False,2025-02-11,2025-09-26
D-002702,M-00886,Huntingdonshire District Council,Huntingdonshire District Council,St Neots East,Councillor,Finance,"Employment, office, trade or profession",Employment declared in the register,False,2025-05-06,2025-06-06
D-002703,M-00886,Huntingdonshire District Council,Huntingdonshire District Council,St Neots East,Councillor,Employment,Sensitive interest (withheld under s.32),,True,2025-08-21,2026-02-08
D-002704,M-00886,Huntingdonshire District Council,Huntingdonshire District Council,St Neots East,Councillor,Finance,Membership of a body exercising public functions,Membership of a body exercising public functions declared in the register,False,2024-04-14,2024-06-13
D-002705,M-00887,Huntingdonshire District Council,Huntingdonshire District Council,Godmanchester,Committee Member,Corporate Governance,Securities,Securities declared in the register,False,2023-07-19,2023-11-21
D-002706,M-00887,Huntingdonshire District Council,Huntingdonshire District Council,Godmanchester,Committee Member,Planning,Membership of a political party,Membership of a political party declared in the register,False,2023-06-01,2024-04-09
D-002707,M-00887,Huntingdonshire District Council,Huntingdonshire District Council,Godmanchester,Committee Member,Environment,Membership of a body exercising public functions,Membership of a body exercising public functions declared in the register,False,2024-01-09,2024-10-16
D-002708,M-00887,Huntingdonshire District Council,Huntingdonshire District Council,Godmanchester,Committee Member,Planning,Securities,Securities declared in the register,False,2024-07-22,2024-11-26
D-002709,M-00887,Huntingdonshire District Council,Huntingdonshire District Council,Godmanchester,Committee Member,Environment,"Employment, office, trade or profession",Employment declared in the register,False,2024-11-12,2025-05-16
D-002710,M-00888,Huntingdon Town Council,Huntingdonshire District Council,Sawtry,Councillor,Employment,"Employment, office, trade or profession",Employment declared in the register,False,2023-10-17,2024-10-04
D-002711,M-00889,Ramsey Town Council,Huntingdonshire District Council,St Ives West,Councillor,Licensing,Contracts with the authority,Contracts with the authority declared in the register,False,2023-05-30,2023-10-11
D-002712,M-00890,Huntingdon Town Council,Huntingdonshire District Council,Ramsey,Councillor,Overview and Scrutiny,Corporate tenancies,Corporate tenancies declared in the register,False,2025-04-24,2025-09-09
D-002713,M-00890,Huntingdon Town Council,Huntingdonshire District Council,Ramsey,Councillor,Standards,Licences to occupy land,Licences to occupy land declared in the register,False,2025-07-02,2026-03-31
D-002714,M-00890,Huntingdon Town Council,Huntingdonshire District Council,Ramsey,Councillor,(none),"Employment, office, trade or profession",Employment declared in the register,False,2024-02-07,2024-09-03
D-002715,M-00891,South Cambridgeshire District Council,South Cambridgeshire District Council,Warboys,Councillor,Standards,Securities,Securities declared in the register,False,2023-10-20,2023-12-07
D-002716,M-00891,South Cambridgeshire District Council,South Cambridgeshire District Council,Warboys,Councillor,Standards,Contracts with the authority,Contracts with the authority declared in the register,False,2023-10-24,2024-02-14
D-002717,M-00892,Cambridgeshire County Council,Cambridgeshire County Council,Godmanchester,Committee Member,Finance,Corporate tenancies,Corporate tenancies declared in the register,False,2023-08-29,2024-06-02
D-002718,M-00892,Cambridgeshire County Council,Cambridgeshire County Council,Godmanchester,Committee Member,Finance,Membership of a charity or voluntary body,Membership of a charity or voluntary body declared in the register,False,2024-07-26,2025-04-14
D-002719,M-00892,Cambridgeshire County Council,Cambridgeshire County Council,Godmanchester,Committee Member,Planning,Contracts with the authority,Contracts with the authority declared in the register,False,2024-08-23,2025-02-01
D-002720,M-00892,Cambridgeshire County Council,Cambridgeshire County Council,Godmanchester,Committee Member,Finance,Membership of a charity or voluntary body,Membership of a charity or voluntary body declared in the register,False,2024-10-07,2025-05-08
D-002721,M-00892,Cambridgeshire County Council,Cambridgeshire County Council,Godmanchester,Committee Member,Planning,Securities,Securities declared in the register,False,2024-02-27,2024-09-07
D-002722,M-00893,Huntingdonshire District Council,Huntingdonshire District Council,Sawtry,Vice-Chair,Audit and Governance,Sponsorship,Sponsorship declared in the register,False,2024-10-14,2025-11-06
D-002723,M-00893,Huntingdonshire District Council,Huntingdonshire District Council,Sawtry,Vice-Chair,(none),Sensitive interest (withheld under s.32),,True,2023-07-20,2024-03-03
D-002724,M-00893,Huntingdonshire District Council,Huntingdonshire District Council,Sawtry,Vice-Chair,Overview and Scrutiny,Sensitive interest (withheld under s.32),,True,2025-05-08,2025-11-18
D-002725,M-00893,Huntingdonshire District Council,Huntingdonshire District Council,Sawtry,Vice-Chair,Standards,Land and property in the area,Land and property in the area declared in the register,False,2023-11-02,2024-05-01
D-002726,M-00893,Huntingdonshire District Council,Huntingdonshire District Council,Sawtry,Vice-Chair,Finance,Contracts with the authority,Contracts with the authority declared in the register,False,2024-03-20,2024-07-11
D-002727,M-00894,Ramsey Town Council,Huntingdonshire District Council,St Ives West,Chair,(none),Directorship,Directorship declared in the register,False,2024-11-30,2025-06-27
D-002728,M-00895,Cambridgeshire County Council,Cambridgeshire County Council,Alconbury,Councillor,Audit and Governance,Membership of a political party,Membership of a political party declared in the register,False,2023-12-08,2024-04-23
D-002729,M-00896,Ramsey Town Council,Huntingdonshire District Council,St Neots Eynesbury,Councillor,Employment,Sponsorship,Sponsorship declared in the register,False,2025-09-19,2026-07-26
D-002730,M-00896,Ramsey Town Council,Huntingdonshire District Council,St Neots Eynesbury,Councillor,(none),Contracts with the authority,Contracts with the authority declared in the register,False,2025-03-07,2025-07-01
D-002731,M-00896,Ramsey Town Council,Huntingdonshire District Council,St Neots Eynesbury,Councillor,(none),Sensitive interest (withheld under s.32),,True,2024-05-17,2024-06-02
D-002732,M-00896,Ramsey Town Council,Huntingdonshire District Council,St Neots Eynesbury,Councillor,Audit and Governance,Directorship,Directorship declared in the register,False,2023-12-06,2024-06-27
D-002733,M-00897,St Ives Town Council,Huntingdonshire District Council,Fenstanton,Councillor,Environment,"Employment, office, trade or profession",Employment declared in the register,False,2023-05-05,2024-02-05
D-002734,M-00897,St Ives Town Council,Huntingdonshire District Council,Fenstanton,Councillor,Health and Wellbeing,"Employment, office, trade or profession",Employment declared in the register,False,2025-10-05,2025-11-15
D-002735,M-00898,Huntingdonshire District Council,Huntingdonshire District Council,Huntingdon West,Councillor,Overview and Scrutiny,Trade union membership,Trade union membership declared in the register,False,2025-03-23,2025-06-19
D-002736,M-00898,Huntingdonshire District Council,Huntingdonshire District Council,Huntingdon West,Councillor,Employment,Membership of a charity or voluntary body,Membership of a charity or voluntary body declared in the register,False,2025-09-26,2026-05-31
D-002737,M-00898,Huntingdonshire District Council,Huntingdonshire District Council,Huntingdon West,Councillor,Planning,Trade union membership,Trade union membership declared in the register,False,2024-06-22,2025-03-31
D-002738,M-00898,Huntingdonshire District Council,Huntingdonshire District Council,Huntingdon West,Councillor,Environment,Membership of a political party,Membership of a political party declared in the register,False,2024-04-18,2024-12-27
D-002739,M-00898,Huntingdonshire District Council,Huntingdonshire District Council,Huntingdon West,Councillor,Licensing,Sponsorship,Sponsorship declared in the register,False,2024-01-22,2024-04-10
D-002740,M-00899,St Ives Town Council,Huntingdonshire District Council,Ramsey,Councillor,Health and Wellbeing,Membership of a charity or voluntary body,Membership of a charity or voluntary body declared in the register,False,2023-09-22,2024-05-08
D-002741,M-00899,St Ives Town Council,Huntingdonshire District Council,Ramsey,Councillor,Environment,Membership of a political party,Membership of a political party declared in the register,False,2024-06-30,2025-02-27
D-002742,M-00900,Cambridgeshire County Council,Cambridgeshire County Council,Godmanchester,Cabinet Member,Licensing,Securities,Securities declared in the register,False,2023-05-02,2024-03-20
D-002743,M-00901,Huntingdon Town Council,Huntingdonshire District Council,Hemingfords,Chair,Overview and Scrutiny,Securities,Securities declared in the register,False,2024-07-26,2024-09-11
D-002744,M-00901,Huntingdon Town Council,Huntingdonshire District Council,Hemingfords,Chair,Audit and Governance,Securities,Securities declared in the register,False,2024-03-08,2024-10-03
D-002745,M-00901,Huntingdon Town Council,Huntingdonshire District Council,Hemingfords,Chair,Standards,Membership of a body exercising public functions,Membership of a body exercising public functions declared in the register,False,2023-08-01,2024-07-30
D-002746,M-00902,St Ives Town Council,Huntingdonshire District Council,Godmanchester,Committee Member,Environment,Securities,Securities declared in the register,False,2024-10-18,2025-01-30
D-002747,M-00903,Cambridgeshire County Council,Cambridgeshire County Council,Buckden,Committee Member,Overview and Scrutiny,Membership of a political party,Membership of a political party declared in the register,False,2025-06-14,2026-02-06
D-002748,M-00903,Cambridgeshire County Council,Cambridgeshire County Council,Buckden,Committee Member,Employment,Membership of a body exercising public functions,Membership of a body exercising public functions declared in the register,False,2024-10-08,2025-09-03
D-002749,M-00904,St Ives Town Council,Huntingdonshire District Council,Huntingdon West,Committee Member,Finance,Contracts with the authority,Contracts with the authority declared in the register,False,2025-03-30,2025-12-15
D-002750,M-00904,St Ives Town Council,Huntingdonshire District Council,Huntingdon West,Committee Member,Overview and Scrutiny,Corporate tenancies,Corporate tenancies declared in the register,False,2025-07-22,2026-03-26
D-002751,M-00905,St Ives Town Council,Huntingdonshire District Council,Buckden,Committee Member,Corporate Governance,Corporate tenancies,Corporate tenancies declared in the register,False,2025-09-09,2026-02-18
D-002752,M-00905,St Ives Town Council,Huntingdonshire District Council,Buckden,Committee Member,Environment,Membership of a charity or voluntary body,Membership of a charity or voluntary body declared in the register,False,2025-09-06,2025-10-31
D-002753,M-00905,St Ives Town Council,Huntingdonshire District Council,Buckden,Committee Member,(none),Membership of a body exercising public functions,Membership of a body exercising public functions declared in the register,False,2025-06-03,2025-10-06
D-002754,M-00905,St Ives Town Council,Huntingdonshire District Council,Buckden,Committee Member,(none),Membership of a political party,Membership of a political party declared in the register,False,2023-08-01,2024-01-12
D-002755,M-00905,St Ives Town Council,Huntingdonshire District Council,Buckden,Committee Member,Audit and Governance,Corporate tenancies,Corporate tenancies declared in the register,False,2023-12-27,2024-05-15
D-002756,M-00906,Cambridgeshire County Council,Cambridgeshire County Council,Godmanchester,Vice-Chair,Planning,Land and property in the area,Land and property in the area declared in the register,False,2023-07-21,2023-07-26
D-002757,M-00906,Cambridgeshire County Council,Cambridgeshire County Council,Godmanchester,Vice-Chair,Overview and Scrutiny,Membership of a body exercising public functions,Membership of a body exercising public functions declared in the register,False,2025-02-01,2025-07-26
D-002758,M-00907,Ramsey Town Council,Huntingdonshire District Council,Huntingdon West,Councillor,Planning,Securities,Securities declared in the register,False,2025-01-19,2025-01-30
D-002759,M-00907,Ramsey Town Council,Huntingdonshire District Council,Huntingdon West,Councillor,Environment,Securities,Securities declared in the register,False,2025-06-19,2025-10-22
D-002760,M-00908,South Cambridgeshire District Council,South Cambridgeshire District Council,Huntingdon West,Vice-Chair,Planning,Licences to occupy land,Licences to occupy land declared in the register,False,2024-05-12,2024-10-17
D-002761,M-00908,South Cambridgeshire District Council,South Cambridgeshire District Council,Huntingdon West,Vice-Chair,Corporate Governance,Land and property in the area,Land and property in the area declared in the register,False,2023-05-07,2023-06-30
D-002762,M-00908,South Cambridgeshire District Council,South Cambridgeshire District Council,Huntingdon West,Vice-Chair,Planning,Sensitive interest (withheld under s.32),,True,2024-04-25,2024-09-17
D-002763,M-00908,South Cambridgeshire District Council,South Cambridgeshire District Council,Huntingdon West,Vice-Chair,(none),Directorship,Directorship declared in the register,False,2023-05-07,2023-08-17
D-002764,M-00908,South Cambridgeshire District Council,South Cambridgeshire District Council,Huntingdon West,Vice-Chair,Planning,Membership of a body exercising public functions,Membership of a body exercising public functions declared in the register,False,2024-09-04,2025-08-01
D-002765,M-00909,St Ives Town Council,Huntingdonshire District Council,St Ives South,Chair,Audit and Governance,Licences to occupy land,Licences to occupy land declared in the register,False,2025-04-04,2026-04-16
D-002766,M-00910,Huntingdon Town Council,Huntingdonshire District Council,St Ives East,Councillor,Overview and Scrutiny,Corporate tenancies,Corporate tenancies declared in the register,False,2025-03-28,2025-04-18
D-002767,M-00910,Huntingdon Town Council,Huntingdonshire District Council,St Ives East,Councillor,Environment,Membership of a political party,Membership of a political party declared in the register,False,2023-05-18,2023-05-21
D-002768,M-00911,Huntingdon Town Council,Huntingdonshire District Council,Alconbury,Cabinet Member,Standards,Directorship,Directorship declared in the register,False,2024-03-16,2025-01-23
D-002769,M-00911,Huntingdon Town Council,Huntingdonshire District Council,Alconbury,Cabinet Member,Health and Wellbeing,Trade union membership,Trade union membership declared in the register,False,2023-07-19,2024-06-08
D-002770,M-00911,Huntingdon Town Council,Huntingdonshire District Council,Alconbury,Cabinet Member,Audit and Governance,Directorship,Directorship declared in the register,False,2025-03-13,2025-09-11
D-002771,M-00911,Huntingdon Town Council,Huntingdonshire District Council,Alconbury,Cabinet Member,(none),Land and property in the area,Land and property in the area declared in the register,False,2025-05-29,2025-08-18
D-002772,M-00912,Huntingdon Town Council,Huntingdonshire District Council,Godmanchester,Vice-Chair,Standards,Securities,Securities declared in the register,False,2024-04-25,2025-02-20
D-002773,M-00912,Huntingdon Town Council,Huntingdonshire District Council,Godmanchester,Vice-Chair,Licensing,Corporate tenancies,Corporate tenancies declared in the register,False,2024-03-18,2025-02-07
D-002774,M-00912,Huntingdon Town Council,Huntingdonshire District Council,Godmanchester,Vice-Chair,Standards,Directorship,Directorship declared in the register,False,2025-03-03,2026-04-05
D-002775,M-00913,St Ives Town Council,Huntingdonshire District Council,Alconbury,Cabinet Member,Overview and Scrutiny,Sponsorship,Sponsorship declared in the register,False,2023-11-19,2024-11-03
D-002776,M-00913,St Ives Town Council,Huntingdonshire District Council,Alconbury,Cabinet Member,Licensing,Sponsorship,Sponsorship declared in the register,False,2024-01-03,2024-07-11
D-002777,M-00914,South Cambridgeshire District Council,South Cambridgeshire District Council,Warboys,Vice-Chair,Licensing,Trade union membership,Trade union membership declared in the register,False,2023-09-12,2024-01-28
D-002778,M-00914,South Cambridgeshire District Council,South Cambridgeshire District Council,Warboys,Vice-Chair,Overview and Scrutiny,Corporate tenancies,Corporate tenancies declared in the register,False,2023-09-18,2024-08-03
D-002779,M-00914,South Cambridgeshire District Council,South Cambridgeshire District Council,Warboys,Vice-Chair,Employment,Licences to occupy land,Licences to occupy land declared in the register,False,2024-07-21,2025-04-16
D-002780,M-00915,South Cambridgeshire District Council,South Cambridgeshire District Council,St Ives West,Councillor,Corporate Governance,Membership of a political party,Membership of a political party declared in the register,False,2023-11-19,2024-03-04
D-002781,M-00915,South Cambridgeshire District Council,South Cambridgeshire District Council,St Ives West,Councillor,(none),Land and property in the area,Land and property in the area declared in the register,False,2024-06-20,2025-04-17
D-002782,M-00915,South Cambridgeshire District Council,South Cambridgeshire District Council,St Ives West,Councillor,Environment,Contracts with the authority,Contracts with the authority declared in the register,False,2023-12-20,2024-07-16
D-002783,M-00915,South Cambridgeshire District Council,South Cambridgeshire District Council,St Ives West,Councillor,Overview and Scrutiny,Sponsorship,Sponsorship declared in the register,False,2023-05-05,2023-10-13
D-002784,M-00916,Ramsey Town Council,Huntingdonshire District Council,Alconbury,Chair,Finance,Membership of a political party,Membership of a political party declared in the register,False,2023-09-23,2024-04-20
D-002785,M-00916,Ramsey Town Council,Huntingdonshire District Council,Alconbury,Chair,Employment,Land and property in the area,Land and property in the area declared in the register,False,2024-02-14,2024-05-08
D-002786,M-00916,Ramsey Town Council,Huntingdonshire District Council,Alconbury,Chair,(none),Licences to occupy land,Licences to occupy land declared in the register,False,2024-05-28,2024-09-08
D-002787,M-00916,Ramsey Town Council,Huntingdonshire District Council,Alconbury,Chair,Finance,Securities,Securities declared in the register,False,2025-07-09,2025-08-09
D-002788,M-00917,Cambridgeshire County Council,Cambridgeshire County Council,Somersham,Councillor,Corporate Governance,Membership of a political party,Membership of a political party declared in the register,False,2024-02-07,2024-07-27
D-002789,M-00917,Cambridgeshire County Council,Cambridgeshire County Council,Somersham,Councillor,Standards,Membership of a charity or voluntary body,Membership of a charity or voluntary body declared in the register,False,2025-07-29,2026-04-28
D-002790,M-00917,Cambridgeshire County Council,Cambridgeshire County Council,Somersham,Councillor,Health and Wellbeing,Land and property in the area,Land and property in the area declared in the register,False,2025-09-05,2026-07-27
D-002791,M-00917,Cambridgeshire County Council,Cambridgeshire County Council,Somersham,Councillor,Planning,Securities,Securities declared in the register,False,2025-06-08,2026-06-05
D-002792,M-00917,Cambridgeshire County Council,Cambridgeshire County Council,Somersham,Councillor,Planning,Sponsorship,Sponsorship declared in the register,False,2024-07-14,2024-12-26
D-002793,M-00918,Ramsey Town Council,Huntingdonshire District Council,Yaxley,Committee Member,Environment,Securities,Securities declared in the register,False,2025-02-04,2025-08-21
D-002794,M-00918,Ramsey Town Council,Huntingdonshire District Council,Yaxley,Committee Member,Standards,Trade union membership,Trade union membership declared in the register,False,2024-11-28,2025-03-25
D-002795,M-00918,Ramsey Town Council,Huntingdonshire District Council,Yaxley,Committee Member,Employment,Securities,Securities declared in the register,False,2024-12-29,2025-05-08
D-002796,M-00918,Ramsey Town Council,Huntingdonshire District Council,Yaxley,Committee Member,Planning,Sponsorship,Sponsorship declared in the register,False,2024-12-11,2025-12-28
D-002797,M-00918,Ramsey Town Council,Huntingdonshire District Council,Yaxley,Committee Member,Audit and Governance,Trade union membership,Trade union membership declared in the register,False,2025-10-14,2026-10-17
D-002798,M-00919,Cambridgeshire County Council,Cambridgeshire County Council,Sawtry,Councillor,Finance,Directorship,Directorship declared in the register,False,2025-05-25,2025-11-03
D-002799,M-00919,Cambridgeshire County Council,Cambridgeshire County Council,Sawtry,Councillor,Environment,"Employment, office, trade or profession",Employment declared in the register,False,2024-08-19,2024-09-30
D-002800,M-00920,Cambridgeshire County Council,Cambridgeshire County Council,Warboys,Councillor,(none),Sensitive interest (withheld under s.32),,True,2025-06-11,2025-07-26
D-002801,M-00920,Cambridgeshire County Council,Cambridgeshire County Council,Warboys,Councillor,Health and Wellbeing,Securities,Securities declared in the register,False,2025-07-24,2025-08-08
D-002802,M-00920,Cambridgeshire County Council,Cambridgeshire County Council,Warboys,Councillor,Audit and Governance,Sponsorship,Sponsorship declared in the register,False,2025-08-22,2026-04-27
D-002803,M-00920,Cambridgeshire County Council,Cambridgeshire County Council,Warboys,Councillor,Overview and Scrutiny,Contracts with the authority,Contracts with the authority declared in the register,False,2023-07-30,2023-08-24
D-002804,M-00921,Cambridgeshire County Council,Cambridgeshire County Council,Somersham,Councillor,Overview and Scrutiny,Securities,Securities declared in the register,False,2025-03-30,2025-05-25
D-002805,M-00921,Cambridgeshire County Council,Cambridgeshire County Council,Somersham,Councillor,Audit and Governance,Directorship,Directorship declared in the register,False,2024-02-02,2025-01-13
D-002806,M-00921,Cambridgeshire County Council,Cambridgeshire County Council,Somersham,Councillor,(none),Membership of a body exercising public functions,Membership of a body exercising public functions declared in the register,False,2024-07-21,2025-08-09
D-002807,M-00921,Cambridgeshire County Council,Cambridgeshire County Council,Somersham,Councillor,Standards,Sponsorship,Sponsorship declared in the register,False,2025-09-25,2025-10-15
D-002808,M-00922,Huntingdon Town Council,Huntingdonshire District Council,Buckden,Councillor,Overview and Scrutiny,Licences to occupy land,Licences to occupy land declared in the register,False,2025-08-28,2026-02-18
D-002809,M-00922,Huntingdon Town Council,Huntingdonshire District Council,Buckden,Councillor,Finance,"Employment, office, trade or profession",Employment declared in the register,False,2024-01-31,2024-10-10
D-002810,M-00922,Huntingdon Town Council,Huntingdonshire District Council,Buckden,Councillor,Finance,Directorship,Directorship declared in the register,False,2023-09-25,2024-05-27
D-002811,M-00923,South Cambridgeshire District Council,South Cambridgeshire District Council,Sawtry,Councillor,Planning,Securities,Securities declared in the register,False,2024-02-13,2024-05-31
D-002812,M-00923,South Cambridgeshire District Council,South Cambridgeshire District Council,Sawtry,Councillor,Environment,Sponsorship,Sponsorship declared in the register,False,2025-07-22,2026-03-08
D-002813,M-00923,South Cambridgeshire District Council,South Cambridgeshire District Council,Sawtry,Councillor,Corporate Governance,Land and property in the area,Land and property in the area declared in the register,False,2024-10-14,2024-12-10
D-002814,M-00924,Huntingdonshire District Council,Huntingdonshire District Council,Brampton,Councillor,Employment,Sensitive interest (withheld under s.32),,True,2025-09-23,2025-12-14
D-002815,M-00924,Huntingdonshire District Council,Huntingdonshire District Council,Brampton,Councillor,Licensing,Contracts with the authority,Contracts with the authority declared in the register,False,2024-05-27,2025-01-26
D-002816,M-00924,Huntingdonshire District Council,Huntingdonshire District Council,Brampton,Councillor,Planning,Membership of a body exercising public functions,Membership of a body exercising public functions declared in the register,False,2025-05-07,2026-01-21
D-002817,M-00924,Huntingdonshire District Council,Huntingdonshire District Council,Brampton,Councillor,Licensing,Membership of a charity or voluntary body,Membership of a charity or voluntary body declared in the register,False,2025-07-08,2026-06-04
D-002818,M-00925,St Ives Town Council,Huntingdonshire District Council,Alconbury,Councillor,Standards,Land and property in the area,Land and property in the area declared in the register,False,2025-03-03,2025-08-18
D-002819,M-00925,St Ives Town Council,Huntingdonshire District Council,Alconbury,Councillor,Planning,Land and property in the area,Land and property in the area declared in the register,False,2025-03-17,2025-12-27
D-002820,M-00925,St Ives Town Council,Huntingdonshire District Council,Alconbury,Councillor,Standards,Contracts with the authority,Contracts with the authority declared in the register,False,2024-10-18,2025-10-15
D-002821,M-00926,St Ives Town Council,Huntingdonshire District Council,Little Paxton,Councillor,Standards,Membership of a charity or voluntary body,Membership of a charity or voluntary body declared in the register,False,2024-09-23,2024-10-16
D-002822,M-00926,St Ives Town Council,Huntingdonshire District Council,Little Paxton,Councillor,Planning,Membership of a political party,Membership of a political party declared in the register,False,2024-05-23,2024-11-15
D-002823,M-00927,South Cambridgeshire District Council,South Cambridgeshire District Council,Ramsey,Mayor,Planning,Licences to occupy land,Licences to occupy land declared in the register,False,2024-07-26,2024-08-19
D-002824,M-00927,South Cambridgeshire District Council,South Cambridgeshire District Council,Ramsey,Mayor,Employment,Membership of a body exercising public functions,Membership of a body exercising public functions declared in the register,False,2024-07-04,2025-04-18
D-002825,M-00927,South Cambridgeshire District Council,South Cambridgeshire District Council,Ramsey,Mayor,Overview and Scrutiny,Licences to occupy land,Licences to occupy land declared in the register,False,2023-06-25,2024-06-05
D-002826,M-00927,South Cambridgeshire District Council,South Cambridgeshire District Council,Ramsey,Mayor,Overview and Scrutiny,Trade union membership,Trade union membership declared in the register,False,2023-07-29,2024-08-28
D-002827,M-00928,South Cambridgeshire District Council,South Cambridgeshire District Council,Godmanchester,Vice-Chair,Overview and Scrutiny,Land and property in the area,Land and property in the area declared in the register,False,2025-08-01,2026-05-03
D-002828,M-00928,South Cambridgeshire District Council,South Cambridgeshire District Council,Godmanchester,Vice-Chair,(none),Securities,Securities declared in the register,False,2025-03-18,2026-01-04
D-002829,M-00928,South Cambridgeshire District Council,South Cambridgeshire District Council,Godmanchester,Vice-Chair,Corporate Governance,Sponsorship,Sponsorship declared in the register,False,2024-12-10,2025-11-05
D-002830,M-00929,South Cambridgeshire District Council,South Cambridgeshire District Council,Godmanchester,Councillor,Corporate Governance,Trade union membership,Trade union membership declared in the register,False,2024-05-26,2024-10-21
D-002831,M-00929,South Cambridgeshire District Council,South Cambridgeshire District Council,Godmanchester,Councillor,Finance,Securities,Securities declared in the register,False,2025-08-26,2025-12-30
D-002832,M-00929,South Cambridgeshire District Council,South Cambridgeshire District Council,Godmanchester,Councillor,Health and Wellbeing,Trade union membership,Trade union membership declared in the register,False,2024-01-14,2024-09-09
D-002833,M-00929,South Cambridgeshire District Council,South Cambridgeshire District Council,Godmanchester,Councillor,Licensing,Corporate tenancies,Corporate tenancies declared in the register,False,2023-09-11,2024-09-17
D-002834,M-00929,South Cambridgeshire District Council,South Cambridgeshire District Council,Godmanchester,Councillor,Corporate Governance,Membership of a body exercising public functions,Membership of a body exercising public functions declared in the register,False,2024-02-17,2024-06-09
D-002835,M-00930,South Cambridgeshire District Council,South Cambridgeshire District Council,Little Paxton,Councillor,Finance,Land and property in the area,Land and property in the area declared in the register,False,2024-07-17,2025-02-26
D-002836,M-00931,Ramsey Town Council,Huntingdonshire District Council,St Neots Eynesbury,Councillor,Health and Wellbeing,Membership of a political party,Membership of a political party declared in the register,False,2024-12-27,2025-07-26
D-002837,M-00931,Ramsey Town Council,Huntingdonshire District Council,St Neots Eynesbury,Councillor,(none),Securities,Securities declared in the register,False,2024-02-29,2025-01-21
D-002838,M-00931,Ramsey Town Council,Huntingdonshire District Council,St Neots Eynesbury,Councillor,Employment,Sponsorship,Sponsorship declared in the register,False,2025-09-24,2026-01-13
D-002839,M-00931,Ramsey Town Council,Huntingdonshire District Council,St Neots Eynesbury,Councillor,Standards,Directorship,Directorship declared in the register,False,2025-03-13,2025-05-28
D-002840,M-00931,Ramsey Town Council,Huntingdonshire District Council,St Neots Eynesbury,Councillor,Health and Wellbeing,Corporate tenancies,Corporate tenancies declared in the register,False,2023-09-01,2024-08-06
D-002841,M-00932,Huntingdonshire District Council,Huntingdonshire District Council,St Neots East,Vice-Chair,Overview and Scrutiny,Licences to occupy land,Licences to occupy land declared in the register,False,2025-08-03,2025-09-24
D-002842,M-00932,Huntingdonshire District Council,Huntingdonshire District Council,St Neots East,Vice-Chair,Corporate Governance,Directorship,Directorship declared in the register,False,2025-07-06,2025-08-21
D-002843,M-00932,Huntingdonshire District Council,Huntingdonshire District Council,St Neots East,Vice-Chair,Planning,Securities,Securities declared in the register,False,2024-07-21,2025-01-26
D-002844,M-00932,Huntingdonshire District Council,Huntingdonshire District Council,St Neots East,Vice-Chair,Overview and Scrutiny,"Employment, office, trade or profession",Employment declared in the register,False,2024-06-21,2025-01-06
D-002845,M-00932,Huntingdonshire District Council,Huntingdonshire District Council,St Neots East,Vice-Chair,Overview and Scrutiny,Securities,Securities declared in the register,False,2025-06-13,2026-03-04
D-002846,M-00933,Huntingdon Town Council,Huntingdonshire District Council,St Neots Eynesbury,Councillor,Health and Wellbeing,Licences to occupy land,Licences to occupy land declared in the register,False,2024-04-12,2024-12-16
D-002847,M-00933,Huntingdon Town Council,Huntingdonshire District Council,St Neots Eynesbury,Councillor,Audit and Governance,Securities,Securities declared in the register,False,2023-10-29,2024-11-22
D-002848,M-00934,South Cambridgeshire District Council,South Cambridgeshire District Council,St Ives West,Cabinet Member,Finance,Corporate tenancies,Corporate tenancies declared in the register,False,2023-07-25,2023-07-29
D-002849,M-00934,South Cambridgeshire District Council,South Cambridgeshire District Council,St Ives West,Cabinet Member,(none),Membership of a body exercising public functions,Membership of a body exercising public functions declared in the register,False,2025-10-13,2025-10-23
D-002850,M-00934,South Cambridgeshire District Council,South Cambridgeshire District Council,St Ives West,Cabinet Member,Overview and Scrutiny,Land and property in the area,Land and property in the area declared in the register,False,2023-08-19,2023-08-19
D-002851,M-00934,South Cambridgeshire District Council,South Cambridgeshire District Council,St Ives West,Cabinet Member,Employment,Licences to occupy land,Licences to occupy land declared in the register,False,2024-07-13,2025-04-15
D-002852,M-00935,Cambridgeshire County Council,Cambridgeshire County Council,Hemingfords,Councillor,Standards,Membership of a body exercising public functions,Membership of a body exercising public functions declared in the register,False,2025-03-01,2025-10-27
D-002853,M-00935,Cambridgeshire County Council,Cambridgeshire County Council,Hemingfords,Councillor,Audit and Governance,Membership of a charity or voluntary body,Membership of a charity or voluntary body declared in the register,False,2024-11-16,2025-09-21
D-002854,M-00936,Huntingdonshire District Council,Huntingdonshire District Council,Warboys,Councillor,Standards,"Employment, office, trade or profession",Employment declared in the register,False,2024-05-23,2024-08-17
D-002855,M-00936,Huntingdonshire District Council,Huntingdonshire District Council,Warboys,Councillor,Health and Wellbeing,Contracts with the authority,Contracts with the authority declared in the register,False,2024-11-01,2025-11-11
D-002856,M-00936,Huntingdonshire District Council,Huntingdonshire District Council,Warboys,Councillor,Finance,Membership of a political party,Membership of a political party declared in the register,False,2023-06-17,2023-08-28
D-002857,M-00936,Huntingdonshire District Council,Huntingdonshire District Council,Warboys,Councillor,Overview and Scrutiny,Sponsorship,Sponsorship declared in the register,False,2024-12-24,2026-01-17
D-002858,M-00936,Huntingdonshire District Council,Huntingdonshire District Council,Warboys,Councillor,Overview and Scrutiny,Directorship,Directorship declared in the register,False,2023-10-06,2024-03-10
D-002859,M-00937,Huntingdonshire District Council,Huntingdonshire District Council,St Ives South,Councillor,Audit and Governance,Membership of a political party,Membership of a political party declared in the register,False,2024-04-02,2025-03-07
D-002860,M-00938,Huntingdon Town Council,Huntingdonshire District Council,Brampton,Councillor,Licensing,Sensitive interest (withheld under s.32),,True,2025-10-02,2025-12-12
D-002861,M-00938,Huntingdon Town Council,Huntingdonshire District Council,Brampton,Councillor,Corporate Governance,Licences to occupy land,Licences to occupy land declared in the register,False,2023-10-25,2024-03-14
D-002862,M-00938,Huntingdon Town Council,Huntingdonshire District Council,Brampton,Councillor,Environment,Contracts with the authority,Contracts with the authority declared in the register,False,2023-10-29,2023-11-20
D-002863,M-00939,Cambridgeshire County Council,Cambridgeshire County Council,Warboys,Councillor,Planning,Membership of a body exercising public functions,Membership of a body exercising public functions declared in the register,False,2023-06-17,2024-05-08
D-002864,M-00939,Cambridgeshire County Council,Cambridgeshire County Council,Warboys,Councillor,Employment,"Employment, office, trade or profession",Employment declared in the register,False,2024-08-14,2025-05-29
D-002865,M-00939,Cambridgeshire County Council,Cambridgeshire County Council,Warboys,Councillor,Audit and Governance,Land and property in the area,Land and property in the area declared in the register,False,2024-11-26,2025-01-02
D-002866,M-00939,Cambridgeshire County Council,Cambridgeshire County Council,Warboys,Councillor,Overview and Scrutiny,Contracts with the authority,Contracts with the authority declared in the register,False,2025-05-19,2026-04-27
D-002867,M-00939,Cambridgeshire County Council,Cambridgeshire County Council,Warboys,Councillor,(none),"Employment, office, trade or profession",Employment declared in the register,False,2025-03-10,2026-04-05
D-002868,M-00940,Huntingdonshire District Council,Huntingdonshire District Council,Yaxley,Vice-Chair,Standards,Membership of a political party,Membership of a political party declared in the register,False,2024-09-17,2025-09-13
D-002869,M-00940,Huntingdonshire District Council,Huntingdonshire District Council,Yaxley,Vice-Chair,Planning,Corporate tenancies,Corporate tenancies declared in the register,False,2025-09-19,2026-01-22
D-002870,M-00940,Huntingdonshire District Council,Huntingdonshire District Council,Yaxley,Vice-Chair,Overview and Scrutiny,Membership of a body exercising public functions,Membership of a body exercising public functions declared in the register,False,2025-08-12,2026-04-22
D-002871,M-00940,Huntingdonshire District Council,Huntingdonshire District Council,Yaxley,Vice-Chair,Planning,"Employment, office, trade or profession",Employment declared in the register,False,2025-02-27,2025-03-03
D-002872,M-00940,Huntingdonshire District Council,Huntingdonshire District Council,Yaxley,Vice-Chair,Health and Wellbeing,Membership of a charity or voluntary body,Membership of a charity or voluntary body declared in the register,False,2023-05-29,2024-03-02
D-002873,M-00941,Huntingdonshire District Council,Huntingdonshire District Council,St Ives South,Chair,(none),Trade union membership,Trade union membership declared in the register,False,2024-08-13,2024-12-12
D-002874,M-00941,Huntingdonshire District Council,Huntingdonshire District Council,St Ives South,Chair,Corporate Governance,Membership of a body exercising public functions,Membership of a body exercising public functions declared in the register,False,2025-01-24,2025-11-18
D-002875,M-00941,Huntingdonshire District Council,Huntingdonshire District Council,St Ives South,Chair,Health and Wellbeing,Membership of a charity or voluntary body,Membership of a charity or voluntary body declared in the register,False,2025-06-19,2026-05-18
D-002876,M-00941,Huntingdonshire District Council,Huntingdonshire District Council,St Ives South,Chair,Corporate Governance,Securities,Securities declared in the register,False,2023-08-20,2023-11-01
D-002877,M-00941,Huntingdonshire District Council,Huntingdonshire District Council,St Ives South,Chair,Audit and Governance,Membership of a charity or voluntary body,Membership of a charity or voluntary body declared in the register,False,2024-09-30,2025-06-06
D-002878,M-00942,Huntingdon Town Council,Huntingdonshire District Council,Alconbury,Committee Member,Planning,Licences to occupy land,Licences to occupy land declared in the register,False,2024-09-08,2025-05-16
D-002879,M-00942,Huntingdon Town Council,Huntingdonshire District Council,Alconbury,Committee Member,Overview and Scrutiny,Membership of a charity or voluntary body,Membership of a charity or voluntary body declared in the register,False,2025-07-25,2026-05-18
D-002880,M-00942,Huntingdon Town Council,Huntingdonshire District Council,Alconbury,Committee Member,Planning,Directorship,Directorship declared in the register,False,2024-05-12,2025-05-07
D-002881,M-00943,Ramsey Town Council,Huntingdonshire District Council,Sawtry,Councillor,Licensing,Land and property in the area,Land and property in the area declared in the register,False,2024-02-22,2024-11-28
D-002882,M-00943,Ramsey Town Council,Huntingdonshire District Council,Sawtry,Councillor,Licensing,Trade union membership,Trade union membership declared in the register,False,2023-09-03,2023-09-17
D-002883,M-00943,Ramsey Town Council,Huntingdonshire District Council,Sawtry,Councillor,Finance,Membership of a political party,Membership of a political party declared in the register,False,2024-03-16,2024-12-31
D-002884,M-00943,Ramsey Town Council,Huntingdonshire District Council,Sawtry,Councillor,Finance,"Employment, office, trade or profession",Employment declared in the register,False,2025-05-19,2026-04-27
D-002885,M-00944,South Cambridgeshire District Council,South Cambridgeshire District Council,Huntingdon North,Councillor,(none),Land and property in the area,Land and property in the area declared in the register,False,2025-02-19,2025-07-17
D-002886,M-00945,South Cambridgeshire District Council,South Cambridgeshire District Council,St Ives South,Councillor,Employment,Trade union membership,Trade union membership declared in the register,False,2023-12-08,2024-02-27
D-002887,M-00946,South Cambridgeshire District Council,South Cambridgeshire District Council,Huntingdon East,Councillor,Corporate Governance,Directorship,Directorship declared in the register,False,2025-01-31,2025-09-16
D-002888,M-00946,South Cambridgeshire District Council,South Cambridgeshire District Council,Huntingdon East,Councillor,Standards,Corporate tenancies,Corporate tenancies declared in the register,False,2024-08-29,2025-06-16
D-002889,M-00946,South Cambridgeshire District Council,South Cambridgeshire District Council,Huntingdon East,Councillor,(none),Securities,Securities declared in the register,False,2023-06-17,2024-01-14
D-002890,M-00947,Cambridgeshire County Council,Cambridgeshire County Council,Huntingdon East,Councillor,Audit and Governance,"Employment, office, trade or profession",Employment declared in the register,False,2023-10-16,2024-10-04
D-002891,M-00947,Cambridgeshire County Council,Cambridgeshire County Council,Huntingdon East,Councillor,Health and Wellbeing,Membership of a body exercising public functions,Membership of a body exercising public functions declared in the register,False,2023-09-23,2024-10-21
D-002892,M-00948,South Cambridgeshire District Council,South Cambridgeshire District Council,Hemingfords,Councillor,(none),Securities,Securities declared in the register,False,2023-05-21,2023-06-15
D-002893,M-00949,Cambridgeshire County Council,Cambridgeshire County Council,St Neots East,Councillor,Licensing,Directorship,Directorship declared in the register,False,2025-07-07,2025-08-04
D-002894,M-00950,St Ives Town Council,Huntingdonshire District Council,Brampton,Councillor,Health and Wellbeing,Membership of a charity or voluntary body,Membership of a charity or voluntary body declared in the register,False,2024-09-12,2024-09-22
D-002895,M-00950,St Ives Town Council,Huntingdonshire District Council,Brampton,Councillor,Corporate Governance,Corporate tenancies,Corporate tenancies declared in the register,False,2023-07-16,2023-11-22
D-002896,M-00950,St Ives Town Council,Huntingdonshire District Council,Brampton,Councillor,Corporate Governance,Membership of a charity or voluntary body,Membership of a charity or voluntary body declared in the register,False,2023-07-07,2024-01-09
D-002897,M-00951,Huntingdonshire District Council,Huntingdonshire District Council,St Ives East,Cabinet Member,Finance,"Employment, office, trade or profession",Employment declared in the register,False,2024-02-12,2025-03-05
D-002898,M-00951,Huntingdonshire District Council,Huntingdonshire District Council,St Ives East,Cabinet Member,Planning,"Employment, office, trade or profession",Employment declared in the register,False,2023-12-13,2024-10-11
D-002899,M-00951,Huntingdonshire District Council,Huntingdonshire District Council,St Ives East,Cabinet Member,Planning,Securities,Securities declared in the register,False,2023-05-20,2023-12-01
D-002900,M-00951,Huntingdonshire District Council,Huntingdonshire District Council,St Ives East,Cabinet Member,Finance,Sensitive interest (withheld under s.32),,True,2024-06-07,2024-10-16
D-002901,M-00951,Huntingdonshire District Council,Huntingdonshire District Council,St Ives East,Cabinet Member,Health and Wellbeing,Sensitive interest (withheld under s.32),,True,2024-11-13,2025-11-23
D-002902,M-00952,Cambridgeshire County Council,Cambridgeshire County Council,Godmanchester,Vice-Chair,Licensing,Securities,Securities declared in the register,False,2024-12-27,2025-05-29
D-002903,M-00952,Cambridgeshire County Council,Cambridgeshire County Council,Godmanchester,Vice-Chair,Health and Wellbeing,Directorship,Directorship declared in the register,False,2024-08-15,2024-11-26
D-002904,M-00952,Cambridgeshire County Council,Cambridgeshire County Council,Godmanchester,Vice-Chair,Planning,Membership of a political party,Membership of a political party declared in the register,False,2023-06-15,2024-01-22
D-002905,M-00952,Cambridgeshire County Council,Cambridgeshire County Council,Godmanchester,Vice-Chair,Environment,"Employment, office, trade or profession",Employment declared in the register,False,2025-03-04,2025-11-01
D-002906,M-00952,Cambridgeshire County Council,Cambridgeshire County Council,Godmanchester,Vice-Chair,(none),Land and property in the area,Land and property in the area declared in the register,False,2024-08-09,2025-01-14
D-002907,M-00953,Huntingdonshire District Council,Huntingdonshire District Council,Huntingdon East,Mayor,(none),Membership of a charity or voluntary body,Membership of a charity or voluntary body declared in the register,False,2024-11-26,2025-11-10
D-002908,M-00953,Huntingdonshire District Council,Huntingdonshire District Council,Huntingdon East,Mayor,Health and Wellbeing,Directorship,Directorship declared in the register,False,2024-06-08,2024-06-15
D-002909,M-00953,Huntingdonshire District Council,Huntingdonshire District Council,Huntingdon East,Mayor,Finance,Corporate tenancies,Corporate tenancies declared in the register,False,2023-07-01,2023-07-22
D-002910,M-00953,Huntingdonshire District Council,Huntingdonshire District Council,Huntingdon East,Mayor,Standards,Securities,Securities declared in the register,False,2023-10-22,2024-10-16
D-002911,M-00953,Huntingdonshire District Council,Huntingdonshire District Council,Huntingdon East,Mayor,Planning,Membership of a body exercising public functions,Membership of a body exercising public functions declared in the register,False,2025-04-27,2026-05-13
D-002912,M-00954,Huntingdon Town Council,Huntingdonshire District Council,Buckden,Committee Member,Environment,Contracts with the authority,Contracts with the authority declared in the register,False,2025-09-14,2026-08-07
D-002913,M-00954,Huntingdon Town Council,Huntingdonshire District Council,Buckden,Committee Member,Finance,Land and property in the area,Land and property in the area declared in the register,False,2025-09-11,2026-06-04
D-002914,M-00954,Huntingdon Town Council,Huntingdonshire District Council,Buckden,Committee Member,Employment,Membership of a body exercising public functions,Membership of a body exercising public functions declared in the register,False,2025-01-03,2026-01-26
D-002915,M-00954,Huntingdon Town Council,Huntingdonshire District Council,Buckden,Committee Member,Planning,Corporate tenancies,Corporate tenancies declared in the register,False,2023-05-03,2023-11-28
D-002916,M-00954,Huntingdon Town Council,Huntingdonshire District Council,Buckden,Committee Member,Standards,Membership of a charity or voluntary body,Membership of a charity or voluntary body declared in the register,False,2023-12-30,2024-04-13
D-002917,M-00955,Huntingdon Town Council,Huntingdonshire District Council,St Ives South,Councillor,Environment,Membership of a charity or voluntary body,Membership of a charity or voluntary body declared in the register,False,2023-05-07,2023-09-27
D-002918,M-00955,Huntingdon Town Council,Huntingdonshire District Council,St Ives South,Councillor,Employment,"Employment, office, trade or profession",Employment declared in the register,False,2024-01-31,2024-07-03
D-002919,M-00955,Huntingdon Town Council,Huntingdonshire District Council,St Ives South,Councillor,Corporate Governance,Trade union membership,Trade union membership declared in the register,False,2025-08-13,2026-06-12
D-002920,M-00956,Cambridgeshire County Council,Cambridgeshire County Council,Buckden,Councillor,Health and Wellbeing,Membership of a body exercising public functions,Membership of a body exercising public functions declared in the register,False,2023-10-25,2024-11-08
D-002921,M-00956,Cambridgeshire County Council,Cambridgeshire County Council,Buckden,Councillor,Corporate Governance,Securities,Securities declared in the register,False,2024-10-16,2024-12-25
D-002922,M-00956,Cambridgeshire County Council,Cambridgeshire County Council,Buckden,Councillor,Planning,Sponsorship,Sponsorship declared in the register,False,2024-04-15,2025-01-05
D-002923,M-00956,Cambridgeshire County Council,Cambridgeshire County Council,Buckden,Councillor,(none),Land and property in the area,Land and property in the area declared in the register,False,2025-03-04,2026-03-28
D-002924,M-00957,South Cambridgeshire District Council,South Cambridgeshire District Council,Yaxley,Councillor,Licensing,Membership of a political party,Membership of a political party declared in the register,False,2025-07-06,2026-03-12
D-002925,M-00957,South Cambridgeshire District Council,South Cambridgeshire District Council,Yaxley,Councillor,Overview and Scrutiny,Membership of a political party,Membership of a political party declared in the register,False,2025-07-04,2026-05-17
D-002926,M-00957,South Cambridgeshire District Council,South Cambridgeshire District Council,Yaxley,Councillor,(none),Directorship,Directorship declared in the register,False,2024-01-19,2024-01-26
D-002927,M-00958,Huntingdon Town Council,Huntingdonshire District Council,Sawtry,Councillor,Overview and Scrutiny,Securities,Securities declared in the register,False,2025-03-24,2025-06-09
D-002928,M-00958,Huntingdon Town Council,Huntingdonshire District Council,Sawtry,Councillor,Health and Wellbeing,Securities,Securities declared in the register,False,2023-06-15,2024-03-14
D-002929,M-00958,Huntingdon Town Council,Huntingdonshire District Council,Sawtry,Councillor,Audit and Governance,Membership of a body exercising public functions,Membership of a body exercising public functions declared in the register,False,2023-06-02,2024-02-25
D-002930,M-00958,Huntingdon Town Council,Huntingdonshire District Council,Sawtry,Councillor,(none),Membership of a body exercising public functions,Membership of a body exercising public functions declared in the register,False,2025-06-15,2026-06-05
D-002931,M-00958,Huntingdon Town Council,Huntingdonshire District Council,Sawtry,Councillor,Environment,Membership of a charity or voluntary body,Membership of a charity or voluntary body declared in the register,False,2024-11-16,2025-12-02
D-002932,M-00959,Huntingdon Town Council,Huntingdonshire District Council,St Neots East,Councillor,Standards,Licences to occupy land,Licences to occupy land declared in the register,False,2023-09-29,2023-11-04
D-002933,M-00960,Huntingdonshire District Council,Huntingdonshire District Council,Brampton,Councillor,Planning,Trade union membership,Trade union membership declared in the register,False,2025-01-08,2025-03-05
D-002934,M-00960,Huntingdonshire District Council,Huntingdonshire District Council,Brampton,Councillor,Overview and Scrutiny,Contracts with the authority,Contracts with the authority declared in the register,False,2024-02-25,2024-07-04
D-002935,M-00961,Cambridgeshire County Council,Cambridgeshire County Council,Yaxley,Councillor,Health and Wellbeing,"Employment, office, trade or profession",Employment declared in the register,False,2024-11-06,2025-01-08
D-002936,M-00961,Cambridgeshire County Council,Cambridgeshire County Council,Yaxley,Councillor,Health and Wellbeing,Corporate tenancies,Corporate tenancies declared in the register,False,2025-07-02,2026-05-17
D-002937,M-00961,Cambridgeshire County Council,Cambridgeshire County Council,Yaxley,Councillor,Audit and Governance,Membership of a body exercising public functions,Membership of a body exercising public functions declared in the register,False,2024-06-19,2025-06-08
D-002938,M-00961,Cambridgeshire County Council,Cambridgeshire County Council,Yaxley,Councillor,Health and Wellbeing,Sensitive interest (withheld under s.32),,True,2025-09-17,2026-02-17
D-002939,M-00962,Ramsey Town Council,Huntingdonshire District Council,Brampton,Councillor,Licensing,"Employment, office, trade or profession",Employment declared in the register,False,2025-07-28,2025-08-14
D-002940,M-00962,Ramsey Town Council,Huntingdonshire District Council,Brampton,Councillor,Environment,Membership of a body exercising public functions,Membership of a body exercising public functions declared in the register,False,2025-07-21,2026-01-14
D-002941,M-00962,Ramsey Town Council,Huntingdonshire District Council,Brampton,Councillor,Audit and Governance,Sponsorship,Sponsorship declared in the register,False,2023-08-28,2024-09-10
D-002942,M-00963,South Cambridgeshire District Council,South Cambridgeshire District Council,Alconbury,Councillor,Standards,Trade union membership,Trade union membership declared in the register,False,2023-07-03,2024-01-24
D-002943,M-00963,South Cambridgeshire District Council,South Cambridgeshire District Council,Alconbury,Councillor,Standards,Sensitive interest (withheld under s.32),,True,2024-01-13,2024-04-18
D-002944,M-00964,St Ives Town Council,Huntingdonshire District Council,Huntingdon North,Cabinet Member,Standards,Trade union membership,Trade union membership declared in the register,False,2023-07-05,2024-05-03
D-002945,M-00964,St Ives Town Council,Huntingdonshire District Council,Huntingdon North,Cabinet Member,Finance,Securities,Securities declared in the register,False,2023-10-01,2024-02-17
D-002946,M-00964,St Ives Town Council,Huntingdonshire District Council,Huntingdon North,Cabinet Member,Health and Wellbeing,Directorship,Directorship declared in the register,False,2023-10-14,2024-04-19
D-002947,M-00964,St Ives Town Council,Huntingdonshire District Council,Huntingdon North,Cabinet Member,Overview and Scrutiny,Directorship,Directorship declared in the register,False,2025-04-02,2025-04-22
D-002948,M-00965,St Ives Town Council,Huntingdonshire District Council,Brampton,Councillor,Planning,Contracts with the authority,Contracts with the authority declared in the register,False,2024-07-16,2024-07-17
D-002949,M-00965,St Ives Town Council,Huntingdonshire District Council,Brampton,Councillor,Standards,Membership of a charity or voluntary body,Membership of a charity or voluntary body declared in the register,False,2024-05-16,2024-06-04
D-002950,M-00965,St Ives Town Council,Huntingdonshire District Council,Brampton,Councillor,Planning,Land and property in the area,Land and property in the area declared in the register,False,2024-02-19,2024-07-11
D-002951,M-00965,St Ives Town Council,Huntingdonshire District Council,Brampton,Councillor,Audit and Governance,"Employment, office, trade or profession",Employment declared in the register,False,2025-04-05,2025-08-31
D-002952,M-00965,St Ives Town Council,Huntingdonshire District Council,Brampton,Councillor,Health and Wellbeing,Directorship,Directorship declared in the register,False,2025-07-05,2026-01-12
D-002953,M-00966,South Cambridgeshire District Council,South Cambridgeshire District Council,Yaxley,Committee Member,Planning,Membership of a political party,Membership of a political party declared in the register,False,2025-06-18,2025-08-18
D-002954,M-00967,South Cambridgeshire District Council,South Cambridgeshire District Council,St Ives East,Cabinet Member,Corporate Governance,Licences to occupy land,Licences to occupy land declared in the register,False,2023-06-20,2023-07-11
D-002955,M-00967,South Cambridgeshire District Council,South Cambridgeshire District Council,St Ives East,Cabinet Member,Planning,Membership of a charity or voluntary body,Membership of a charity or voluntary body declared in the register,False,2023-06-14,2023-07-22
D-002956,M-00968,Huntingdon Town Council,Huntingdonshire District Council,St Ives West,Cabinet Member,Licensing,Membership of a political party,Membership of a political party declared in the register,False,2023-09-15,2023-12-10
D-002957,M-00968,Huntingdon Town Council,Huntingdonshire District Council,St Ives West,Cabinet Member,Employment,Membership of a charity or voluntary body,Membership of a charity or voluntary body declared in the register,False,2025-04-22,2025-06-04
D-002958,M-00968,Huntingdon Town Council,Huntingdonshire District Council,St Ives West,Cabinet Member,Health and Wellbeing,"Employment, office, trade or profession",Employment declared in the register,False,2023-06-21,2024-06-06
D-002959,M-00968,Huntingdon Town Council,Huntingdonshire District Council,St Ives West,Cabinet Member,Licensing,Membership of a charity or voluntary body,Membership of a charity or voluntary body declared in the register,False,2025-04-12,2026-01-31
D-002960,M-00969,St Ives Town Council,Huntingdonshire District Council,Somersham,Councillor,Standards,Membership of a body exercising public functions,Membership of a body exercising public functions declared in the register,False,2024-07-13,2024-12-07
D-002961,M-00969,St Ives Town Council,Huntingdonshire District Council,Somersham,Councillor,Employment,Licences to occupy land,Licences to occupy land declared in the register,False,2023-07-15,2023-09-28
D-002962,M-00969,St Ives Town Council,Huntingdonshire District Council,Somersham,Councillor,Licensing,Trade union membership,Trade union membership declared in the register,False,2024-09-28,2024-10-27
D-002963,M-00969,St Ives Town Council,Huntingdonshire District Council,Somersham,Councillor,Employment,Securities,Securities declared in the register,False,2025-06-25,2025-11-23
D-002964,M-00970,Cambridgeshire County Council,Cambridgeshire County Council,Alconbury,Committee Member,Standards,Land and property in the area,Land and property in the area declared in the register,False,2025-01-02,2025-05-13
D-002965,M-00970,Cambridgeshire County Council,Cambridgeshire County Council,Alconbury,Committee Member,Overview and Scrutiny,Membership of a political party,Membership of a political party declared in the register,False,2024-03-23,2025-01-09
D-002966,M-00971,Huntingdon Town Council,Huntingdonshire District Council,Somersham,Councillor,Employment,Sponsorship,Sponsorship declared in the register,False,2024-12-15,2025-08-11
D-002967,M-00971,Huntingdon Town Council,Huntingdonshire District Council,Somersham,Councillor,Overview and Scrutiny,Membership of a charity or voluntary body,Membership of a charity or voluntary body declared in the register,False,2023-11-17,2023-12-16
D-002968,M-00971,Huntingdon Town Council,Huntingdonshire District Council,Somersham,Councillor,Licensing,"Employment, office, trade or profession",Employment declared in the register,False,2024-05-26,2025-02-12
D-002969,M-00972,South Cambridgeshire District Council,South Cambridgeshire District Council,Warboys,Councillor,(none),Membership of a charity or voluntary body,Membership of a charity or voluntary body declared in the register,False,2024-04-27,2024-07-05
D-002970,M-00972,South Cambridgeshire District Council,South Cambridgeshire District Council,Warboys,Councillor,(none),Licences to occupy land,Licences to occupy land declared in the register,False,2024-04-26,2025-03-29
D-002971,M-00972,South Cambridgeshire District Council,South Cambridgeshire District Council,Warboys,Councillor,Standards,Trade union membership,Trade union membership declared in the register,False,2025-06-19,2025-08-13
D-002972,M-00972,South Cambridgeshire District Council,South Cambridgeshire District Council,Warboys,Councillor,Finance,Securities,Securities declared in the register,False,2024-11-17,2025-12-02
D-002973,M-00972,South Cambridgeshire District Council,South Cambridgeshire District Council,Warboys,Councillor,Overview and Scrutiny,Corporate tenancies,Corporate tenancies declared in the register,False,2025-04-25,2025-11-26
D-002974,M-00973,Huntingdonshire District Council,Huntingdonshire District Council,Huntingdon West,Committee Member,Employment,Licences to occupy land,Licences to occupy land declared in the register,False,2024-09-28,2025-03-26
D-002975,M-00974,Huntingdonshire District Council,Huntingdonshire District Council,Huntingdon East,Committee Member,Employment,Membership of a political party,Membership of a political party declared in the register,False,2024-04-26,2025-03-18
D-002976,M-00974,Huntingdonshire District Council,Huntingdonshire District Council,Huntingdon East,Committee Member,(none),Membership of a political party,Membership of a political party declared in the register,False,2024-01-01,2024-04-20
D-002977,M-00974,Huntingdonshire District Council,Huntingdonshire District Council,Huntingdon East,Committee Member,(none),Licences to occupy land,Licences to occupy land declared in the register,False,2025-05-03,2025-10-04
D-002978,M-00974,Huntingdonshire District Council,Huntingdonshire District Council,Huntingdon East,Committee Member,Corporate Governance,Sensitive interest (withheld under s.32),,True,2024-07-01,2024-09-17
D-002979,M-00975,Huntingdonshire District Council,Huntingdonshire District Council,St Ives East,Councillor,Environment,Membership of a body exercising public functions,Membership of a body exercising public functions declared in the register,False,2025-04-20,2026-04-19
D-002980,M-00976,Cambridgeshire County Council,Cambridgeshire County Council,Somersham,Chair,Environment,Licences to occupy land,Licences to occupy land declared in the register,False,2025-08-05,2025-12-25
D-002981,M-00976,Cambridgeshire County Council,Cambridgeshire County Council,Somersham,Chair,Licensing,Membership of a political party,Membership of a political party declared in the register,False,2024-05-22,2024-11-03
D-002982,M-00976,Cambridgeshire County Council,Cambridgeshire County Council,Somersham,Chair,Employment,Licences to occupy land,Licences to occupy land declared in the register,False,2023-07-18,2024-02-10
D-002983,M-00976,Cambridgeshire County Council,Cambridgeshire County Council,Somersham,Chair,Health and Wellbeing,Sensitive interest (withheld under s.32),,True,2023-05-01,2023-10-23
D-002984,M-00977,St Ives Town Council,Huntingdonshire District Council,Sawtry,Cabinet Member,Environment,Sponsorship,Sponsorship declared in the register,False,2024-07-10,2024-09-05
D-002985,M-00978,Cambridgeshire County Council,Cambridgeshire County Council,Somersham,Councillor,Planning,Land and property in the area,Land and property in the area declared in the register,False,2023-06-18,2024-06-10
D-002986,M-00978,Cambridgeshire County Council,Cambridgeshire County Council,Somersham,Councillor,Finance,Sponsorship,Sponsorship declared in the register,False,2023-07-29,2024-08-18
D-002987,M-00978,Cambridgeshire County Council,Cambridgeshire County Council,Somersham,Councillor,Health and Wellbeing,Membership of a charity or voluntary body,Membership of a charity or voluntary body declared in the register,False,2024-01-12,2024-04-03
D-002988,M-00979,St Ives Town Council,Huntingdonshire District Council,Fenstanton,Mayor,Employment,Membership of a political party,Membership of a political party declared in the register,False,2025-09-18,2025-10-27
D-002989,M-00979,St Ives Town Council,Huntingdonshire District Council,Fenstanton,Mayor,Planning,Directorship,Directorship declared in the register,False,2025-09-29,2026-08-19
D-002990,M-00979,St Ives Town Council,Huntingdonshire District Council,Fenstanton,Mayor,Environment,Contracts with the authority,Contracts with the authority declared in the register,False,2024-06-18,2025-05-27
D-002991,M-00979,St Ives Town Council,Huntingdonshire District Council,Fenstanton,Mayor,Licensing,Directorship,Directorship declared in the register,False,2024-08-27,2024-10-15
D-002992,M-00979,St Ives Town Council,Huntingdonshire District Council,Fenstanton,Mayor,Health and Wellbeing,Sensitive interest (withheld under s.32),,True,2024-06-20,2024-07-22
D-002993,M-00980,Huntingdon Town Council,Huntingdonshire District Council,Buckden,Councillor,Audit and Governance,"Employment, office, trade or profession",Employment declared in the register,False,2025-08-10,2025-08-12
D-002994,M-00980,Huntingdon Town Council,Huntingdonshire District Council,Buckden,Councillor,Corporate Governance,Membership of a political party,Membership of a political party declared in the register,False,2025-04-04,2025-10-27
D-002995,M-00980,Huntingdon Town Council,Huntingdonshire District Council,Buckden,Councillor,Overview and Scrutiny,Corporate tenancies,Corporate tenancies declared in the register,False,2023-10-20,2024-08-24
D-002996,M-00981,Huntingdon Town Council,Huntingdonshire District Council,St Neots Eynesbury,Councillor,Audit and Governance,Sponsorship,Sponsorship declared in the register,False,2025-09-19,2026-01-03
D-002997,M-00982,South Cambridgeshire District Council,South Cambridgeshire District Council,Yaxley,Councillor,Audit and Governance,Membership of a body exercising public functions,Membership of a body exercising public functions declared in the register,False,2024-03-09,2024-09-11
D-002998,M-00982,South Cambridgeshire District Council,South Cambridgeshire District Council,Yaxley,Councillor,Audit and Governance,Membership of a political party,Membership of a political party declared in the register,False,2024-03-31,2024-06-21
D-002999,M-00982,South Cambridgeshire District Council,South Cambridgeshire District Council,Yaxley,Councillor,Licensing,Contracts with the authority,Contracts with the authority declared in the register,False,2024-07-16,2025-03-04
D-003000,M-00983,Ramsey Town Council,Huntingdonshire District Council,Brampton,Councillor,(none),Membership of a political party,Membership of a political party declared in the register,False,2024-01-18,2024-03-31
D-003001,M-00983,Ramsey Town Council,Huntingdonshire District Council,Brampton,Councillor,Audit and Governance,"Employment, office, trade or profession",Employment declared in the register,False,2024-06-04,2025-04-16
D-003002,M-00983,Ramsey Town Council,Huntingdonshire District Council,Brampton,Councillor,Licensing,"Employment, office, trade or profession",Employment declared in the register,False,2023-10-17,2024-05-22
D-003003,M-00984,South Cambridgeshire District Council,South Cambridgeshire District Council,Brampton,Councillor,Finance,Contracts with the authority,Contracts with the authority declared in the register,False,2025-03-19,2025-09-28
D-003004,M-00985,Ramsey Town Council,Huntingdonshire District Council,Ramsey,Committee Member,Licensing,Corporate tenancies,Corporate tenancies declared in the register,False,2024-11-17,2025-11-28
D-003005,M-00985,Ramsey Town Council,Huntingdonshire District Council,Ramsey,Committee Member,Health and Wellbeing,Membership of a charity or voluntary body,Membership of a charity or voluntary body declared in the register,False,2024-06-03,2025-02-19
D-003006,M-00985,Ramsey Town Council,Huntingdonshire District Council,Ramsey,Committee Member,Employment,Membership of a political party,Membership of a political party declared in the register,False,2023-09-03,2023-09-25
D-003007,M-00985,Ramsey Town Council,Huntingdonshire District Council,Ramsey,Committee Member,Audit and Governance,Corporate tenancies,Corporate tenancies declared in the register,False,2025-02-02,2026-02-06
D-003008,M-00985,Ramsey Town Council,Huntingdonshire District Council,Ramsey,Committee Member,Audit and Governance,Land and property in the area,Land and property in the area declared in the register,False,2023-07-28,2024-05-10
D-003009,M-00986,Huntingdonshire District Council,Huntingdonshire District Council,Huntingdon North,Councillor,Audit and Governance,Licences to occupy land,Licences to occupy land declared in the register,False,2025-08-31,2026-06-13
D-003010,M-00986,Huntingdonshire District Council,Huntingdonshire District Council,Huntingdon North,Councillor,Environment,Securities,Securities declared in the register,False,2024-01-18,2024-09-23
D-003011,M-00987,Ramsey Town Council,Huntingdonshire District Council,Fenstanton,Cabinet Member,Audit and Governance,Corporate tenancies,Corporate tenancies declared in the register,False,2024-11-02,2025-02-19
D-003012,M-00987,Ramsey Town Council,Huntingdonshire District Council,Fenstanton,Cabinet Member,Employment,Trade union membership,Trade union membership declared in the register,False,2023-05-06,2024-01-27
D-003013,M-00987,Ramsey Town Council,Huntingdonshire District Council,Fenstanton,Cabinet Member,Finance,Contracts with the authority,Contracts with the authority declared in the register,False,2024-08-22,2024-12-24
D-003014,M-00988,South Cambridgeshire District Council,South Cambridgeshire District Council,Warboys,Councillor,Overview and Scrutiny,Corporate tenancies,Corporate tenancies declared in the register,False,2025-05-07,2026-04-23
D-003015,M-00988,South Cambridgeshire District Council,South Cambridgeshire District Council,Warboys,Councillor,Standards,Membership of a charity or voluntary body,Membership of a charity or voluntary body declared in the register,False,2025-07-27,2025-10-13
D-003016,M-00989,Huntingdon Town Council,Huntingdonshire District Council,Brampton,Councillor,Finance,Land and property in the area,Land and property in the area declared in the register,False,2023-12-06,2024-10-01
D-003017,M-00989,Huntingdon Town Council,Huntingdonshire District Council,Brampton,Councillor,Corporate Governance,Trade union membership,Trade union membership declared in the register,False,2023-07-10,2024-02-10
D-003018,M-00989,Huntingdon Town Council,Huntingdonshire District Council,Brampton,Councillor,Employment,Licences to occupy land,Licences to occupy land declared in the register,False,2024-06-30,2025-05-14
D-003019,M-00989,Huntingdon Town Council,Huntingdonshire District Council,Brampton,Councillor,Overview and Scrutiny,Membership of a political party,Membership of a political party declared in the register,False,2024-09-11,2025-07-24
D-003020,M-00989,Huntingdon Town Council,Huntingdonshire District Council,Brampton,Councillor,(none),Membership of a political party,Membership of a political party declared in the register,False,2023-10-08,2024-08-21
D-003021,M-00990,South Cambridgeshire District Council,South Cambridgeshire District Council,Huntingdon East,Councillor,Licensing,Sensitive interest (withheld under s.32),,True,2025-04-13,2026-02-12
D-003022,M-00990,South Cambridgeshire District Council,South Cambridgeshire District Council,Huntingdon East,Councillor,Environment,Membership of a body exercising public functions,Membership of a body exercising public functions declared in the register,False,2024-08-25,2024-11-05
D-003023,M-00991,St Ives Town Council,Huntingdonshire District Council,Huntingdon East,Vice-Chair,Licensing,Land and property in the area,Land and property in the area declared in the register,False,2024-07-31,2024-10-05
D-003024,M-00991,St Ives Town Council,Huntingdonshire District Council,Huntingdon East,Vice-Chair,(none),"Employment, office, trade or profession",Employment declared in the register,False,2023-07-12,2024-01-24
D-003025,M-00991,St Ives Town Council,Huntingdonshire District Council,Huntingdon East,Vice-Chair,Corporate Governance,Corporate tenancies,Corporate tenancies declared in the register,False,2024-01-13,2024-08-28
D-003026,M-00991,St Ives Town Council,Huntingdonshire District Council,Huntingdon East,Vice-Chair,Corporate Governance,Membership of a political party,Membership of a political party declared in the register,False,2024-01-30,2024-07-03
D-003027,M-00991,St Ives Town Council,Huntingdonshire District Council,Huntingdon East,Vice-Chair,Overview and Scrutiny,Land and property in the area,Land and property in the area declared in the register,False,2024-01-20,2024-03-01
D-003028,M-00992,South Cambridgeshire District Council,South Cambridgeshire District Council,Yaxley,Cabinet Member,Employment,Contracts with the authority,Contracts with the authority declared in the register,False,2025-01-15,2025-07-30
D-003029,M-00992,South Cambridgeshire District Council,South Cambridgeshire District Council,Yaxley,Cabinet Member,Health and Wellbeing,Land and property in the area,Land and property in the area declared in the register,False,2024-05-08,2024-07-15
D-003030,M-00992,South Cambridgeshire District Council,South Cambridgeshire District Council,Yaxley,Cabinet Member,Audit and Governance,Land and property in the area,Land and property in the area declared in the register,False,2023-09-09,2024-08-04
D-003031,M-00992,South Cambridgeshire District Council,South Cambridgeshire District Council,Yaxley,Cabinet Member,Health and Wellbeing,Contracts with the authority,Contracts with the authority declared in the register,False,2025-08-18,2025-11-18
D-003032,M-00993,St Ives Town Council,Huntingdonshire District Council,Brampton,Committee Member,Overview and Scrutiny,"Employment, office, trade or profession",Employment declared in the register,False,2023-05-15,2024-01-06
D-003033,M-00993,St Ives Town Council,Huntingdonshire District Council,Brampton,Committee Member,Planning,Corporate tenancies,Corporate tenancies declared in the register,False,2024-04-06,2024-10-15
D-003034,M-00993,St Ives Town Council,Huntingdonshire District Council,Brampton,Committee Member,Overview and Scrutiny,Land and property in the area,Land and property in the area declared in the register,False,2025-09-01,2025-11-23
D-003035,M-00993,St Ives Town Council,Huntingdonshire District Council,Brampton,Committee Member,Health and Wellbeing,Sensitive interest (withheld under s.32),,True,2025-07-11,2025-07-22
D-003036,M-00993,St Ives Town Council,Huntingdonshire District Council,Brampton,Committee Member,Employment,Corporate tenancies,Corporate tenancies declared in the register,False,2024-07-20,2024-11-21
D-003037,M-00994,Ramsey Town Council,Huntingdonshire District Council,Little Paxton,Councillor,Health and Wellbeing,"Employment, office, trade or profession",Employment declared in the register,False,2023-05-02,2023-06-06
D-003038,M-00995,Huntingdon Town Council,Huntingdonshire District Council,Somersham,Councillor,Finance,Licences to occupy land,Licences to occupy land declared in the register,False,2024-10-02,2025-09-06
D-003039,M-00995,Huntingdon Town Council,Huntingdonshire District Council,Somersham,Councillor,Licensing,"Employment, office, trade or profession",Employment declared in the register,False,2024-03-09,2024-12-17
D-003040,M-00995,Huntingdon Town Council,Huntingdonshire District Council,Somersham,Councillor,Licensing,Sponsorship,Sponsorship declared in the register,False,2023-11-23,2024-01-30
D-003041,M-00996,South Cambridgeshire District Council,South Cambridgeshire District Council,Yaxley,Councillor,Audit and Governance,Membership of a body exercising public functions,Membership of a body exercising public functions declared in the register,False,2023-12-10,2024-11-19
D-003042,M-00996,South Cambridgeshire District Council,South Cambridgeshire District Council,Yaxley,Councillor,(none),Trade union membership,Trade union membership declared in the register,False,2025-04-11,2026-05-12
D-003043,M-00997,Cambridgeshire County Council,Cambridgeshire County Council,Fenstanton,Vice-Chair,(none),Directorship,Directorship declared in the register,False,2025-09-16,2026-06-08
D-003044,M-00997,Cambridgeshire County Council,Cambridgeshire County Council,Fenstanton,Vice-Chair,Environment,Licences to occupy land,Licences to occupy land declared in the register,False,2023-09-15,2024-02-21
D-003045,M-00997,Cambridgeshire County Council,Cambridgeshire County Council,Fenstanton,Vice-Chair,Overview and Scrutiny,Membership of a charity or voluntary body,Membership of a charity or voluntary body declared in the register,False,2023-09-06,2023-11-15
D-003046,M-00997,Cambridgeshire County Council,Cambridgeshire County Council,Fenstanton,Vice-Chair,Environment,Directorship,Directorship declared in the register,False,2024-08-08,2025-08-04
D-003047,M-00998,Cambridgeshire County Council,Cambridgeshire County Council,Godmanchester,Councillor,Finance,Corporate tenancies,Corporate tenancies declared in the register,False,2025-01-04,2025-01-20
D-003048,M-00998,Cambridgeshire County Council,Cambridgeshire County Council,Godmanchester,Councillor,(none),Contracts with the authority,Contracts with the authority declared in the register,False,2023-08-03,2024-01-12
D-003049,M-00999,Ramsey Town Council,Huntingdonshire District Council,St Neots Eynesbury,Councillor,Environment,Membership of a body exercising public functions,Membership of a body exercising public functions declared in the register,False,2025-10-14,2025-12-24
D-003050,M-00999,Ramsey Town Council,Huntingdonshire District Council,St Neots Eynesbury,Councillor,Employment,Corporate tenancies,Corporate tenancies declared in the register,False,2024-12-05,2025-12-31
D-003051,M-00999,Ramsey Town Council,Huntingdonshire District Council,St Neots Eynesbury,Councillor,Corporate Governance,Sensitive interest (withheld under s.32),,True,2023-06-20,2023-09-27
D-003052,M-00999,Ramsey Town Council,Huntingdonshire District Council,St Neots Eynesbury,Councillor,Corporate Governance,Membership of a charity or voluntary body,Membership of a charity or voluntary body declared in the register,False,2025-05-28,2025-09-20
D-003053,M-00999,Ramsey Town Council,Huntingdonshire District Council,St Neots Eynesbury,Councillor,Environment,Contracts with the authority,Contracts with the authority declared in the register,False,2025-04-15,2025-08-19
D-003054,M-01000,St Ives Town Council,Huntingdonshire District Council,Alconbury,Committee Member,Licensing,Land and property in the area,Land and property in the area declared in the register,False,2023-06-20,2024-04-24
D-003055,M-01000,St Ives Town Council,Huntingdonshire District Council,Alconbury,Committee Member,Audit and Governance,Securities,Securities declared in the register,False,2024-10-17,2024-12-09
D-003056,M-01001,Ramsey Town Council,Huntingdonshire District Council,Huntingdon East,Councillor,Health and Wellbeing,"Employment, office, trade or profession",Employment declared in the register,False,2024-05-24,2025-02-23
D-003057,M-01001,Ramsey Town Council,Huntingdonshire District Council,Huntingdon East,Councillor,Corporate Governance,Membership of a political party,Membership of a political party declared in the register,False,2023-08-23,2023-12-27
D-003058,M-01002,South Cambridgeshire District Council,South Cambridgeshire District Council,Buckden,Councillor,Overview and Scrutiny,Membership of a charity or voluntary body,Membership of a charity or voluntary body declared in the register,False,2023-11-21,2024-03-29
D-003059,M-01002,South Cambridgeshire District Council,South Cambridgeshire District Council,Buckden,Councillor,Corporate Governance,Trade union membership,Trade union membership declared in the register,False,2023-07-25,2024-07-14
D-003060,M-01002,South Cambridgeshire District Council,South Cambridgeshire District Council,Buckden,Councillor,Corporate Governance,Membership of a charity or voluntary body,Membership of a charity or voluntary body declared in the register,False,2024-01-24,2024-12-15
D-003061,M-01003,South Cambridgeshire District Council,South Cambridgeshire District Council,St Ives South,Councillor,Audit and Governance,Membership of a charity or voluntary body,Membership of a charity or voluntary body declared in the register,False,2024-01-14,2025-01-25
D-003062,M-01003,South Cambridgeshire District Council,South Cambridgeshire District Council,St Ives South,Councillor,Overview and Scrutiny,Trade union membership,Trade union membership declared in the register,False,2025-09-26,2026-07-05
D-003063,M-01003,South Cambridgeshire District Council,South Cambridgeshire District Council,St Ives South,Councillor,Employment,Land and property in the area,Land and property in the area declared in the register,False,2023-07-22,2024-04-30
D-003064,M-01004,St Ives Town Council,Huntingdonshire District Council,Warboys,Councillor,Environment,Contracts with the authority,Contracts with the authority declared in the register,False,2025-08-07,2026-05-22
D-003065,M-01004,St Ives Town Council,Huntingdonshire District Council,Warboys,Councillor,Environment,Contracts with the authority,Contracts with the authority declared in the register,False,2024-09-02,2024-12-02
D-003066,M-01005,Ramsey Town Council,Huntingdonshire District Council,St Neots Eynesbury,Councillor,Health and Wellbeing,"Employment, office, trade or profession",Employment declared in the register,False,2025-03-17,2025-11-23
D-003067,M-01005,Ramsey Town Council,Huntingdonshire District Council,St Neots Eynesbury,Councillor,Employment,Directorship,Directorship declared in the register,False,2025-08-24,2025-09-08
D-003068,M-01006,Huntingdonshire District Council,Huntingdonshire District Council,St Neots Eynesbury,Councillor,Environment,Corporate tenancies,Corporate tenancies declared in the register,False,2025-08-13,2026-08-19
D-003069,M-01006,Huntingdonshire District Council,Huntingdonshire District Council,St Neots Eynesbury,Councillor,Health and Wellbeing,Contracts with the authority,Contracts with the authority declared in the register,False,2025-03-24,2025-05-09
D-003070,M-01006,Huntingdonshire District Council,Huntingdonshire District Council,St Neots Eynesbury,Councillor,Standards,"Employment, office, trade or profession",Employment declared in the register,False,2025-06-24,2026-02-19
D-003071,M-01006,Huntingdonshire District Council,Huntingdonshire District Council,St Neots Eynesbury,Councillor,Licensing,Membership of a political party,Membership of a political party declared in the register,False,2023-06-01,2024-02-01
D-003072,M-01006,Huntingdonshire District Council,Huntingdonshire District Council,St Neots Eynesbury,Councillor,Planning,Securities,Securities declared in the register,False,2025-06-09,2025-07-20
D-003073,M-01007,Cambridgeshire County Council,Cambridgeshire County Council,Ramsey,Committee Member,(none),Land and property in the area,Land and property in the area declared in the register,False,2025-08-01,2025-09-04
D-003074,M-01007,Cambridgeshire County Council,Cambridgeshire County Council,Ramsey,Committee Member,Overview and Scrutiny,Securities,Securities declared in the register,False,2024-01-29,2025-02-18
D-003075,M-01007,Cambridgeshire County Council,Cambridgeshire County Council,Ramsey,Committee Member,(none),Licences to occupy land,Licences to occupy land declared in the register,False,2025-04-16,2025-04-24
D-003076,M-01008,St Ives Town Council,Huntingdonshire District Council,Warboys,Councillor,Planning,Directorship,Directorship declared in the register,False,2024-10-26,2025-07-26
D-003077,M-01009,Ramsey Town Council,Huntingdonshire District Council,St Ives East,Councillor,Employment,Securities,Securities declared in the register,False,2025-10-07,2026-09-25
D-003078,M-01009,Ramsey Town Council,Huntingdonshire District Council,St Ives East,Councillor,Corporate Governance,Membership of a political party,Membership of a political party declared in the register,False,2025-03-30,2025-08-07
D-003079,M-01009,Ramsey Town Council,Huntingdonshire District Council,St Ives East,Councillor,Audit and Governance,"Employment, office, trade or profession",Employment declared in the register,False,2023-07-10,2024-06-22
D-003080,M-01009,Ramsey Town Council,Huntingdonshire District Council,St Ives East,Councillor,Planning,"Employment, office, trade or profession",Employment declared in the register,False,2024-09-15,2025-06-08
D-003081,M-01010,Huntingdonshire District Council,Huntingdonshire District Council,Huntingdon East,Councillor,Health and Wellbeing,Directorship,Directorship declared in the register,False,2023-07-20,2024-01-29
D-003082,M-01011,Huntingdonshire District Council,Huntingdonshire District Council,Buckden,Councillor,Corporate Governance,Securities,Securities declared in the register,False,2024-10-20,2025-01-23
D-003083,M-01011,Huntingdonshire District Council,Huntingdonshire District Council,Buckden,Councillor,Corporate Governance,Membership of a charity or voluntary body,Membership of a charity or voluntary body declared in the register,False,2024-12-20,2025-05-12
D-003084,M-01011,Huntingdonshire District Council,Huntingdonshire District Council,Buckden,Councillor,(none),Membership of a charity or voluntary body,Membership of a charity or voluntary body declared in the register,False,2025-07-24,2026-03-25
D-003085,M-01011,Huntingdonshire District Council,Huntingdonshire District Council,Buckden,Councillor,Corporate Governance,Membership of a political party,Membership of a political party declared in the register,False,2025-02-23,2025-11-07
D-003086,M-01011,Huntingdonshire District Council,Huntingdonshire District Council,Buckden,Councillor,Planning,Land and property in the area,Land and property in the area declared in the register,False,2024-03-16,2024-07-02
D-003087,M-01012,Ramsey Town Council,Huntingdonshire District Council,Warboys,Councillor,Planning,Licences to occupy land,Licences to occupy land declared in the register,False,2024-03-21,2024-06-18
D-003088,M-01012,Ramsey Town Council,Huntingdonshire District Council,Warboys,Councillor,Environment,Corporate tenancies,Corporate tenancies declared in the register,False,2025-02-16,2026-02-03
D-003089,M-01012,Ramsey Town Council,Huntingdonshire District Council,Warboys,Councillor,Health and Wellbeing,Trade union membership,Trade union membership declared in the register,False,2025-03-26,2025-09-02
D-003090,M-01013,South Cambridgeshire District Council,South Cambridgeshire District Council,Brampton,Committee Member,Overview and Scrutiny,Membership of a charity or voluntary body,Membership of a charity or voluntary body declared in the register,False,2024-11-19,2025-06-29
D-003091,M-01013,South Cambridgeshire District Council,South Cambridgeshire District Council,Brampton,Committee Member,Employment,Corporate tenancies,Corporate tenancies declared in the register,False,2023-12-12,2024-01-15
D-003092,M-01014,Ramsey Town Council,Huntingdonshire District Council,Sawtry,Committee Member,Corporate Governance,Sponsorship,Sponsorship declared in the register,False,2025-01-11,2025-06-17
D-003093,M-01014,Ramsey Town Council,Huntingdonshire District Council,Sawtry,Committee Member,Employment,Land and property in the area,Land and property in the area declared in the register,False,2024-11-25,2024-12-19
D-003094,M-01014,Ramsey Town Council,Huntingdonshire District Council,Sawtry,Committee Member,Health and Wellbeing,Securities,Securities declared in the register,False,2023-06-27,2023-09-26
D-003095,M-01014,Ramsey Town Council,Huntingdonshire District Council,Sawtry,Committee Member,Corporate Governance,Corporate tenancies,Corporate tenancies declared in the register,False,2025-09-29,2026-04-28
D-003096,M-01015,Cambridgeshire County Council,Cambridgeshire County Council,Godmanchester,Councillor,Finance,Corporate tenancies,Corporate tenancies declared in the register,False,2023-09-02,2023-10-10
D-003097,M-01015,Cambridgeshire County Council,Cambridgeshire County Council,Godmanchester,Councillor,Licensing,Land and property in the area,Land and property in the area declared in the register,False,2024-01-09,2024-01-20
D-003098,M-01016,Cambridgeshire County Council,Cambridgeshire County Council,Somersham,Chair,Finance,Sponsorship,Sponsorship declared in the register,False,2023-06-11,2024-06-18
D-003099,M-01016,Cambridgeshire County Council,Cambridgeshire County Council,Somersham,Chair,Health and Wellbeing,Sponsorship,Sponsorship declared in the register,False,2025-05-17,2026-06-18
D-003100,M-01016,Cambridgeshire County Council,Cambridgeshire County Council,Somersham,Chair,Standards,Trade union membership,Trade union membership declared in the register,False,2025-01-17,2025-07-07
D-003101,M-01017,Huntingdonshire District Council,Huntingdonshire District Council,Alconbury,Councillor,Employment,Membership of a body exercising public functions,Membership of a body exercising public functions declared in the register,False,2024-08-14,2025-02-21
D-003102,M-01017,Huntingdonshire District Council,Huntingdonshire District Council,Alconbury,Councillor,Standards,Membership of a charity or voluntary body,Membership of a charity or voluntary body declared in the register,False,2024-07-24,2024-10-22
D-003103,M-01018,Ramsey Town Council,Huntingdonshire District Council,Yaxley,Vice-Chair,Finance,Directorship,Directorship declared in the register,False,2024-03-28,2024-09-28
D-003104,M-01019,St Ives Town Council,Huntingdonshire District Council,Huntingdon East,Councillor,Planning,Securities,Securities declared in the register,False,2025-04-25,2025-05-11
D-003105,M-01019,St Ives Town Council,Huntingdonshire District Council,Huntingdon East,Councillor,Finance,Licences to occupy land,Licences to occupy land declared in the register,False,2024-01-24,2024-04-19
D-003106,M-01019,St Ives Town Council,Huntingdonshire District Council,Huntingdon East,Councillor,Corporate Governance,Securities,Securities declared in the register,False,2024-12-27,2025-05-19
D-003107,M-01019,St Ives Town Council,Huntingdonshire District Council,Huntingdon East,Councillor,Employment,Securities,Securities declared in the register,False,2024-12-26,2025-02-08
D-003108,M-01020,South Cambridgeshire District Council,South Cambridgeshire District Council,Brampton,Councillor,Licensing,Contracts with the authority,Contracts with the authority declared in the register,False,2023-09-27,2024-06-16
D-003109,M-01021,South Cambridgeshire District Council,South Cambridgeshire District Council,Fenstanton,Councillor,Overview and Scrutiny,Sponsorship,Sponsorship declared in the register,False,2025-04-24,2025-08-18
D-003110,M-01021,South Cambridgeshire District Council,South Cambridgeshire District Council,Fenstanton,Councillor,Licensing,Membership of a body exercising public functions,Membership of a body exercising public functions declared in the register,False,2025-06-10,2026-06-24
D-003111,M-01022,Huntingdon Town Council,Huntingdonshire District Council,Ramsey,Councillor,(none),Contracts with the authority,Contracts with the authority declared in the register,False,2024-01-27,2024-11-10
D-003112,M-01023,Cambridgeshire County Council,Cambridgeshire County Council,Hemingfords,Councillor,Finance,Sponsorship,Sponsorship declared in the register,False,2025-01-17,2025-01-30
D-003113,M-01023,Cambridgeshire County Council,Cambridgeshire County Council,Hemingfords,Councillor,Overview and Scrutiny,Corporate tenancies,Corporate tenancies declared in the register,False,2023-10-11,2024-09-24
D-003114,M-01023,Cambridgeshire County Council,Cambridgeshire County Council,Hemingfords,Councillor,(none),Licences to occupy land,Licences to occupy land declared in the register,False,2023-07-08,2023-09-21
D-003115,M-01024,Cambridgeshire County Council,Cambridgeshire County Council,Hemingfords,Councillor,Audit and Governance,Licences to occupy land,Licences to occupy land declared in the register,False,2025-10-11,2026-07-09
D-003116,M-01024,Cambridgeshire County Council,Cambridgeshire County Council,Hemingfords,Councillor,Health and Wellbeing,Trade union membership,Trade union membership declared in the register,False,2025-07-20,2025-07-31
D-003117,M-01025,Ramsey Town Council,Huntingdonshire District Council,St Ives East,Councillor,Overview and Scrutiny,Contracts with the authority,Contracts with the authority declared in the register,False,2023-10-17,2024-05-05
D-003118,M-01025,Ramsey Town Council,Huntingdonshire District Council,St Ives East,Councillor,Planning,Trade union membership,Trade union membership declared in the register,False,2024-10-18,2024-12-13
D-003119,M-01025,Ramsey Town Council,Huntingdonshire District Council,St Ives East,Councillor,Employment,Licences to occupy land,Licences to occupy land declared in the register,False,2025-05-09,2026-06-12
D-003120,M-01025,Ramsey Town Council,Huntingdonshire District Council,St Ives East,Councillor,(none),Membership of a body exercising public functions,Membership of a body exercising public functions declared in the register,False,2025-03-25,2026-03-09
D-003121,M-01026,Cambridgeshire County Council,Cambridgeshire County Council,Little Paxton,Councillor,Environment,Corporate tenancies,Corporate tenancies declared in the register,False,2023-11-21,2024-08-27
D-003122,M-01026,Cambridgeshire County Council,Cambridgeshire County Council,Little Paxton,Councillor,Overview and Scrutiny,Membership of a body exercising public functions,Membership of a body exercising public functions declared in the register,False,2024-07-07,2025-06-18
D-003123,M-01027,Huntingdon Town Council,Huntingdonshire District Council,Ramsey,Councillor,Planning,Licences to occupy land,Licences to occupy land declared in the register,False,2024-03-15,2025-01-16
D-003124,M-01027,Huntingdon Town Council,Huntingdonshire District Council,Ramsey,Councillor,Audit and Governance,Membership of a political party,Membership of a political party declared in the register,False,2025-03-02,2025-07-02
D-003125,M-01028,Ramsey Town Council,Huntingdonshire District Council,Sawtry,Councillor,Planning,Sponsorship,Sponsorship declared in the register,False,2024-04-01,2024-12-27
D-003126,M-01029,Huntingdonshire District Council,Huntingdonshire District Council,St Neots East,Mayor,Overview and Scrutiny,Land and property in the area,Land and property in the area declared in the register,False,2024-02-02,2024-12-20
D-003127,M-01029,Huntingdonshire District Council,Huntingdonshire District Council,St Neots East,Mayor,Employment,Sensitive interest (withheld under s.32),,True,2023-08-12,2024-02-01
D-003128,M-01029,Huntingdonshire District Council,Huntingdonshire District Council,St Neots East,Mayor,Employment,Securities,Securities declared in the register,False,2023-11-11,2024-06-29
D-003129,M-01029,Huntingdonshire District Council,Huntingdonshire District Council,St Neots East,Mayor,Finance,Corporate tenancies,Corporate tenancies declared in the register,False,2024-10-22,2025-02-05
D-003130,M-01029,Huntingdonshire District Council,Huntingdonshire District Council,St Neots East,Mayor,Environment,Contracts with the authority,Contracts with the authority declared in the register,False,2025-10-15,2026-09-02
D-003131,M-01030,Cambridgeshire County Council,Cambridgeshire County Council,St Neots Eynesbury,Councillor,Finance,Licences to occupy land,Licences to occupy land declared in the register,False,2023-10-27,2024-01-19
D-003132,M-01030,Cambridgeshire County Council,Cambridgeshire County Council,St Neots Eynesbury,Councillor,Health and Wellbeing,Sponsorship,Sponsorship declared in the register,False,2024-08-25,2024-12-11
D-003133,M-01030,Cambridgeshire County Council,Cambridgeshire County Council,St Neots Eynesbury,Councillor,Audit and Governance,Contracts with the authority,Contracts with the authority declared in the register,False,2024-05-10,2024-11-25
D-003134,M-01030,Cambridgeshire County Council,Cambridgeshire County Council,St Neots Eynesbury,Councillor,Environment,Membership of a body exercising public functions,Membership of a body exercising public functions declared in the register,False,2023-07-24,2023-12-06
D-003135,M-01030,Cambridgeshire County Council,Cambridgeshire County Council,St Neots Eynesbury,Councillor,Employment,Trade union membership,Trade union membership declared in the register,False,2023-10-18,2024-02-28
D-003136,M-01031,Huntingdon Town Council,Huntingdonshire District Council,Ramsey,Committee Member,Licensing,Sponsorship,Sponsorship declared in the register,False,2023-08-19,2024-01-15
D-003137,M-01031,Huntingdon Town Council,Huntingdonshire District Council,Ramsey,Committee Member,Standards,Land and property in the area,Land and property in the area declared in the register,False,2025-05-11,2025-08-16
D-003138,M-01031,Huntingdon Town Council,Huntingdonshire District Council,Ramsey,Committee Member,Finance,Contracts with the authority,Contracts with the authority declared in the register,False,2025-03-13,2025-11-14
D-003139,M-01031,Huntingdon Town Council,Huntingdonshire District Council,Ramsey,Committee Member,Health and Wellbeing,Sensitive interest (withheld under s.32),,True,2024-01-21,2024-05-08
D-003140,M-01032,St Ives Town Council,Huntingdonshire District Council,Ramsey,Councillor,Audit and Governance,Directorship,Directorship declared in the register,False,2024-11-17,2025-11-21
D-003141,M-01032,St Ives Town Council,Huntingdonshire District Council,Ramsey,Councillor,Corporate Governance,Membership of a body exercising public functions,Membership of a body exercising public functions declared in the register,False,2024-10-25,2025-05-28
D-003142,M-01032,St Ives Town Council,Huntingdonshire District Council,Ramsey,Councillor,Finance,Contracts with the authority,Contracts with the authority declared in the register,False,2024-10-09,2024-11-17
D-003143,M-01032,St Ives Town Council,Huntingdonshire District Council,Ramsey,Councillor,Planning,Land and property in the area,Land and property in the area declared in the register,False,2025-02-16,2025-09-19
D-003144,M-01032,St Ives Town Council,Huntingdonshire District Council,Ramsey,Councillor,Health and Wellbeing,Directorship,Directorship declared in the register,False,2024-11-23,2025-11-28
D-003145,M-01033,Huntingdonshire District Council,Huntingdonshire District Council,Ramsey,Councillor,Planning,Membership of a charity or voluntary body,Membership of a charity or voluntary body declared in the register,False,2024-06-17,2024-10-09
D-003146,M-01033,Huntingdonshire District Council,Huntingdonshire District Council,Ramsey,Councillor,Overview and Scrutiny,Corporate tenancies,Corporate tenancies declared in the register,False,2023-06-12,2023-10-03
D-003147,M-01033,Huntingdonshire District Council,Huntingdonshire District Council,Ramsey,Councillor,Audit and Governance,Land and property in the area,Land and property in the area declared in the register,False,2024-10-27,2025-03-23
D-003148,M-01034,Cambridgeshire County Council,Cambridgeshire County Council,Brampton,Councillor,(none),Securities,Securities declared in the register,False,2025-07-12,2026-04-07
D-003149,M-01034,Cambridgeshire County Council,Cambridgeshire County Council,Brampton,Councillor,(none),Corporate tenancies,Corporate tenancies declared in the register,False,2024-10-21,2025-04-09
D-003150,M-01035,St Ives Town Council,Huntingdonshire District Council,St Neots East,Cabinet Member,Corporate Governance,Corporate tenancies,Corporate tenancies declared in the register,False,2024-06-10,2025-06-10
D-003151,M-01035,St Ives Town Council,Huntingdonshire District Council,St Neots East,Cabinet Member,Standards,Contracts with the authority,Contracts with the authority declared in the register,False,2025-07-29,2025-11-05
D-003152,M-01035,St Ives Town Council,Huntingdonshire District Council,St Neots East,Cabinet Member,(none),Contracts with the authority,Contracts with the authority declared in the register,False,2023-05-24,2023-11-08
D-003153,M-01035,St Ives Town Council,Huntingdonshire District Council,St Neots East,Cabinet Member,Employment,Membership of a charity or voluntary body,Membership of a charity or voluntary body declared in the register,False,2024-04-04,2025-02-02
D-003154,M-01035,St Ives Town Council,Huntingdonshire District Council,St Neots East,Cabinet Member,Planning,Trade union membership,Trade union membership declared in the register,False,2025-09-11,2026-03-15
D-003155,M-01036,Huntingdonshire District Council,Huntingdonshire District Council,Ramsey,Councillor,Overview and Scrutiny,Corporate tenancies,Corporate tenancies declared in the register,False,2024-09-20,2025-03-07
D-003156,M-01036,Huntingdonshire District Council,Huntingdonshire District Council,Ramsey,Councillor,(none),Securities,Securities declared in the register,False,2023-08-24,2023-12-16
D-003157,M-01037,Ramsey Town Council,Huntingdonshire District Council,Huntingdon East,Councillor,Health and Wellbeing,Licences to occupy land,Licences to occupy land declared in the register,False,2024-10-08,2024-10-26
D-003158,M-01037,Ramsey Town Council,Huntingdonshire District Council,Huntingdon East,Councillor,Finance,Trade union membership,Trade union membership declared in the register,False,2024-05-09,2025-02-09
D-003159,M-01037,Ramsey Town Council,Huntingdonshire District Council,Huntingdon East,Councillor,Planning,Land and property in the area,Land and property in the area declared in the register,False,2024-11-08,2025-12-12
D-003160,M-01037,Ramsey Town Council,Huntingdonshire District Council,Huntingdon East,Councillor,Audit and Governance,"Employment, office, trade or profession",Employment declared in the register,False,2025-01-05,2026-01-08
D-003161,M-01038,South Cambridgeshire District Council,South Cambridgeshire District Council,Huntingdon East,Committee Member,Licensing,Land and property in the area,Land and property in the area declared in the register,False,2024-02-25,2024-09-15
D-003162,M-01039,Cambridgeshire County Council,Cambridgeshire County Council,Huntingdon North,Councillor,Standards,Directorship,Directorship declared in the register,False,2024-06-15,2025-01-30
D-003163,M-01039,Cambridgeshire County Council,Cambridgeshire County Council,Huntingdon North,Councillor,Environment,Contracts with the authority,Contracts with the authority declared in the register,False,2023-12-25,2025-01-22
D-003164,M-01039,Cambridgeshire County Council,Cambridgeshire County Council,Huntingdon North,Councillor,Planning,"Employment, office, trade or profession",Employment declared in the register,False,2024-12-17,2025-03-21
D-003165,M-01040,Ramsey Town Council,Huntingdonshire District Council,Yaxley,Committee Member,Corporate Governance,Membership of a political party,Membership of a political party declared in the register,False,2025-06-21,2025-11-22
D-003166,M-01040,Ramsey Town Council,Huntingdonshire District Council,Yaxley,Committee Member,(none),Contracts with the authority,Contracts with the authority declared in the register,False,2025-10-07,2025-12-20
D-003167,M-01040,Ramsey Town Council,Huntingdonshire District Council,Yaxley,Committee Member,Finance,Licences to occupy land,Licences to occupy land declared in the register,False,2024-11-16,2025-01-09
D-003168,M-01040,Ramsey Town Council,Huntingdonshire District Council,Yaxley,Committee Member,Environment,Corporate tenancies,Corporate tenancies declared in the register,False,2023-12-09,2024-07-30
D-003169,M-01040,Ramsey Town Council,Huntingdonshire District Council,Yaxley,Committee Member,Audit and Governance,Securities,Securities declared in the register,False,2023-12-12,2024-08-13
D-003170,M-01041,St Ives Town Council,Huntingdonshire District Council,Godmanchester,Councillor,Employment,Securities,Securities declared in the register,False,2024-10-24,2024-12-05
D-003171,M-01041,St Ives Town Council,Huntingdonshire District Council,Godmanchester,Councillor,(none),"Employment, office, trade or profession",Employment declared in the register,False,2024-02-03,2024-03-14
D-003172,M-01042,Cambridgeshire County Council,Cambridgeshire County Council,Huntingdon East,Councillor,Overview and Scrutiny,Licences to occupy land,Licences to occupy land declared in the register,False,2023-07-28,2024-05-11
D-003173,M-01043,St Ives Town Council,Huntingdonshire District Council,Fenstanton,Councillor,Licensing,Securities,Securities declared in the register,False,2025-04-20,2026-03-20
D-003174,M-01043,St Ives Town Council,Huntingdonshire District Council,Fenstanton,Councillor,Corporate Governance,Sponsorship,Sponsorship declared in the register,False,2024-11-22,2025-09-07
D-003175,M-01044,St Ives Town Council,Huntingdonshire District Council,St Ives East,Councillor,Licensing,Securities,Securities declared in the register,False,2025-05-01,2025-09-04
D-003176,M-01044,St Ives Town Council,Huntingdonshire District Council,St Ives East,Councillor,Health and Wellbeing,Licences to occupy land,Licences to occupy land declared in the register,False,2024-10-30,2025-11-01
D-003177,M-01044,St Ives Town Council,Huntingdonshire District Council,St Ives East,Councillor,Audit and Governance,Securities,Securities declared in the register,False,2023-09-06,2023-10-02
D-003178,M-01044,St Ives Town Council,Huntingdonshire District Council,St Ives East,Councillor,(none),Membership of a body exercising public functions,Membership of a body exercising public functions declared in the register,False,2024-01-22,2024-07-08
D-003179,M-01045,South Cambridgeshire District Council,South Cambridgeshire District Council,Huntingdon North,Councillor,Environment,Membership of a body exercising public functions,Membership of a body exercising public functions declared in the register,False,2023-07-10,2024-01-11
D-003180,M-01045,South Cambridgeshire District Council,South Cambridgeshire District Council,Huntingdon North,Councillor,Finance,Membership of a body exercising public functions,Membership of a body exercising public functions declared in the register,False,2024-08-09,2025-07-17
D-003181,M-01046,Huntingdonshire District Council,Huntingdonshire District Council,St Neots East,Councillor,Corporate Governance,Directorship,Directorship declared in the register,False,2025-08-03,2026-01-14
D-003182,M-01047,Huntingdon Town Council,Huntingdonshire District Council,Little Paxton,Councillor,Audit and Governance,Securities,Securities declared in the register,False,2024-10-08,2024-10-28
D-003183,M-01047,Huntingdon Town Council,Huntingdonshire District Council,Little Paxton,Councillor,Corporate Governance,Sponsorship,Sponsorship declared in the register,False,2024-06-03,2025-01-22
D-003184,M-01047,Huntingdon Town Council,Huntingdonshire District Council,Little Paxton,Councillor,Licensing,Membership of a charity or voluntary body,Membership of a charity or voluntary body declared in the register,False,2025-03-13,2025-04-17
D-003185,M-01047,Huntingdon Town Council,Huntingdonshire District Council,Little Paxton,Councillor,Health and Wellbeing,Sensitive interest (withheld under s.32),,True,2024-07-08,2024-11-02
D-003186,M-01048,Ramsey Town Council,Huntingdonshire District Council,St Ives South,Councillor,Finance,Membership of a body exercising public functions,Membership of a body exercising public functions declared in the register,False,2025-01-05,2025-01-16
D-003187,M-01048,Ramsey Town Council,Huntingdonshire District Council,St Ives South,Councillor,Corporate Governance,Contracts with the authority,Contracts with the authority declared in the register,False,2024-08-18,2025-02-28
D-003188,M-01048,Ramsey Town Council,Huntingdonshire District Council,St Ives South,Councillor,Planning,"Employment, office, trade or profession",Employment declared in the register,False,2023-05-27,2023-08-20
D-003189,M-01048,Ramsey Town Council,Huntingdonshire District Council,St Ives South,Councillor,Employment,Membership of a body exercising public functions,Membership of a body exercising public functions declared in the register,False,2023-06-24,2023-08-18
D-003190,M-01049,Huntingdon Town Council,Huntingdonshire District Council,Brampton,Councillor,Employment,Directorship,Directorship declared in the register,False,2025-03-28,2025-09-15
D-003191,M-01049,Huntingdon Town Council,Huntingdonshire District Council,Brampton,Councillor,Standards,Sensitive interest (withheld under s.32),,True,2023-09-27,2024-06-15
D-003192,M-01049,Huntingdon Town Council,Huntingdonshire District Council,Brampton,Councillor,Audit and Governance,Sponsorship,Sponsorship declared in the register,False,2023-10-18,2024-02-23
D-003193,M-01050,Huntingdon Town Council,Huntingdonshire District Council,Yaxley,Councillor,Corporate Governance,Trade union membership,Trade union membership declared in the register,False,2024-12-10,2025-06-26
D-003194,M-01050,Huntingdon Town Council,Huntingdonshire District Council,Yaxley,Councillor,(none),Corporate tenancies,Corporate tenancies declared in the register,False,2024-10-20,2025-03-22
D-003195,M-01050,Huntingdon Town Council,Huntingdonshire District Council,Yaxley,Councillor,Licensing,Land and property in the area,Land and property in the area declared in the register,False,2023-05-30,2023-06-27
D-003196,M-01050,Huntingdon Town Council,Huntingdonshire District Council,Yaxley,Councillor,Employment,Membership of a charity or voluntary body,Membership of a charity or voluntary body declared in the register,False,2024-10-09,2025-06-15
D-003197,M-01051,South Cambridgeshire District Council,South Cambridgeshire District Council,Brampton,Councillor,Audit and Governance,Membership of a charity or voluntary body,Membership of a charity or voluntary body declared in the register,False,2023-12-08,2024-10-03
D-003198,M-01051,South Cambridgeshire District Council,South Cambridgeshire District Council,Brampton,Councillor,Licensing,Sensitive interest (withheld under s.32),,True,2024-08-16,2024-09-08
D-003199,M-01052,Cambridgeshire County Council,Cambridgeshire County Council,Alconbury,Councillor,Audit and Governance,"Employment, office, trade or profession",Employment declared in the register,False,2023-07-03,2023-08-28
D-003200,M-01052,Cambridgeshire County Council,Cambridgeshire County Council,Alconbury,Councillor,Audit and Governance,Membership of a body exercising public functions,Membership of a body exercising public functions declared in the register,False,2024-11-24,2025-11-10
D-003201,M-01053,St Ives Town Council,Huntingdonshire District Council,Huntingdon North,Committee Member,Overview and Scrutiny,Directorship,Directorship declared in the register,False,2023-12-26,2024-03-27
D-003202,M-01053,St Ives Town Council,Huntingdonshire District Council,Huntingdon North,Committee Member,Employment,"Employment, office, trade or profession",Employment declared in the register,False,2024-03-02,2024-10-31
D-003203,M-01053,St Ives Town Council,Huntingdonshire District Council,Huntingdon North,Committee Member,Health and Wellbeing,Contracts with the authority,Contracts with the authority declared in the register,False,2023-10-14,2024-09-23
D-003204,M-01053,St Ives Town Council,Huntingdonshire District Council,Huntingdon North,Committee Member,Audit and Governance,Directorship,Directorship declared in the register,False,2025-08-14,2026-06-21
D-003205,M-01054,Huntingdon Town Council,Huntingdonshire District Council,Little Paxton,Councillor,Standards,Trade union membership,Trade union membership declared in the register,False,2025-10-02,2026-08-08
D-003206,M-01055,South Cambridgeshire District Council,South Cambridgeshire District Council,St Neots Eynesbury,Councillor,Overview and Scrutiny,Sponsorship,Sponsorship declared in the register,False,2023-06-25,2024-04-18
D-003207,M-01055,South Cambridgeshire District Council,South Cambridgeshire District Council,St Neots Eynesbury,Councillor,Finance,Sponsorship,Sponsorship declared in the register,False,2024-06-20,2024-09-28
D-003208,M-01055,South Cambridgeshire District Council,South Cambridgeshire District Council,St Neots Eynesbury,Councillor,Employment,Contracts with the authority,Contracts with the authority declared in the register,False,2023-08-20,2024-09-09
D-003209,M-01056,Ramsey Town Council,Huntingdonshire District Council,Somersham,Councillor,Health and Wellbeing,Trade union membership,Trade union membership declared in the register,False,2023-11-17,2024-01-25
D-003210,M-01056,Ramsey Town Council,Huntingdonshire District Council,Somersham,Councillor,Finance,Sensitive interest (withheld under s.32),,True,2025-10-01,2025-11-24
D-003211,M-01056,Ramsey Town Council,Huntingdonshire District Council,Somersham,Councillor,Audit and Governance,Directorship,Directorship declared in the register,False,2023-09-10,2024-05-16
D-003212,M-01057,South Cambridgeshire District Council,South Cambridgeshire District Council,Buckden,Chair,Employment,Sponsorship,Sponsorship declared in the register,False,2024-11-15,2025-02-07
D-003213,M-01057,South Cambridgeshire District Council,South Cambridgeshire District Council,Buckden,Chair,Health and Wellbeing,Licences to occupy land,Licences to occupy land declared in the register,False,2025-02-12,2025-10-13
D-003214,M-01057,South Cambridgeshire District Council,South Cambridgeshire District Council,Buckden,Chair,(none),Directorship,Directorship declared in the register,False,2025-01-19,2025-06-02
D-003215,M-01058,South Cambridgeshire District Council,South Cambridgeshire District Council,Warboys,Councillor,Corporate Governance,Corporate tenancies,Corporate tenancies declared in the register,False,2023-06-06,2023-12-31
D-003216,M-01058,South Cambridgeshire District Council,South Cambridgeshire District Council,Warboys,Councillor,Licensing,Securities,Securities declared in the register,False,2023-08-31,2024-03-01
D-003217,M-01058,South Cambridgeshire District Council,South Cambridgeshire District Council,Warboys,Councillor,Licensing,Directorship,Directorship declared in the register,False,2023-10-01,2024-08-21
D-003218,M-01059,St Ives Town Council,Huntingdonshire District Council,St Ives West,Councillor,(none),Securities,Securities declared in the register,False,2023-05-20,2024-06-16
D-003219,M-01059,St Ives Town Council,Huntingdonshire District Council,St Ives West,Councillor,Licensing,Licences to occupy land,Licences to occupy land declared in the register,False,2024-02-12,2024-08-20
D-003220,M-01060,St Ives Town Council,Huntingdonshire District Council,Brampton,Councillor,Standards,"Employment, office, trade or profession",Employment declared in the register,False,2024-11-15,2025-05-24
D-003221,M-01060,St Ives Town Council,Huntingdonshire District Council,Brampton,Councillor,Finance,Membership of a body exercising public functions,Membership of a body exercising public functions declared in the register,False,2023-05-23,2024-03-26
D-003222,M-01061,Ramsey Town Council,Huntingdonshire District Council,Ramsey,Councillor,Licensing,Directorship,Directorship declared in the register,False,2024-05-22,2025-03-11
D-003223,M-01061,Ramsey Town Council,Huntingdonshire District Council,Ramsey,Councillor,Finance,Land and property in the area,Land and property in the area declared in the register,False,2025-02-21,2025-10-19
D-003224,M-01061,Ramsey Town Council,Huntingdonshire District Council,Ramsey,Councillor,Planning,Sponsorship,Sponsorship declared in the register,False,2024-08-09,2025-07-29
D-003225,M-01061,Ramsey Town Council,Huntingdonshire District Council,Ramsey,Councillor,Planning,"Employment, office, trade or profession",Employment declared in the register,False,2025-05-22,2025-11-02
D-003226,M-01062,St Ives Town Council,Huntingdonshire District Council,Huntingdon North,Committee Member,Overview and Scrutiny,Sensitive interest (withheld under s.32),,True,2024-02-06,2024-08-26
D-003227,M-01062,St Ives Town Council,Huntingdonshire District Council,Huntingdon North,Committee Member,Finance,Contracts with the authority,Contracts with the authority declared in the register,False,2025-10-14,2026-08-11
D-003228,M-01062,St Ives Town Council,Huntingdonshire District Council,Huntingdon North,Committee Member,Corporate Governance,Membership of a political party,Membership of a political party declared in the register,False,2024-03-13,2024-10-24
D-003229,M-01063,St Ives Town Council,Huntingdonshire District Council,Brampton,Chair,Planning,Contracts with the authority,Contracts with the authority declared in the register,False,2025-07-03,2025-12-25
D-003230,M-01063,St Ives Town Council,Huntingdonshire District Council,Brampton,Chair,Finance,Securities,Securities declared in the register,False,2025-09-24,2026-08-01
D-003231,M-01064,Huntingdonshire District Council,Huntingdonshire District Council,Ramsey,Councillor,Standards,Securities,Securities declared in the register,False,2025-06-11,2025-09-03
D-003232,M-01064,Huntingdonshire District Council,Huntingdonshire District Council,Ramsey,Councillor,Standards,Contracts with the authority,Contracts with the authority declared in the register,False,2025-06-29,2025-09-03
D-003233,M-01064,Huntingdonshire District Council,Huntingdonshire District Council,Ramsey,Councillor,Overview and Scrutiny,Membership of a charity or voluntary body,Membership of a charity or voluntary body declared in the register,False,2025-04-05,2025-10-13
D-003234,M-01064,Huntingdonshire District Council,Huntingdonshire District Council,Ramsey,Councillor,Overview and Scrutiny,Land and property in the area,Land and property in the area declared in the register,False,2025-06-05,2026-04-23
D-003235,M-01064,Huntingdonshire District Council,Huntingdonshire District Council,Ramsey,Councillor,Corporate Governance,Licences to occupy land,Licences to occupy land declared in the register,False,2025-03-10,2025-10-04
D-003236,M-01065,South Cambridgeshire District Council,South Cambridgeshire District Council,St Neots Eynesbury,Committee Member,Overview and Scrutiny,Licences to occupy land,Licences to occupy land declared in the register,False,2024-09-17,2025-08-08
D-003237,M-01065,South Cambridgeshire District Council,South Cambridgeshire District Council,St Neots Eynesbury,Committee Member,Licensing,"Employment, office, trade or profession",Employment declared in the register,False,2025-06-05,2025-09-17
D-003238,M-01065,South Cambridgeshire District Council,South Cambridgeshire District Council,St Neots Eynesbury,Committee Member,Overview and Scrutiny,"Employment, office, trade or profession",Employment declared in the register,False,2024-02-12,2024-12-23
D-003239,M-01066,Huntingdonshire District Council,Huntingdonshire District Council,St Ives East,Committee Member,Audit and Governance,Licences to occupy land,Licences to occupy land declared in the register,False,2024-11-28,2025-03-03
D-003240,M-01066,Huntingdonshire District Council,Huntingdonshire District Council,St Ives East,Committee Member,Finance,Membership of a political party,Membership of a political party declared in the register,False,2023-06-12,2024-04-10
D-003241,M-01066,Huntingdonshire District Council,Huntingdonshire District Council,St Ives East,Committee Member,(none),Licences to occupy land,Licences to occupy land declared in the register,False,2025-03-30,2026-03-12
D-003242,M-01066,Huntingdonshire District Council,Huntingdonshire District Council,St Ives East,Committee Member,Finance,Contracts with the authority,Contracts with the authority declared in the register,False,2023-12-07,2024-02-23
D-003243,M-01067,Huntingdonshire District Council,Huntingdonshire District Council,Alconbury,Cabinet Member,Environment,Membership of a charity or voluntary body,Membership of a charity or voluntary body declared in the register,False,2024-02-16,2025-01-25
D-003244,M-01067,Huntingdonshire District Council,Huntingdonshire District Council,Alconbury,Cabinet Member,Environment,Land and property in the area,Land and property in the area declared in the register,False,2024-11-18,2025-09-07
D-003245,M-01067,Huntingdonshire District Council,Huntingdonshire District Council,Alconbury,Cabinet Member,Environment,"Employment, office, trade or profession",Employment declared in the register,False,2023-10-14,2024-10-28
D-003246,M-01067,Huntingdonshire District Council,Huntingdonshire District Council,Alconbury,Cabinet Member,Employment,Sponsorship,Sponsorship declared in the register,False,2025-10-08,2026-02-14
D-003247,M-01068,Cambridgeshire County Council,Cambridgeshire County Council,Brampton,Vice-Chair,Finance,"Employment, office, trade or profession",Employment declared in the register,False,2024-02-21,2024-03-15
D-003248,M-01068,Cambridgeshire County Council,Cambridgeshire County Council,Brampton,Vice-Chair,Standards,Membership of a political party,Membership of a political party declared in the register,False,2023-06-05,2024-03-02
D-003249,M-01068,Cambridgeshire County Council,Cambridgeshire County Council,Brampton,Vice-Chair,Health and Wellbeing,"Employment, office, trade or profession",Employment declared in the register,False,2025-03-07,2025-11-16
D-003250,M-01068,Cambridgeshire County Council,Cambridgeshire County Council,Brampton,Vice-Chair,Licensing,Contracts with the authority,Contracts with the authority declared in the register,False,2024-10-05,2025-05-18
D-003251,M-01069,Cambridgeshire County Council,Cambridgeshire County Council,Hemingfords,Cabinet Member,Employment,Membership of a body exercising public functions,Membership of a body exercising public functions declared in the register,False,2025-06-17,2026-03-17
D-003252,M-01069,Cambridgeshire County Council,Cambridgeshire County Council,Hemingfords,Cabinet Member,Licensing,Corporate tenancies,Corporate tenancies declared in the register,False,2025-01-08,2025-07-25
D-003253,M-01070,Cambridgeshire County Council,Cambridgeshire County Council,Ramsey,Committee Member,Standards,"Employment, office, trade or profession",Employment declared in the register,False,2024-06-26,2025-07-13
D-003254,M-01070,Cambridgeshire County Council,Cambridgeshire County Council,Ramsey,Committee Member,Overview and Scrutiny,Trade union membership,Trade union membership declared in the register,False,2024-04-13,2024-11-26
D-003255,M-01070,Cambridgeshire County Council,Cambridgeshire County Council,Ramsey,Committee Member,Planning,Corporate tenancies,Corporate tenancies declared in the register,False,2023-09-20,2023-10-02
D-003256,M-01071,St Ives Town Council,Huntingdonshire District Council,St Neots East,Councillor,Employment,Land and property in the area,Land and property in the area declared in the register,False,2024-11-23,2025-04-21
D-003257,M-01071,St Ives Town Council,Huntingdonshire District Council,St Neots East,Councillor,Overview and Scrutiny,Land and property in the area,Land and property in the area declared in the register,False,2024-07-18,2024-12-02
D-003258,M-01071,St Ives Town Council,Huntingdonshire District Council,St Neots East,Councillor,Standards,Licences to occupy land,Licences to occupy land declared in the register,False,2023-06-05,2023-10-06
D-003259,M-01072,Huntingdon Town Council,Huntingdonshire District Council,Warboys,Councillor,(none),Licences to occupy land,Licences to occupy land declared in the register,False,2025-06-09,2026-03-03
D-003260,M-01072,Huntingdon Town Council,Huntingdonshire District Council,Warboys,Councillor,Health and Wellbeing,Contracts with the authority,Contracts with the authority declared in the register,False,2024-05-19,2024-09-19
D-003261,M-01073,Ramsey Town Council,Huntingdonshire District Council,St Neots Eynesbury,Committee Member,Finance,Directorship,Directorship declared in the register,False,2024-11-09,2025-06-12
D-003262,M-01073,Ramsey Town Council,Huntingdonshire District Council,St Neots Eynesbury,Committee Member,Planning,Land and property in the area,Land and property in the area declared in the register,False,2023-10-26,2024-03-06
D-003263,M-01074,Huntingdon Town Council,Huntingdonshire District Council,St Ives South,Councillor,Licensing,Land and property in the area,Land and property in the area declared in the register,False,2025-06-14,2026-04-11
D-003264,M-01074,Huntingdon Town Council,Huntingdonshire District Council,St Ives South,Councillor,Finance,"Employment, office, trade or profession",Employment declared in the register,False,2024-11-27,2025-10-07
D-003265,M-01074,Huntingdon Town Council,Huntingdonshire District Council,St Ives South,Councillor,Corporate Governance,Licences to occupy land,Licences to occupy land declared in the register,False,2023-11-10,2024-02-10
D-003266,M-01074,Huntingdon Town Council,Huntingdonshire District Council,St Ives South,Councillor,Planning,"Employment, office, trade or profession",Employment declared in the register,False,2025-05-20,2025-07-06
D-003267,M-01074,Huntingdon Town Council,Huntingdonshire District Council,St Ives South,Councillor,Standards,"Employment, office, trade or profession",Employment declared in the register,False,2024-07-23,2024-07-31
D-003268,M-01075,St Ives Town Council,Huntingdonshire District Council,Huntingdon North,Councillor,Standards,Licences to occupy land,Licences to occupy land declared in the register,False,2024-08-23,2025-08-07
D-003269,M-01075,St Ives Town Council,Huntingdonshire District Council,Huntingdon North,Councillor,Audit and Governance,Trade union membership,Trade union membership declared in the register,False,2023-05-14,2024-03-24
D-003270,M-01075,St Ives Town Council,Huntingdonshire District Council,Huntingdon North,Councillor,Finance,Contracts with the authority,Contracts with the authority declared in the register,False,2025-07-02,2025-11-09
D-003271,M-01075,St Ives Town Council,Huntingdonshire District Council,Huntingdon North,Councillor,Planning,Trade union membership,Trade union membership declared in the register,False,2023-06-19,2024-02-03
D-003272,M-01075,St Ives Town Council,Huntingdonshire District Council,Huntingdon North,Councillor,Health and Wellbeing,Membership of a body exercising public functions,Membership of a body exercising public functions declared in the register,False,2024-08-27,2024-10-04
D-003273,M-01076,South Cambridgeshire District Council,South Cambridgeshire District Council,Sawtry,Councillor,Standards,Securities,Securities declared in the register,False,2024-02-23,2024-09-14
D-003274,M-01077,South Cambridgeshire District Council,South Cambridgeshire District Council,Godmanchester,Councillor,Audit and Governance,Membership of a charity or voluntary body,Membership of a charity or voluntary body declared in the register,False,2023-07-12,2023-09-25
D-003275,M-01078,Huntingdon Town Council,Huntingdonshire District Council,Alconbury,Councillor,Licensing,Directorship,Directorship declared in the register,False,2024-07-02,2024-08-07
D-003276,M-01078,Huntingdon Town Council,Huntingdonshire District Council,Alconbury,Councillor,Planning,Sponsorship,Sponsorship declared in the register,False,2023-08-19,2024-02-27
D-003277,M-01078,Huntingdon Town Council,Huntingdonshire District Council,Alconbury,Councillor,Licensing,"Employment, office, trade or profession",Employment declared in the register,False,2025-06-23,2026-02-01
D-003278,M-01078,Huntingdon Town Council,Huntingdonshire District Council,Alconbury,Councillor,Overview and Scrutiny,Directorship,Directorship declared in the register,False,2024-11-28,2025-03-01
D-003279,M-01079,South Cambridgeshire District Council,South Cambridgeshire District Council,Godmanchester,Councillor,(none),Sponsorship,Sponsorship declared in the register,False,2024-11-20,2025-04-11
D-003280,M-01079,South Cambridgeshire District Council,South Cambridgeshire District Council,Godmanchester,Councillor,Environment,Directorship,Directorship declared in the register,False,2024-09-29,2024-10-17
D-003281,M-01079,South Cambridgeshire District Council,South Cambridgeshire District Council,Godmanchester,Councillor,Environment,"Employment, office, trade or profession",Employment declared in the register,False,2025-03-01,2025-07-24
D-003282,M-01080,Ramsey Town Council,Huntingdonshire District Council,Godmanchester,Councillor,Licensing,Sponsorship,Sponsorship declared in the register,False,2024-12-05,2025-02-27
D-003283,M-01080,Ramsey Town Council,Huntingdonshire District Council,Godmanchester,Councillor,Overview and Scrutiny,"Employment, office, trade or profession",Employment declared in the register,False,2024-06-08,2024-08-24
D-003284,M-01080,Ramsey Town Council,Huntingdonshire District Council,Godmanchester,Councillor,Audit and Governance,Contracts with the authority,Contracts with the authority declared in the register,False,2024-11-18,2025-07-14
D-003285,M-01080,Ramsey Town Council,Huntingdonshire District Council,Godmanchester,Councillor,Corporate Governance,Membership of a charity or voluntary body,Membership of a charity or voluntary body declared in the register,False,2023-10-02,2023-10-23
D-003286,M-01081,Ramsey Town Council,Huntingdonshire District Council,St Neots East,Councillor,Corporate Governance,Membership of a charity or voluntary body,Membership of a charity or voluntary body declared in the register,False,2024-02-16,2024-03-06
D-003287,M-01081,Ramsey Town Council,Huntingdonshire District Council,St Neots East,Councillor,Health and Wellbeing,Membership of a body exercising public functions,Membership of a body exercising public functions declared in the register,False,2025-05-18,2026-02-01
D-003288,M-01081,Ramsey Town Council,Huntingdonshire District Council,St Neots East,Councillor,Health and Wellbeing,Corporate tenancies,Corporate tenancies declared in the register,False,2023-09-09,2023-10-29
D-003289,M-01081,Ramsey Town Council,Huntingdonshire District Council,St Neots East,Councillor,Licensing,Sensitive interest (withheld under s.32),,True,2025-09-20,2026-09-13
D-003290,M-01082,Huntingdonshire District Council,Huntingdonshire District Council,Ramsey,Cabinet Member,Corporate Governance,Sponsorship,Sponsorship declared in the register,False,2025-03-24,2026-01-05
D-003291,M-01082,Huntingdonshire District Council,Huntingdonshire District Council,Ramsey,Cabinet Member,Finance,Trade union membership,Trade union membership declared in the register,False,2025-03-06,2026-01-31
D-003292,M-01083,Huntingdonshire District Council,Huntingdonshire District Council,Buckden,Councillor,Licensing,Land and property in the area,Land and property in the area declared in the register,False,2023-06-03,2024-06-09
D-003293,M-01083,Huntingdonshire District Council,Huntingdonshire District Council,Buckden,Councillor,Planning,Sponsorship,Sponsorship declared in the register,False,2023-08-22,2023-10-07
D-003294,M-01083,Huntingdonshire District Council,Huntingdonshire District Council,Buckden,Councillor,Overview and Scrutiny,Sponsorship,Sponsorship declared in the register,False,2024-06-17,2024-09-02
D-003295,M-01083,Huntingdonshire District Council,Huntingdonshire District Council,Buckden,Councillor,Standards,Trade union membership,Trade union membership declared in the register,False,2025-06-14,2026-05-20
D-003296,M-01084,Huntingdonshire District Council,Huntingdonshire District Council,Huntingdon East,Councillor,Health and Wellbeing,Licences to occupy land,Licences to occupy land declared in the register,False,2023-09-21,2023-12-21
D-003297,M-01084,Huntingdonshire District Council,Huntingdonshire District Council,Huntingdon East,Councillor,Corporate Governance,Sensitive interest (withheld under s.32),,True,2023-05-21,2023-06-06
D-003298,M-01084,Huntingdonshire District Council,Huntingdonshire District Council,Huntingdon East,Councillor,Audit and Governance,Membership of a body exercising public functions,Membership of a body exercising public functions declared in the register,False,2024-01-08,2024-10-09
D-003299,M-01085,Huntingdon Town Council,Huntingdonshire District Council,Godmanchester,Committee Member,Standards,Sponsorship,Sponsorship declared in the register,False,2024-03-11,2024-09-26
D-003300,M-01085,Huntingdon Town Council,Huntingdonshire District Council,Godmanchester,Committee Member,Overview and Scrutiny,Sensitive interest (withheld under s.32),,True,2023-09-22,2023-12-02
D-003301,M-01086,Ramsey Town Council,Huntingdonshire District Council,St Ives South,Councillor,Audit and Governance,Land and property in the area,Land and property in the area declared in the register,False,2025-07-31,2025-09-17
D-003302,M-01086,Ramsey Town Council,Huntingdonshire District Council,St Ives South,Councillor,Planning,"Employment, office, trade or profession",Employment declared in the register,False,2024-08-01,2024-09-07
D-003303,M-01086,Ramsey Town Council,Huntingdonshire District Council,St Ives South,Councillor,Overview and Scrutiny,Sensitive interest (withheld under s.32),,True,2025-07-08,2025-09-10
D-003304,M-01086,Ramsey Town Council,Huntingdonshire District Council,St Ives South,Councillor,Finance,Membership of a political party,Membership of a political party declared in the register,False,2024-09-30,2025-02-05
D-003305,M-01087,Cambridgeshire County Council,Cambridgeshire County Council,Huntingdon East,Councillor,Standards,Directorship,Directorship declared in the register,False,2023-07-16,2023-10-14
D-003306,M-01088,Huntingdonshire District Council,Huntingdonshire District Council,Warboys,Chair,Standards,Contracts with the authority,Contracts with the authority declared in the register,False,2024-08-24,2025-08-25
D-003307,M-01088,Huntingdonshire District Council,Huntingdonshire District Council,Warboys,Chair,Overview and Scrutiny,Directorship,Directorship declared in the register,False,2024-09-01,2025-02-11
D-003308,M-01088,Huntingdonshire District Council,Huntingdonshire District Council,Warboys,Chair,Health and Wellbeing,Membership of a body exercising public functions,Membership of a body exercising public functions declared in the register,False,2025-06-02,2026-04-30
D-003309,M-01089,Ramsey Town Council,Huntingdonshire District Council,St Ives West,Councillor,Standards,Securities,Securities declared in the register,False,2024-07-01,2024-10-27
D-003310,M-01089,Ramsey Town Council,Huntingdonshire District Council,St Ives West,Councillor,Standards,Directorship,Directorship declared in the register,False,2024-07-03,2025-02-05
D-003311,M-01090,Huntingdonshire District Council,Huntingdonshire District Council,St Neots East,Committee Member,Finance,Directorship,Directorship declared in the register,False,2023-06-08,2024-04-29
D-003312,M-01090,Huntingdonshire District Council,Huntingdonshire District Council,St Neots East,Committee Member,Overview and Scrutiny,Membership of a political party,Membership of a political party declared in the register,False,2023-11-16,2023-11-20
D-003313,M-01090,Huntingdonshire District Council,Huntingdonshire District Council,St Neots East,Committee Member,(none),Corporate tenancies,Corporate tenancies declared in the register,False,2024-12-21,2025-06-05
D-003314,M-01090,Huntingdonshire District Council,Huntingdonshire District Council,St Neots East,Committee Member,Audit and Governance,Sponsorship,Sponsorship declared in the register,False,2025-02-04,2025-08-14
D-003315,M-01090,Huntingdonshire District Council,Huntingdonshire District Council,St Neots East,Committee Member,Overview and Scrutiny,Contracts with the authority,Contracts with the authority declared in the register,False,2023-07-08,2024-05-23
D-003316,M-01091,Huntingdonshire District Council,Huntingdonshire District Council,Hemingfords,Mayor,Health and Wellbeing,Sponsorship,Sponsorship declared in the register,False,2025-01-12,2025-07-15
D-003317,M-01091,Huntingdonshire District Council,Huntingdonshire District Council,Hemingfords,Mayor,Overview and Scrutiny,Sponsorship,Sponsorship declared in the register,False,2024-03-30,2024-09-13
D-003318,M-01091,Huntingdonshire District Council,Huntingdonshire District Council,Hemingfords,Mayor,Finance,Membership of a political party,Membership of a political party declared in the register,False,2024-09-09,2025-05-11
D-003319,M-01091,Huntingdonshire District Council,Huntingdonshire District Council,Hemingfords,Mayor,Finance,Licences to occupy land,Licences to occupy land declared in the register,False,2025-03-22,2025-06-22
D-003320,M-01092,St Ives Town Council,Huntingdonshire District Council,St Ives East,Councillor,Planning,Land and property in the area,Land and property in the area declared in the register,False,2025-08-23,2025-09-06
D-003321,M-01092,St Ives Town Council,Huntingdonshire District Council,St Ives East,Councillor,(none),Corporate tenancies,Corporate tenancies declared in the register,False,2024-05-03,2024-11-06
D-003322,M-01092,St Ives Town Council,Huntingdonshire District Council,St Ives East,Councillor,Planning,Corporate tenancies,Corporate tenancies declared in the register,False,2024-11-25,2025-02-15
D-003323,M-01092,St Ives Town Council,Huntingdonshire District Council,St Ives East,Councillor,Corporate Governance,Membership of a political party,Membership of a political party declared in the register,False,2024-07-15,2024-10-01
D-003324,M-01093,Cambridgeshire County Council,Cambridgeshire County Council,Huntingdon East,Cabinet Member,Audit and Governance,Directorship,Directorship declared in the register,False,2024-07-29,2024-08-14
D-003325,M-01094,Huntingdon Town Council,Huntingdonshire District Council,Buckden,Councillor,Corporate Governance,Directorship,Directorship declared in the register,False,2023-07-31,2024-04-21
D-003326,M-01094,Huntingdon Town Council,Huntingdonshire District Council,Buckden,Councillor,Employment,Membership of a political party,Membership of a political party declared in the register,False,2025-03-24,2025-07-23
D-003327,M-01094,Huntingdon Town Council,Huntingdonshire District Council,Buckden,Councillor,(none),Contracts with the authority,Contracts with the authority declared in the register,False,2024-02-04,2024-12-27
D-003328,M-01095,Ramsey Town Council,Huntingdonshire District Council,Brampton,Councillor,Licensing,Securities,Securities declared in the register,False,2023-10-17,2023-10-27
D-003329,M-01095,Ramsey Town Council,Huntingdonshire District Council,Brampton,Councillor,Audit and Governance,Corporate tenancies,Corporate tenancies declared in the register,False,2025-07-26,2026-07-10
D-003330,M-01096,Ramsey Town Council,Huntingdonshire District Council,Fenstanton,Councillor,Standards,Trade union membership,Trade union membership declared in the register,False,2024-08-23,2025-01-04
D-003331,M-01096,Ramsey Town Council,Huntingdonshire District Council,Fenstanton,Councillor,Licensing,"Employment, office, trade or profession",Employment declared in the register,False,2025-08-04,2026-06-23
D-003332,M-01096,Ramsey Town Council,Huntingdonshire District Council,Fenstanton,Councillor,Overview and Scrutiny,Sensitive interest (withheld under s.32),,True,2024-09-05,2024-10-20
D-003333,M-01096,Ramsey Town Council,Huntingdonshire District Council,Fenstanton,Councillor,Audit and Governance,Sponsorship,Sponsorship declared in the register,False,2023-07-20,2023-08-30
D-003334,M-01097,Huntingdon Town Council,Huntingdonshire District Council,Warboys,Councillor,Overview and Scrutiny,Contracts with the authority,Contracts with the authority declared in the register,False,2023-10-15,2024-07-07
D-003335,M-01097,Huntingdon Town Council,Huntingdonshire District Council,Warboys,Councillor,Licensing,Membership of a charity or voluntary body,Membership of a charity or voluntary body declared in the register,False,2023-10-20,2024-11-06
D-003336,M-01097,Huntingdon Town Council,Huntingdonshire District Council,Warboys,Councillor,Overview and Scrutiny,Land and property in the area,Land and property in the area declared in the register,False,2025-02-24,2025-07-14
D-003337,M-01097,Huntingdon Town Council,Huntingdonshire District Council,Warboys,Councillor,Environment,"Employment, office, trade or profession",Employment declared in the register,False,2023-10-21,2024-08-14
D-003338,M-01098,Huntingdon Town Council,Huntingdonshire District Council,Little Paxton,Committee Member,(none),Sponsorship,Sponsorship declared in the register,False,2025-09-22,2025-11-26
D-003339,M-01098,Huntingdon Town Council,Huntingdonshire District Council,Little Paxton,Committee Member,Employment,Membership of a charity or voluntary body,Membership of a charity or voluntary body declared in the register,False,2023-10-10,2024-06-27
D-003340,M-01098,Huntingdon Town Council,Huntingdonshire District Council,Little Paxton,Committee Member,Health and Wellbeing,Contracts with the authority,Contracts with the authority declared in the register,False,2024-06-23,2025-05-22
D-003341,M-01099,Ramsey Town Council,Huntingdonshire District Council,Ramsey,Councillor,(none),Contracts with the authority,Contracts with the authority declared in the register,False,2023-11-27,2024-11-25
D-003342,M-01099,Ramsey Town Council,Huntingdonshire District Council,Ramsey,Councillor,Corporate Governance,Membership of a body exercising public functions,Membership of a body exercising public functions declared in the register,False,2023-06-26,2024-03-18
D-003343,M-01100,Cambridgeshire County Council,Cambridgeshire County Council,Brampton,Councillor,Audit and Governance,Sensitive interest (withheld under s.32),,True,2024-11-07,2025-06-27
D-003344,M-01100,Cambridgeshire County Council,Cambridgeshire County Council,Brampton,Councillor,Environment,Securities,Securities declared in the register,False,2024-04-09,2024-06-13
D-003345,M-01100,Cambridgeshire County Council,Cambridgeshire County Council,Brampton,Councillor,Planning,Licences to occupy land,Licences to occupy land declared in the register,False,2023-10-28,2023-11-06
D-003346,M-01100,Cambridgeshire County Council,Cambridgeshire County Council,Brampton,Councillor,Health and Wellbeing,Membership of a political party,Membership of a political party declared in the register,False,2024-05-15,2024-08-12
D-003347,M-01100,Cambridgeshire County Council,Cambridgeshire County Council,Brampton,Councillor,Employment,Membership of a political party,Membership of a political party declared in the register,False,2024-11-16,2025-03-15
D-003348,M-01101,Huntingdonshire District Council,Huntingdonshire District Council,Ramsey,Councillor,Health and Wellbeing,Sponsorship,Sponsorship declared in the register,False,2024-12-16,2025-06-23
D-003349,M-01101,Huntingdonshire District Council,Huntingdonshire District Council,Ramsey,Councillor,Audit and Governance,Corporate tenancies,Corporate tenancies declared in the register,False,2024-10-21,2025-11-17
D-003350,M-01102,South Cambridgeshire District Council,South Cambridgeshire District Council,Warboys,Chair,Overview and Scrutiny,Securities,Securities declared in the register,False,2023-12-14,2024-11-25
D-003351,M-01103,South Cambridgeshire District Council,South Cambridgeshire District Council,Huntingdon East,Cabinet Member,(none),Membership of a body exercising public functions,Membership of a body exercising public functions declared in the register,False,2025-01-31,2025-04-15
D-003352,M-01103,South Cambridgeshire District Council,South Cambridgeshire District Council,Huntingdon East,Cabinet Member,Environment,Sponsorship,Sponsorship declared in the register,False,2024-09-10,2025-09-03
D-003353,M-01103,South Cambridgeshire District Council,South Cambridgeshire District Council,Huntingdon East,Cabinet Member,Audit and Governance,Trade union membership,Trade union membership declared in the register,False,2024-11-28,2025-05-09
D-003354,M-01103,South Cambridgeshire District Council,South Cambridgeshire District Council,Huntingdon East,Cabinet Member,Standards,Membership of a political party,Membership of a political party declared in the register,False,2025-04-28,2026-02-12
D-003355,M-01104,Ramsey Town Council,Huntingdonshire District Council,St Neots East,Committee Member,Overview and Scrutiny,Membership of a body exercising public functions,Membership of a body exercising public functions declared in the register,False,2025-04-15,2025-06-06
D-003356,M-01105,Ramsey Town Council,Huntingdonshire District Council,Fenstanton,Councillor,Standards,Sponsorship,Sponsorship declared in the register,False,2024-05-04,2024-05-05
D-003357,M-01105,Ramsey Town Council,Huntingdonshire District Council,Fenstanton,Councillor,Employment,Contracts with the authority,Contracts with the authority declared in the register,False,2023-07-23,2024-01-07
D-003358,M-01106,Huntingdonshire District Council,Huntingdonshire District Council,Somersham,Councillor,Health and Wellbeing,Sensitive interest (withheld under s.32),,True,2025-01-01,2025-08-11
D-003359,M-01106,Huntingdonshire District Council,Huntingdonshire District Council,Somersham,Councillor,Employment,Directorship,Directorship declared in the register,False,2023-07-19,2023-12-03
D-003360,M-01106,Huntingdonshire District Council,Huntingdonshire District Council,Somersham,Councillor,Licensing,Land and property in the area,Land and property in the area declared in the register,False,2024-11-07,2025-03-29
D-003361,M-01106,Huntingdonshire District Council,Huntingdonshire District Council,Somersham,Councillor,Overview and Scrutiny,Membership of a charity or voluntary body,Membership of a charity or voluntary body declared in the register,False,2025-03-18,2025-11-19
D-003362,M-01106,Huntingdonshire District Council,Huntingdonshire District Council,Somersham,Councillor,Environment,Trade union membership,Trade union membership declared in the register,False,2024-10-03,2025-01-02
D-003363,M-01107,Huntingdon Town Council,Huntingdonshire District Council,Little Paxton,Councillor,Health and Wellbeing,Land and property in the area,Land and property in the area declared in the register,False,2024-09-19,2025-04-23
D-003364,M-01107,Huntingdon Town Council,Huntingdonshire District Council,Little Paxton,Councillor,Audit and Governance,Securities,Securities declared in the register,False,2025-06-14,2025-08-07
D-003365,M-01108,Huntingdonshire District Council,Huntingdonshire District Council,Buckden,Councillor,Licensing,Membership of a body exercising public functions,Membership of a body exercising public functions declared in the register,False,2024-04-10,2024-06-02
D-003366,M-01108,Huntingdonshire District Council,Huntingdonshire District Council,Buckden,Councillor,Corporate Governance,Licences to occupy land,Licences to occupy land declared in the register,False,2023-12-12,2024-07-31
D-003367,M-01108,Huntingdonshire District Council,Huntingdonshire District Council,Buckden,Councillor,Environment,Land and property in the area,Land and property in the area declared in the register,False,2025-08-08,2025-10-16
D-003368,M-01109,Cambridgeshire County Council,Cambridgeshire County Council,Little Paxton,Councillor,Finance,Trade union membership,Trade union membership declared in the register,False,2024-02-06,2025-02-25
D-003369,M-01109,Cambridgeshire County Council,Cambridgeshire County Council,Little Paxton,Councillor,Standards,Contracts with the authority,Contracts with the authority declared in the register,False,2024-10-03,2025-09-28
D-003370,M-01109,Cambridgeshire County Council,Cambridgeshire County Council,Little Paxton,Councillor,Licensing,Land and property in the area,Land and property in the area declared in the register,False,2023-09-29,2023-11-03
D-003371,M-01110,Ramsey Town Council,Huntingdonshire District Council,St Ives West,Committee Member,Licensing,Corporate tenancies,Corporate tenancies declared in the register,False,2024-03-12,2024-08-04
D-003372,M-01110,Ramsey Town Council,Huntingdonshire District Council,St Ives West,Committee Member,Health and Wellbeing,Securities,Securities declared in the register,False,2025-05-21,2026-05-13
D-003373,M-01110,Ramsey Town Council,Huntingdonshire District Council,St Ives West,Committee Member,Employment,Sponsorship,Sponsorship declared in the register,False,2023-08-01,2023-11-18
D-003374,M-01110,Ramsey Town Council,Huntingdonshire District Council,St Ives West,Committee Member,Finance,Membership of a political party,Membership of a political party declared in the register,False,2025-04-10,2025-09-11
D-003375,M-01111,Cambridgeshire County Council,Cambridgeshire County Council,St Neots Eynesbury,Councillor,Planning,Securities,Securities declared in the register,False,2023-09-29,2024-08-19
D-003376,M-01111,Cambridgeshire County Council,Cambridgeshire County Council,St Neots Eynesbury,Councillor,Corporate Governance,Contracts with the authority,Contracts with the authority declared in the register,False,2024-01-26,2024-11-10
D-003377,M-01111,Cambridgeshire County Council,Cambridgeshire County Council,St Neots Eynesbury,Councillor,Planning,Membership of a body exercising public functions,Membership of a body exercising public functions declared in the register,False,2023-06-26,2024-03-16
D-003378,M-01111,Cambridgeshire County Council,Cambridgeshire County Council,St Neots Eynesbury,Councillor,Planning,"Employment, office, trade or profession",Employment declared in the register,False,2025-06-17,2026-06-18
D-003379,M-01112,St Ives Town Council,Huntingdonshire District Council,Godmanchester,Councillor,Finance,Land and property in the area,Land and property in the area declared in the register,False,2024-07-12,2025-02-11
D-003380,M-01112,St Ives Town Council,Huntingdonshire District Council,Godmanchester,Councillor,Environment,Membership of a body exercising public functions,Membership of a body exercising public functions declared in the register,False,2023-07-18,2024-01-27
D-003381,M-01112,St Ives Town Council,Huntingdonshire District Council,Godmanchester,Councillor,Audit and Governance,Licences to occupy land,Licences to occupy land declared in the register,False,2025-04-08,2025-08-01
D-003382,M-01113,Ramsey Town Council,Huntingdonshire District Council,St Ives East,Councillor,Licensing,"Employment, office, trade or profession",Employment declared in the register,False,2025-01-23,2025-02-13
D-003383,M-01113,Ramsey Town Council,Huntingdonshire District Council,St Ives East,Councillor,(none),Sensitive interest (withheld under s.32),,True,2024-05-20,2024-08-28
D-003384,M-01113,Ramsey Town Council,Huntingdonshire District Council,St Ives East,Councillor,Finance,Contracts with the authority,Contracts with the authority declared in the register,False,2025-03-29,2025-10-29
D-003385,M-01113,Ramsey Town Council,Huntingdonshire District Council,St Ives East,Councillor,Overview and Scrutiny,Membership of a political party,Membership of a political party declared in the register,False,2025-05-17,2026-01-24
D-003386,M-01114,Huntingdonshire District Council,Huntingdonshire District Council,St Neots Eynesbury,Committee Member,Employment,Membership of a political party,Membership of a political party declared in the register,False,2024-04-29,2025-03-06
D-003387,M-01114,Huntingdonshire District Council,Huntingdonshire District Council,St Neots Eynesbury,Committee Member,Licensing,Directorship,Directorship declared in the register,False,2024-04-05,2024-10-15
D-003388,M-01114,Huntingdonshire District Council,Huntingdonshire District Council,St Neots Eynesbury,Committee Member,Overview and Scrutiny,Sponsorship,Sponsorship declared in the register,False,2025-06-06,2026-06-07
D-003389,M-01114,Huntingdonshire District Council,Huntingdonshire District Council,St Neots Eynesbury,Committee Member,Environment,Land and property in the area,Land and property in the area declared in the register,False,2023-09-23,2024-06-02
D-003390,M-01114,Huntingdonshire District Council,Huntingdonshire District Council,St Neots Eynesbury,Committee Member,Licensing,Membership of a charity or voluntary body,Membership of a charity or voluntary body declared in the register,False,2024-08-18,2025-05-04
D-003391,M-01115,South Cambridgeshire District Council,South Cambridgeshire District Council,Fenstanton,Councillor,Audit and Governance,Membership of a charity or voluntary body,Membership of a charity or voluntary body declared in the register,False,2023-06-18,2024-06-22
D-003392,M-01115,South Cambridgeshire District Council,South Cambridgeshire District Council,Fenstanton,Councillor,Licensing,Trade union membership,Trade union membership declared in the register,False,2025-04-25,2025-07-26
D-003393,M-01115,South Cambridgeshire District Council,South Cambridgeshire District Council,Fenstanton,Councillor,Health and Wellbeing,Trade union membership,Trade union membership declared in the register,False,2023-09-06,2024-02-25
D-003394,M-01115,South Cambridgeshire District Council,South Cambridgeshire District Council,Fenstanton,Councillor,Planning,Membership of a body exercising public functions,Membership of a body exercising public functions declared in the register,False,2024-03-23,2024-10-28
D-003395,M-01115,South Cambridgeshire District Council,South Cambridgeshire District Council,Fenstanton,Councillor,Employment,Membership of a charity or voluntary body,Membership of a charity or voluntary body declared in the register,False,2023-06-28,2024-07-12
D-003396,M-01116,Cambridgeshire County Council,Cambridgeshire County Council,St Neots East,Vice-Chair,Corporate Governance,Membership of a body exercising public functions,Membership of a body exercising public functions declared in the register,False,2025-06-05,2025-08-12
D-003397,M-01116,Cambridgeshire County Council,Cambridgeshire County Council,St Neots East,Vice-Chair,Audit and Governance,Sponsorship,Sponsorship declared in the register,False,2024-08-10,2024-11-18
D-003398,M-01116,Cambridgeshire County Council,Cambridgeshire County Council,St Neots East,Vice-Chair,Planning,Securities,Securities declared in the register,False,2023-07-29,2023-12-20
D-003399,M-01117,South Cambridgeshire District Council,South Cambridgeshire District Council,Sawtry,Councillor,Health and Wellbeing,Land and property in the area,Land and property in the area declared in the register,False,2024-09-15,2024-11-30
D-003400,M-01117,South Cambridgeshire District Council,South Cambridgeshire District Council,Sawtry,Councillor,Audit and Governance,"Employment, office, trade or profession",Employment declared in the register,False,2024-01-06,2024-11-26
D-003401,M-01117,South Cambridgeshire District Council,South Cambridgeshire District Council,Sawtry,Councillor,(none),"Employment, office, trade or profession",Employment declared in the register,False,2024-04-03,2024-11-06
D-003402,M-01118,Cambridgeshire County Council,Cambridgeshire County Council,Huntingdon East,Councillor,Standards,Securities,Securities declared in the register,False,2024-03-05,2024-03-23
D-003403,M-01118,Cambridgeshire County Council,Cambridgeshire County Council,Huntingdon East,Councillor,(none),Securities,Securities declared in the register,False,2024-09-10,2025-02-14
D-003404,M-01118,Cambridgeshire County Council,Cambridgeshire County Council,Huntingdon East,Councillor,Environment,"Employment, office, trade or profession",Employment declared in the register,False,2024-04-03,2025-03-26
D-003405,M-01119,Ramsey Town Council,Huntingdonshire District Council,Godmanchester,Councillor,Employment,Corporate tenancies,Corporate tenancies declared in the register,False,2023-09-06,2023-11-16
D-003406,M-01120,Huntingdonshire District Council,Huntingdonshire District Council,Hemingfords,Councillor,Environment,Trade union membership,Trade union membership declared in the register,False,2024-09-13,2025-08-10
D-003407,M-01120,Huntingdonshire District Council,Huntingdonshire District Council,Hemingfords,Councillor,Corporate Governance,Directorship,Directorship declared in the register,False,2024-11-07,2025-02-19
D-003408,M-01120,Huntingdonshire District Council,Huntingdonshire District Council,Hemingfords,Councillor,Standards,Corporate tenancies,Corporate tenancies declared in the register,False,2024-06-15,2024-11-27
D-003409,M-01121,Huntingdon Town Council,Huntingdonshire District Council,Fenstanton,Councillor,Environment,Directorship,Directorship declared in the register,False,2024-02-04,2025-02-21
D-003410,M-01121,Huntingdon Town Council,Huntingdonshire District Council,Fenstanton,Councillor,Employment,Membership of a body exercising public functions,Membership of a body exercising public functions declared in the register,False,2024-12-19,2025-10-12
D-003411,M-01121,Huntingdon Town Council,Huntingdonshire District Council,Fenstanton,Councillor,Health and Wellbeing,Membership of a political party,Membership of a political party declared in the register,False,2024-01-13,2024-05-29
D-003412,M-01122,Cambridgeshire County Council,Cambridgeshire County Council,Huntingdon East,Councillor,Standards,Membership of a charity or voluntary body,Membership of a charity or voluntary body declared in the register,False,2023-10-25,2024-11-14
D-003413,M-01122,Cambridgeshire County Council,Cambridgeshire County Council,Huntingdon East,Councillor,Overview and Scrutiny,Sensitive interest (withheld under s.32),,True,2023-09-10,2023-11-26
D-003414,M-01123,Cambridgeshire County Council,Cambridgeshire County Council,Huntingdon North,Committee Member,Overview and Scrutiny,Trade union membership,Trade union membership declared in the register,False,2023-09-29,2023-11-05
D-003415,M-01124,Huntingdonshire District Council,Huntingdonshire District Council,Huntingdon West,Councillor,Overview and Scrutiny,Securities,Securities declared in the register,False,2023-05-15,2023-07-16
D-003416,M-01124,Huntingdonshire District Council,Huntingdonshire District Council,Huntingdon West,Councillor,Environment,Trade union membership,Trade union membership declared in the register,False,2024-12-22,2026-01-22
D-003417,M-01124,Huntingdonshire District Council,Huntingdonshire District Council,Huntingdon West,Councillor,Licensing,"Employment, office, trade or profession",Employment declared in the register,False,2024-07-05,2024-10-19
D-003418,M-01124,Huntingdonshire District Council,Huntingdonshire District Council,Huntingdon West,Councillor,Finance,Trade union membership,Trade union membership declared in the register,False,2024-06-06,2024-07-05
D-003419,M-01124,Huntingdonshire District Council,Huntingdonshire District Council,Huntingdon West,Councillor,Health and Wellbeing,Trade union membership,Trade union membership declared in the register,False,2025-03-05,2025-10-30
D-003420,M-01125,Ramsey Town Council,Huntingdonshire District Council,St Ives South,Councillor,Finance,Licences to occupy land,Licences to occupy land declared in the register,False,2024-10-26,2025-06-27
D-003421,M-01125,Ramsey Town Council,Huntingdonshire District Council,St Ives South,Councillor,Corporate Governance,Membership of a charity or voluntary body,Membership of a charity or voluntary body declared in the register,False,2025-08-21,2026-05-18
D-003422,M-01125,Ramsey Town Council,Huntingdonshire District Council,St Ives South,Councillor,Employment,Trade union membership,Trade union membership declared in the register,False,2025-06-01,2025-07-30
D-003423,M-01125,Ramsey Town Council,Huntingdonshire District Council,St Ives South,Councillor,Audit and Governance,Membership of a political party,Membership of a political party declared in the register,False,2024-08-03,2025-01-21
D-003424,M-01126,South Cambridgeshire District Council,South Cambridgeshire District Council,Yaxley,Cabinet Member,Planning,Membership of a political party,Membership of a political party declared in the register,False,2023-07-29,2023-09-14
D-003425,M-01126,South Cambridgeshire District Council,South Cambridgeshire District Council,Yaxley,Cabinet Member,Employment,Securities,Securities declared in the register,False,2023-09-22,2024-04-14
D-003426,M-01126,South Cambridgeshire District Council,South Cambridgeshire District Council,Yaxley,Cabinet Member,Environment,Membership of a charity or voluntary body,Membership of a charity or voluntary body declared in the register,False,2024-04-05,2025-01-19
D-003427,M-01126,South Cambridgeshire District Council,South Cambridgeshire District Council,Yaxley,Cabinet Member,Corporate Governance,Membership of a political party,Membership of a political party declared in the register,False,2024-10-15,2025-07-23
D-003428,M-01127,Cambridgeshire County Council,Cambridgeshire County Council,Brampton,Vice-Chair,Licensing,Membership of a political party,Membership of a political party declared in the register,False,2025-08-31,2025-10-22
D-003429,M-01128,St Ives Town Council,Huntingdonshire District Council,St Ives East,Vice-Chair,Licensing,Membership of a body exercising public functions,Membership of a body exercising public functions declared in the register,False,2025-01-02,2025-05-19
D-003430,M-01128,St Ives Town Council,Huntingdonshire District Council,St Ives East,Vice-Chair,Employment,Directorship,Directorship declared in the register,False,2025-02-24,2025-10-22
D-003431,M-01128,St Ives Town Council,Huntingdonshire District Council,St Ives East,Vice-Chair,Corporate Governance,Licences to occupy land,Licences to occupy land declared in the register,False,2025-04-04,2025-04-14
D-003432,M-01128,St Ives Town Council,Huntingdonshire District Council,St Ives East,Vice-Chair,Corporate Governance,Land and property in the area,Land and property in the area declared in the register,False,2023-07-21,2024-06-19
D-003433,M-01129,Huntingdon Town Council,Huntingdonshire District Council,Huntingdon North,Councillor,Health and Wellbeing,Membership of a charity or voluntary body,Membership of a charity or voluntary body declared in the register,False,2023-09-09,2024-03-25
D-003434,M-01129,Huntingdon Town Council,Huntingdonshire District Council,Huntingdon North,Councillor,Licensing,Corporate tenancies,Corporate tenancies declared in the register,False,2025-02-22,2025-06-09
D-003435,M-01130,Ramsey Town Council,Huntingdonshire District Council,Huntingdon West,Councillor,Health and Wellbeing,Contracts with the authority,Contracts with the authority declared in the register,False,2024-07-21,2025-03-19
D-003436,M-01130,Ramsey Town Council,Huntingdonshire District Council,Huntingdon West,Councillor,Employment,Licences to occupy land,Licences to occupy land declared in the register,False,2023-08-31,2024-06-19
D-003437,M-01130,Ramsey Town Council,Huntingdonshire District Council,Huntingdon West,Councillor,Overview and Scrutiny,Sensitive interest (withheld under s.32),,True,2023-09-05,2024-01-15
D-003438,M-01130,Ramsey Town Council,Huntingdonshire District Council,Huntingdon West,Councillor,Health and Wellbeing,Corporate tenancies,Corporate tenancies declared in the register,False,2024-06-18,2024-09-08
D-003439,M-01130,Ramsey Town Council,Huntingdonshire District Council,Huntingdon West,Councillor,Licensing,"Employment, office, trade or profession",Employment declared in the register,False,2023-05-07,2023-06-15
D-003440,M-01131,St Ives Town Council,Huntingdonshire District Council,Huntingdon North,Chair,Employment,Contracts with the authority,Contracts with the authority declared in the register,False,2024-05-10,2024-11-22
D-003441,M-01131,St Ives Town Council,Huntingdonshire District Council,Huntingdon North,Chair,(none),Land and property in the area,Land and property in the area declared in the register,False,2023-08-24,2024-08-27
D-003442,M-01131,St Ives Town Council,Huntingdonshire District Council,Huntingdon North,Chair,Licensing,Contracts with the authority,Contracts with the authority declared in the register,False,2023-06-13,2023-12-19
D-003443,M-01131,St Ives Town Council,Huntingdonshire District Council,Huntingdon North,Chair,Overview and Scrutiny,Membership of a charity or voluntary body,Membership of a charity or voluntary body declared in the register,False,2023-12-04,2024-03-13
D-003444,M-01131,St Ives Town Council,Huntingdonshire District Council,Huntingdon North,Chair,Overview and Scrutiny,Securities,Securities declared in the register,False,2023-06-17,2023-07-03
D-003445,M-01132,Huntingdonshire District Council,Huntingdonshire District Council,Huntingdon West,Vice-Chair,Planning,Securities,Securities declared in the register,False,2025-01-02,2025-03-15
D-003446,M-01132,Huntingdonshire District Council,Huntingdonshire District Council,Huntingdon West,Vice-Chair,Audit and Governance,Licences to occupy land,Licences to occupy land declared in the register,False,2025-07-26,2025-10-30
D-003447,M-01132,Huntingdonshire District Council,Huntingdonshire District Council,Huntingdon West,Vice-Chair,Finance,Directorship,Directorship declared in the register,False,2025-06-17,2026-02-21
D-003448,M-01133,St Ives Town Council,Huntingdonshire District Council,St Neots Eynesbury,Councillor,Planning,"Employment, office, trade or profession",Employment declared in the register,False,2023-12-25,2024-01-22
D-003449,M-01133,St Ives Town Council,Huntingdonshire District Council,St Neots Eynesbury,Councillor,Corporate Governance,Trade union membership,Trade union membership declared in the register,False,2023-08-01,2023-12-31
D-003450,M-01133,St Ives Town Council,Huntingdonshire District Council,St Neots Eynesbury,Councillor,Finance,Corporate tenancies,Corporate tenancies declared in the register,False,2023-12-11,2024-09-07
D-003451,M-01133,St Ives Town Council,Huntingdonshire District Council,St Neots Eynesbury,Councillor,Corporate Governance,Sponsorship,Sponsorship declared in the register,False,2023-05-24,2024-03-30
D-003452,M-01134,Cambridgeshire County Council,Cambridgeshire County Council,Buckden,Councillor,Environment,Membership of a charity or voluntary body,Membership of a charity or voluntary body declared in the register,False,2023-12-17,2024-08-21
D-003453,M-01134,Cambridgeshire County Council,Cambridgeshire County Council,Buckden,Councillor,Licensing,Licences to occupy land,Licences to occupy land declared in the register,False,2024-07-30,2024-12-13
D-003454,M-01134,Cambridgeshire County Council,Cambridgeshire County Council,Buckden,Councillor,Finance,"Employment, office, trade or profession",Employment declared in the register,False,2024-09-19,2025-04-11
D-003455,M-01135,Huntingdonshire District Council,Huntingdonshire District Council,Sawtry,Councillor,Health and Wellbeing,Trade union membership,Trade union membership declared in the register,False,2025-02-16,2025-06-21
D-003456,M-01135,Huntingdonshire District Council,Huntingdonshire District Council,Sawtry,Councillor,Planning,Directorship,Directorship declared in the register,False,2024-01-02,2024-06-16
D-003457,M-01135,Huntingdonshire District Council,Huntingdonshire District Council,Sawtry,Councillor,Audit and Governance,Directorship,Directorship declared in the register,False,2024-08-17,2024-10-22
D-003458,M-01135,Huntingdonshire District Council,Huntingdonshire District Council,Sawtry,Councillor,Corporate Governance,Trade union membership,Trade union membership declared in the register,False,2025-06-04,2025-11-02
D-003459,M-01136,Huntingdonshire District Council,Huntingdonshire District Council,Huntingdon North,Councillor,Audit and Governance,Membership of a political party,Membership of a political party declared in the register,False,2023-05-04,2024-06-04
D-003460,M-01136,Huntingdonshire District Council,Huntingdonshire District Council,Huntingdon North,Councillor,Corporate Governance,Contracts with the authority,Contracts with the authority declared in the register,False,2024-07-31,2025-06-23
D-003461,M-01137,Ramsey Town Council,Huntingdonshire District Council,Hemingfords,Committee Member,Audit and Governance,Securities,Securities declared in the register,False,2024-09-16,2025-04-15
D-003462,M-01137,Ramsey Town Council,Huntingdonshire District Council,Hemingfords,Committee Member,Environment,Contracts with the authority,Contracts with the authority declared in the register,False,2025-04-29,2025-11-28
D-003463,M-01137,Ramsey Town Council,Huntingdonshire District Council,Hemingfords,Committee Member,Employment,Land and property in the area,Land and property in the area declared in the register,False,2025-03-07,2026-02-26
D-003464,M-01138,Huntingdonshire District Council,Huntingdonshire District Council,Warboys,Mayor,Overview and Scrutiny,Land and property in the area,Land and property in the area declared in the register,False,2023-06-07,2024-07-02
D-003465,M-01138,Huntingdonshire District Council,Huntingdonshire District Council,Warboys,Mayor,Overview and Scrutiny,Sponsorship,Sponsorship declared in the register,False,2023-08-15,2024-08-21
D-003466,M-01139,Huntingdon Town Council,Huntingdonshire District Council,Buckden,Councillor,Finance,Contracts with the authority,Contracts with the authority declared in the register,False,2023-06-24,2024-06-07
D-003467,M-01139,Huntingdon Town Council,Huntingdonshire District Council,Buckden,Councillor,Corporate Governance,Membership of a charity or voluntary body,Membership of a charity or voluntary body declared in the register,False,2025-09-30,2026-04-30
D-003468,M-01139,Huntingdon Town Council,Huntingdonshire District Council,Buckden,Councillor,Health and Wellbeing,"Employment, office, trade or profession",Employment declared in the register,False,2025-10-07,2026-09-07
D-003469,M-01140,South Cambridgeshire District Council,South Cambridgeshire District Council,Huntingdon East,Councillor,Health and Wellbeing,Membership of a charity or voluntary body,Membership of a charity or voluntary body declared in the register,False,2025-10-13,2025-10-25
D-003470,M-01140,South Cambridgeshire District Council,South Cambridgeshire District Council,Huntingdon East,Councillor,Standards,Trade union membership,Trade union membership declared in the register,False,2024-12-07,2025-06-24
D-003471,M-01141,St Ives Town Council,Huntingdonshire District Council,Little Paxton,Councillor,Standards,Membership of a political party,Membership of a political party declared in the register,False,2024-06-10,2024-09-15
D-003472,M-01142,Huntingdon Town Council,Huntingdonshire District Council,Sawtry,Councillor,Overview and Scrutiny,Land and property in the area,Land and property in the area declared in the register,False,2024-03-25,2024-11-25
D-003473,M-01142,Huntingdon Town Council,Huntingdonshire District Council,Sawtry,Councillor,Corporate Governance,Directorship,Directorship declared in the register,False,2025-02-03,2025-10-23
D-003474,M-01142,Huntingdon Town Council,Huntingdonshire District Council,Sawtry,Councillor,Employment,Land and property in the area,Land and property in the area declared in the register,False,2024-06-30,2024-11-26
D-003475,M-01142,Huntingdon Town Council,Huntingdonshire District Council,Sawtry,Councillor,Planning,Securities,Securities declared in the register,False,2025-07-06,2025-11-18
D-003476,M-01143,South Cambridgeshire District Council,South Cambridgeshire District Council,Ramsey,Vice-Chair,Licensing,Membership of a charity or voluntary body,Membership of a charity or voluntary body declared in the register,False,2023-06-28,2023-08-31
D-003477,M-01143,South Cambridgeshire District Council,South Cambridgeshire District Council,Ramsey,Vice-Chair,Employment,Contracts with the authority,Contracts with the authority declared in the register,False,2025-06-04,2026-02-09
D-003478,M-01143,South Cambridgeshire District Council,South Cambridgeshire District Council,Ramsey,Vice-Chair,Audit and Governance,Securities,Securities declared in the register,False,2024-07-11,2025-06-23
D-003479,M-01144,Huntingdon Town Council,Huntingdonshire District Council,Sawtry,Councillor,Overview and Scrutiny,Sensitive interest (withheld under s.32),,True,2023-09-11,2024-09-07
D-003480,M-01144,Huntingdon Town Council,Huntingdonshire District Council,Sawtry,Councillor,Standards,Membership of a charity or voluntary body,Membership of a charity or voluntary body declared in the register,False,2024-09-11,2025-08-24
D-003481,M-01144,Huntingdon Town Council,Huntingdonshire District Council,Sawtry,Councillor,Health and Wellbeing,Membership of a charity or voluntary body,Membership of a charity or voluntary body declared in the register,False,2024-08-05,2025-05-13
D-003482,M-01144,Huntingdon Town Council,Huntingdonshire District Council,Sawtry,Councillor,Standards,Sponsorship,Sponsorship declared in the register,False,2025-08-29,2026-05-22
D-003483,M-01145,Ramsey Town Council,Huntingdonshire District Council,Fenstanton,Cabinet Member,Audit and Governance,Membership of a body exercising public functions,Membership of a body exercising public functions declared in the register,False,2023-07-05,2023-12-23
D-003484,M-01145,Ramsey Town Council,Huntingdonshire District Council,Fenstanton,Cabinet Member,Standards,Land and property in the area,Land and property in the area declared in the register,False,2025-06-08,2025-07-11
D-003485,M-01145,Ramsey Town Council,Huntingdonshire District Council,Fenstanton,Cabinet Member,Audit and Governance,Sensitive interest (withheld under s.32),,True,2023-09-26,2024-07-12
D-003486,M-01146,Cambridgeshire County Council,Cambridgeshire County Council,Huntingdon West,Cabinet Member,Audit and Governance,Sponsorship,Sponsorship declared in the register,False,2025-04-16,2025-04-26
D-003487,M-01146,Cambridgeshire County Council,Cambridgeshire County Council,Huntingdon West,Cabinet Member,Finance,Contracts with the authority,Contracts with the authority declared in the register,False,2023-06-23,2023-07-07
D-003488,M-01146,Cambridgeshire County Council,Cambridgeshire County Council,Huntingdon West,Cabinet Member,(none),Membership of a body exercising public functions,Membership of a body exercising public functions declared in the register,False,2023-08-24,2024-07-13
D-003489,M-01146,Cambridgeshire County Council,Cambridgeshire County Council,Huntingdon West,Cabinet Member,Health and Wellbeing,Membership of a body exercising public functions,Membership of a body exercising public functions declared in the register,False,2024-04-01,2024-06-20
D-003490,M-01147,Huntingdon Town Council,Huntingdonshire District Council,Ramsey,Councillor,Audit and Governance,Directorship,Directorship declared in the register,False,2024-04-25,2024-08-26
D-003491,M-01147,Huntingdon Town Council,Huntingdonshire District Council,Ramsey,Councillor,Planning,Sensitive interest (withheld under s.32),,True,2024-03-27,2024-10-23
D-003492,M-01147,Huntingdon Town Council,Huntingdonshire District Council,Ramsey,Councillor,Licensing,Trade union membership,Trade union membership declared in the register,False,2025-05-22,2026-01-21
D-003493,M-01147,Huntingdon Town Council,Huntingdonshire District Council,Ramsey,Councillor,Licensing,Licences to occupy land,Licences to occupy land declared in the register,False,2023-10-29,2024-06-27
D-003494,M-01147,Huntingdon Town Council,Huntingdonshire District Council,Ramsey,Councillor,Finance,Contracts with the authority,Contracts with the authority declared in the register,False,2025-05-04,2026-03-17
D-003495,M-01148,St Ives Town Council,Huntingdonshire District Council,Alconbury,Vice-Chair,Overview and Scrutiny,Securities,Securities declared in the register,False,2023-06-21,2024-06-24
D-003496,M-01148,St Ives Town Council,Huntingdonshire District Council,Alconbury,Vice-Chair,Corporate Governance,Membership of a body exercising public functions,Membership of a body exercising public functions declared in the register,False,2025-08-23,2025-10-19
D-003497,M-01148,St Ives Town Council,Huntingdonshire District Council,Alconbury,Vice-Chair,(none),Securities,Securities declared in the register,False,2024-09-11,2024-10-16
D-003498,M-01149,South Cambridgeshire District Council,South Cambridgeshire District Council,Alconbury,Councillor,Planning,Membership of a political party,Membership of a political party declared in the register,False,2025-09-20,2026-05-04
D-003499,M-01149,South Cambridgeshire District Council,South Cambridgeshire District Council,Alconbury,Councillor,Finance,Land and property in the area,Land and property in the area declared in the register,False,2023-06-15,2023-09-28
D-003500,M-01149,South Cambridgeshire District Council,South Cambridgeshire District Council,Alconbury,Councillor,Standards,Sponsorship,Sponsorship declared in the register,False,2023-10-22,2024-10-04
D-003501,M-01149,South Cambridgeshire District Council,South Cambridgeshire District Council,Alconbury,Councillor,Licensing,Trade union membership,Trade union membership declared in the register,False,2024-02-18,2024-06-26
D-003502,M-01150,Ramsey Town Council,Huntingdonshire District Council,Yaxley,Councillor,(none),Sponsorship,Sponsorship declared in the register,False,2025-08-05,2026-04-29
D-003503,M-01150,Ramsey Town Council,Huntingdonshire District Council,Yaxley,Councillor,Standards,Membership of a political party,Membership of a political party declared in the register,False,2025-05-18,2026-05-01
D-003504,M-01151,Huntingdon Town Council,Huntingdonshire District Council,Little Paxton,Councillor,Employment,Contracts with the authority,Contracts with the authority declared in the register,False,2025-06-24,2025-06-29
D-003505,M-01151,Huntingdon Town Council,Huntingdonshire District Council,Little Paxton,Councillor,Corporate Governance,Land and property in the area,Land and property in the area declared in the register,False,2024-01-21,2024-07-22
D-003506,M-01151,Huntingdon Town Council,Huntingdonshire District Council,Little Paxton,Councillor,Finance,Land and property in the area,Land and property in the area declared in the register,False,2023-07-30,2024-04-04
D-003507,M-01151,Huntingdon Town Council,Huntingdonshire District Council,Little Paxton,Councillor,Health and Wellbeing,Securities,Securities declared in the register,False,2025-02-22,2025-11-01
D-003508,M-01151,Huntingdon Town Council,Huntingdonshire District Council,Little Paxton,Councillor,Overview and Scrutiny,Corporate tenancies,Corporate tenancies declared in the register,False,2024-01-28,2024-07-22
D-003509,M-01152,South Cambridgeshire District Council,South Cambridgeshire District Council,Huntingdon West,Committee Member,Health and Wellbeing,Membership of a body exercising public functions,Membership of a body exercising public functions declared in the register,False,2023-05-26,2023-07-22
D-003510,M-01152,South Cambridgeshire District Council,South Cambridgeshire District Council,Huntingdon West,Committee Member,Planning,Sponsorship,Sponsorship declared in the register,False,2023-08-11,2024-07-07
D-003511,M-01152,South Cambridgeshire District Council,South Cambridgeshire District Council,Huntingdon West,Committee Member,Environment,Contracts with the authority,Contracts with the authority declared in the register,False,2023-12-29,2024-04-09
D-003512,M-01152,South Cambridgeshire District Council,South Cambridgeshire District Council,Huntingdon West,Committee Member,Audit and Governance,Membership of a political party,Membership of a political party declared in the register,False,2023-05-24,2024-01-19
D-003513,M-01153,Huntingdonshire District Council,Huntingdonshire District Council,Warboys,Councillor,Planning,Corporate tenancies,Corporate tenancies declared in the register,False,2023-08-03,2024-06-12
D-003514,M-01153,Huntingdonshire District Council,Huntingdonshire District Council,Warboys,Councillor,Audit and Governance,"Employment, office, trade or profession",Employment declared in the register,False,2024-11-21,2025-10-16
D-003515,M-01153,Huntingdonshire District Council,Huntingdonshire District Council,Warboys,Councillor,Corporate Governance,Directorship,Directorship declared in the register,False,2023-12-30,2024-03-24
D-003516,M-01154,Cambridgeshire County Council,Cambridgeshire County Council,St Ives East,Chair,Environment,Securities,Securities declared in the register,False,2024-07-12,2025-05-20
D-003517,M-01154,Cambridgeshire County Council,Cambridgeshire County Council,St Ives East,Chair,Health and Wellbeing,Membership of a political party,Membership of a political party declared in the register,False,2025-01-15,2025-01-24
D-003518,M-01155,Ramsey Town Council,Huntingdonshire District Council,Somersham,Councillor,Audit and Governance,Trade union membership,Trade union membership declared in the register,False,2024-11-07,2025-03-31
D-003519,M-01155,Ramsey Town Council,Huntingdonshire District Council,Somersham,Councillor,Planning,"Employment, office, trade or profession",Employment declared in the register,False,2025-05-24,2025-06-10
D-003520,M-01155,Ramsey Town Council,Huntingdonshire District Council,Somersham,Councillor,Finance,Trade union membership,Trade union membership declared in the register,False,2024-05-10,2024-11-11
D-003521,M-01156,Cambridgeshire County Council,Cambridgeshire County Council,Alconbury,Committee Member,Planning,Membership of a charity or voluntary body,Membership of a charity or voluntary body declared in the register,False,2024-08-19,2025-03-11
D-003522,M-01156,Cambridgeshire County Council,Cambridgeshire County Council,Alconbury,Committee Member,Corporate Governance,Corporate tenancies,Corporate tenancies declared in the register,False,2024-10-26,2025-04-19
D-003523,M-01156,Cambridgeshire County Council,Cambridgeshire County Council,Alconbury,Committee Member,Standards,Licences to occupy land,Licences to occupy land declared in the register,False,2023-05-06,2023-09-12
D-003524,M-01157,Ramsey Town Council,Huntingdonshire District Council,Ramsey,Committee Member,Standards,Membership of a charity or voluntary body,Membership of a charity or voluntary body declared in the register,False,2023-10-02,2024-04-23
D-003525,M-01157,Ramsey Town Council,Huntingdonshire District Council,Ramsey,Committee Member,Planning,Sensitive interest (withheld under s.32),,True,2024-01-27,2024-07-05
D-003526,M-01157,Ramsey Town Council,Huntingdonshire District Council,Ramsey,Committee Member,Corporate Governance,Sponsorship,Sponsorship declared in the register,False,2025-03-29,2025-07-14
D-003527,M-01157,Ramsey Town Council,Huntingdonshire District Council,Ramsey,Committee Member,(none),Licences to occupy land,Licences to occupy land declared in the register,False,2024-10-06,2025-03-22
D-003528,M-01157,Ramsey Town Council,Huntingdonshire District Council,Ramsey,Committee Member,(none),Land and property in the area,Land and property in the area declared in the register,False,2023-10-25,2024-06-21
D-003529,M-01158,Huntingdon Town Council,Huntingdonshire District Council,Brampton,Councillor,Audit and Governance,Land and property in the area,Land and property in the area declared in the register,False,2025-06-20,2025-10-07
D-003530,M-01159,South Cambridgeshire District Council,South Cambridgeshire District Council,Hemingfords,Vice-Chair,Corporate Governance,Membership of a political party,Membership of a political party declared in the register,False,2025-01-29,2025-05-27
D-003531,M-01159,South Cambridgeshire District Council,South Cambridgeshire District Council,Hemingfords,Vice-Chair,Standards,Sponsorship,Sponsorship declared in the register,False,2025-10-02,2025-11-10
D-003532,M-01159,South Cambridgeshire District Council,South Cambridgeshire District Council,Hemingfords,Vice-Chair,Finance,Directorship,Directorship declared in the register,False,2024-01-10,2024-04-13
D-003533,M-01159,South Cambridgeshire District Council,South Cambridgeshire District Council,Hemingfords,Vice-Chair,Health and Wellbeing,Directorship,Directorship declared in the register,False,2024-04-23,2025-02-02
D-003534,M-01160,Cambridgeshire County Council,Cambridgeshire County Council,Warboys,Vice-Chair,Environment,Corporate tenancies,Corporate tenancies declared in the register,False,2024-12-12,2024-12-19
D-003535,M-01161,St Ives Town Council,Huntingdonshire District Council,Fenstanton,Mayor,Corporate Governance,Sensitive interest (withheld under s.32),,True,2024-06-30,2024-08-10
D-003536,M-01161,St Ives Town Council,Huntingdonshire District Council,Fenstanton,Mayor,Employment,Sensitive interest (withheld under s.32),,True,2025-04-07,2026-04-02
D-003537,M-01161,St Ives Town Council,Huntingdonshire District Council,Fenstanton,Mayor,Corporate Governance,"Employment, office, trade or profession",Employment declared in the register,False,2023-07-29,2024-04-09
D-003538,M-01161,St Ives Town Council,Huntingdonshire District Council,Fenstanton,Mayor,Planning,Corporate tenancies,Corporate tenancies declared in the register,False,2023-05-27,2023-07-26
D-003539,M-01162,St Ives Town Council,Huntingdonshire District Council,Huntingdon West,Vice-Chair,Environment,Contracts with the authority,Contracts with the authority declared in the register,False,2024-01-11,2024-01-22
D-003540,M-01162,St Ives Town Council,Huntingdonshire District Council,Huntingdon West,Vice-Chair,Finance,Securities,Securities declared in the register,False,2025-07-01,2026-04-27
D-003541,M-01163,Huntingdon Town Council,Huntingdonshire District Council,Warboys,Chair,Employment,Trade union membership,Trade union membership declared in the register,False,2024-05-16,2025-03-14
D-003542,M-01164,Cambridgeshire County Council,Cambridgeshire County Council,Warboys,Councillor,Finance,Land and property in the area,Land and property in the area declared in the register,False,2024-05-02,2024-09-09
D-003543,M-01164,Cambridgeshire County Council,Cambridgeshire County Council,Warboys,Councillor,(none),Land and property in the area,Land and property in the area declared in the register,False,2023-11-27,2024-12-28
D-003544,M-01164,Cambridgeshire County Council,Cambridgeshire County Council,Warboys,Councillor,(none),Membership of a body exercising public functions,Membership of a body exercising public functions declared in the register,False,2025-05-26,2025-09-14
D-003545,M-01165,St Ives Town Council,Huntingdonshire District Council,St Neots Eynesbury,Councillor,Standards,"Employment, office, trade or profession",Employment declared in the register,False,2024-10-09,2025-05-03
D-003546,M-01165,St Ives Town Council,Huntingdonshire District Council,St Neots Eynesbury,Councillor,Corporate Governance,Securities,Securities declared in the register,False,2023-05-26,2023-06-08
D-003547,M-01165,St Ives Town Council,Huntingdonshire District Council,St Neots Eynesbury,Councillor,Overview and Scrutiny,Membership of a charity or voluntary body,Membership of a charity or voluntary body declared in the register,False,2025-03-28,2026-02-23
D-003548,M-01166,Cambridgeshire County Council,Cambridgeshire County Council,St Ives South,Councillor,Health and Wellbeing,Corporate tenancies,Corporate tenancies declared in the register,False,2023-11-04,2023-11-25
D-003549,M-01167,Huntingdonshire District Council,Huntingdonshire District Council,Little Paxton,Councillor,Finance,Land and property in the area,Land and property in the area declared in the register,False,2024-01-29,2024-12-29
D-003550,M-01167,Huntingdonshire District Council,Huntingdonshire District Council,Little Paxton,Councillor,Audit and Governance,Membership of a body exercising public functions,Membership of a body exercising public functions declared in the register,False,2024-09-13,2025-10-01
D-003551,M-01167,Huntingdonshire District Council,Huntingdonshire District Council,Little Paxton,Councillor,Standards,Sensitive interest (withheld under s.32),,True,2024-12-22,2025-02-26
D-003552,M-01167,Huntingdonshire District Council,Huntingdonshire District Council,Little Paxton,Councillor,Health and Wellbeing,"Employment, office, trade or profession",Employment declared in the register,False,2024-09-11,2025-01-22
D-003553,M-01167,Huntingdonshire District Council,Huntingdonshire District Council,Little Paxton,Councillor,Environment,Corporate tenancies,Corporate tenancies declared in the register,False,2023-07-10,2024-03-22
D-003554,M-01168,South Cambridgeshire District Council,South Cambridgeshire District Council,Huntingdon West,Councillor,(none),Trade union membership,Trade union membership declared in the register,False,2025-04-12,2025-12-27
D-003555,M-01168,South Cambridgeshire District Council,South Cambridgeshire District Council,Huntingdon West,Councillor,Overview and Scrutiny,Sponsorship,Sponsorship declared in the register,False,2024-11-08,2025-04-07
D-003556,M-01169,St Ives Town Council,Huntingdonshire District Council,St Ives South,Councillor,Planning,Sponsorship,Sponsorship declared in the register,False,2023-11-18,2024-04-26
D-003557,M-01170,Ramsey Town Council,Huntingdonshire District Council,St Ives West,Councillor,Environment,Securities,Securities declared in the register,False,2023-11-27,2024-06-26
D-003558,M-01170,Ramsey Town Council,Huntingdonshire District Council,St Ives West,Councillor,Corporate Governance,Land and property in the area,Land and property in the area declared in the register,False,2025-09-25,2026-02-26
D-003559,M-01170,Ramsey Town Council,Huntingdonshire District Council,St Ives West,Councillor,Licensing,Membership of a charity or voluntary body,Membership of a charity or voluntary body declared in the register,False,2023-10-08,2023-11-17
D-003560,M-01170,Ramsey Town Council,Huntingdonshire District Council,St Ives West,Councillor,Standards,Membership of a political party,Membership of a political party declared in the register,False,2024-03-09,2025-03-08
D-003561,M-01171,Huntingdon Town Council,Huntingdonshire District Council,Warboys,Councillor,Standards,Membership of a charity or voluntary body,Membership of a charity or voluntary body declared in the register,False,2023-09-10,2024-05-28
D-003562,M-01171,Huntingdon Town Council,Huntingdonshire District Council,Warboys,Councillor,Audit and Governance,Membership of a body exercising public functions,Membership of a body exercising public functions declared in the register,False,2024-06-14,2024-11-13
D-003563,M-01171,Huntingdon Town Council,Huntingdonshire District Council,Warboys,Councillor,Audit and Governance,Licences to occupy land,Licences to occupy land declared in the register,False,2023-06-12,2023-12-24
D-003564,M-01171,Huntingdon Town Council,Huntingdonshire District Council,Warboys,Councillor,(none),Trade union membership,Trade union membership declared in the register,False,2023-06-01,2024-05-02
D-003565,M-01171,Huntingdon Town Council,Huntingdonshire District Council,Warboys,Councillor,Overview and Scrutiny,Membership of a body exercising public functions,Membership of a body exercising public functions declared in the register,False,2023-09-10,2024-10-06
D-003566,M-01172,Cambridgeshire County Council,Cambridgeshire County Council,Somersham,Committee Member,(none),Securities,Securities declared in the register,False,2024-12-29,2025-12-01
D-003567,M-01172,Cambridgeshire County Council,Cambridgeshire County Council,Somersham,Committee Member,Licensing,Sponsorship,Sponsorship declared in the register,False,2025-04-11,2025-12-01
D-003568,M-01172,Cambridgeshire County Council,Cambridgeshire County Council,Somersham,Committee Member,Environment,Land and property in the area,Land and property in the area declared in the register,False,2025-09-13,2026-08-11
D-003569,M-01173,Huntingdon Town Council,Huntingdonshire District Council,St Neots East,Councillor,(none),Corporate tenancies,Corporate tenancies declared in the register,False,2023-09-02,2023-10-03
D-003570,M-01173,Huntingdon Town Council,Huntingdonshire District Council,St Neots East,Councillor,Overview and Scrutiny,Directorship,Directorship declared in the register,False,2024-04-24,2024-09-11
D-003571,M-01173,Huntingdon Town Council,Huntingdonshire District Council,St Neots East,Councillor,Health and Wellbeing,Land and property in the area,Land and property in the area declared in the register,False,2023-06-01,2023-11-24
D-003572,M-01174,Huntingdon Town Council,Huntingdonshire District Council,Warboys,Councillor,Overview and Scrutiny,Membership of a body exercising public functions,Membership of a body exercising public functions declared in the register,False,2024-09-29,2025-01-27
D-003573,M-01175,Ramsey Town Council,Huntingdonshire District Council,Little Paxton,Chair,Employment,Corporate tenancies,Corporate tenancies declared in the register,False,2024-08-27,2025-01-05
D-003574,M-01175,Ramsey Town Council,Huntingdonshire District Council,Little Paxton,Chair,Standards,Membership of a political party,Membership of a political party declared in the register,False,2024-08-02,2024-10-01
D-003575,M-01176,Ramsey Town Council,Huntingdonshire District Council,Fenstanton,Councillor,Licensing,Trade union membership,Trade union membership declared in the register,False,2025-08-06,2026-03-04
D-003576,M-01176,Ramsey Town Council,Huntingdonshire District Council,Fenstanton,Councillor,Finance,Corporate tenancies,Corporate tenancies declared in the register,False,2025-04-30,2026-04-25
D-003577,M-01176,Ramsey Town Council,Huntingdonshire District Council,Fenstanton,Councillor,Planning,Directorship,Directorship declared in the register,False,2023-11-12,2024-03-17
D-003578,M-01177,South Cambridgeshire District Council,South Cambridgeshire District Council,St Ives East,Committee Member,(none),Membership of a charity or voluntary body,Membership of a charity or voluntary body declared in the register,False,2025-08-24,2026-09-22
D-003579,M-01178,Huntingdon Town Council,Huntingdonshire District Council,Little Paxton,Councillor,Environment,Membership of a body exercising public functions,Membership of a body exercising public functions declared in the register,False,2025-01-18,2025-01-26
D-003580,M-01178,Huntingdon Town Council,Huntingdonshire District Council,Little Paxton,Councillor,Planning,Land and property in the area,Land and property in the area declared in the register,False,2024-04-15,2024-06-24
D-003581,M-01178,Huntingdon Town Council,Huntingdonshire District Council,Little Paxton,Councillor,Standards,Membership of a political party,Membership of a political party declared in the register,False,2025-06-04,2026-02-05
D-003582,M-01179,South Cambridgeshire District Council,South Cambridgeshire District Council,Yaxley,Vice-Chair,Health and Wellbeing,Membership of a charity or voluntary body,Membership of a charity or voluntary body declared in the register,False,2023-11-17,2024-03-10
D-003583,M-01180,Cambridgeshire County Council,Cambridgeshire County Council,St Ives South,Councillor,Standards,Sponsorship,Sponsorship declared in the register,False,2025-07-26,2026-02-19
D-003584,M-01180,Cambridgeshire County Council,Cambridgeshire County Council,St Ives South,Councillor,Health and Wellbeing,Trade union membership,Trade union membership declared in the register,False,2023-10-26,2024-03-28
D-003585,M-01181,Cambridgeshire County Council,Cambridgeshire County Council,Fenstanton,Councillor,Employment,Sensitive interest (withheld under s.32),,True,2023-05-03,2023-08-19
D-003586,M-01181,Cambridgeshire County Council,Cambridgeshire County Council,Fenstanton,Councillor,Overview and Scrutiny,Corporate tenancies,Corporate tenancies declared in the register,False,2024-03-26,2024-08-16
D-003587,M-01181,Cambridgeshire County Council,Cambridgeshire County Council,Fenstanton,Councillor,Finance,Licences to occupy land,Licences to occupy land declared in the register,False,2024-01-14,2024-07-02
D-003588,M-01182,St Ives Town Council,Huntingdonshire District Council,Alconbury,Councillor,Overview and Scrutiny,Membership of a political party,Membership of a political party declared in the register,False,2023-06-01,2024-03-29
D-003589,M-01182,St Ives Town Council,Huntingdonshire District Council,Alconbury,Councillor,Corporate Governance,Licences to occupy land,Licences to occupy land declared in the register,False,2025-03-07,2025-04-11
D-003590,M-01182,St Ives Town Council,Huntingdonshire District Council,Alconbury,Councillor,Finance,Membership of a charity or voluntary body,Membership of a charity or voluntary body declared in the register,False,2023-07-25,2024-02-07
D-003591,M-01182,St Ives Town Council,Huntingdonshire District Council,Alconbury,Councillor,Corporate Governance,Trade union membership,Trade union membership declared in the register,False,2023-10-30,2024-06-10
D-003592,M-01183,Huntingdon Town Council,Huntingdonshire District Council,Huntingdon East,Cabinet Member,Audit and Governance,Land and property in the area,Land and property in the area declared in the register,False,2023-09-14,2023-11-17
D-003593,M-01183,Huntingdon Town Council,Huntingdonshire District Council,Huntingdon East,Cabinet Member,Audit and Governance,Membership of a charity or voluntary body,Membership of a charity or voluntary body declared in the register,False,2024-07-20,2025-02-14
D-003594,M-01183,Huntingdon Town Council,Huntingdonshire District Council,Huntingdon East,Cabinet Member,Standards,Corporate tenancies,Corporate tenancies declared in the register,False,2023-06-26,2024-01-03
D-003595,M-01183,Huntingdon Town Council,Huntingdonshire District Council,Huntingdon East,Cabinet Member,Licensing,Sensitive interest (withheld under s.32),,True,2025-05-23,2026-04-27
D-003596,M-01184,Huntingdonshire District Council,Huntingdonshire District Council,Huntingdon North,Committee Member,Health and Wellbeing,Contracts with the authority,Contracts with the authority declared in the register,False,2023-05-30,2024-02-14
D-003597,M-01184,Huntingdonshire District Council,Huntingdonshire District Council,Huntingdon North,Committee Member,Finance,Directorship,Directorship declared in the register,False,2025-09-04,2026-05-23
D-003598,M-01185,St Ives Town Council,Huntingdonshire District Council,Fenstanton,Councillor,Licensing,Directorship,Directorship declared in the register,False,2024-11-14,2025-06-08
D-003599,M-01185,St Ives Town Council,Huntingdonshire District Council,Fenstanton,Councillor,Licensing,Membership of a charity or voluntary body,Membership of a charity or voluntary body declared in the register,False,2023-08-25,2024-01-29
D-003600,M-01186,Huntingdon Town Council,Huntingdonshire District Council,Sawtry,Councillor,Finance,Directorship,Directorship declared in the register,False,2023-06-07,2024-01-20
D-003601,M-01186,Huntingdon Town Council,Huntingdonshire District Council,Sawtry,Councillor,Finance,Land and property in the area,Land and property in the area declared in the register,False,2024-11-23,2025-04-25
D-003602,M-01186,Huntingdon Town Council,Huntingdonshire District Council,Sawtry,Councillor,Health and Wellbeing,Membership of a charity or voluntary body,Membership of a charity or voluntary body declared in the register,False,2024-05-10,2025-02-18
D-003603,M-01186,Huntingdon Town Council,Huntingdonshire District Council,Sawtry,Councillor,Employment,Membership of a political party,Membership of a political party declared in the register,False,2023-07-13,2023-12-06
D-003604,M-01187,Ramsey Town Council,Huntingdonshire District Council,Alconbury,Committee Member,Licensing,Membership of a charity or voluntary body,Membership of a charity or voluntary body declared in the register,False,2025-05-04,2025-07-28
D-003605,M-01187,Ramsey Town Council,Huntingdonshire District Council,Alconbury,Committee Member,Audit and Governance,"Employment, office, trade or profession",Employment declared in the register,False,2023-05-31,2024-04-10
D-003606,M-01187,Ramsey Town Council,Huntingdonshire District Council,Alconbury,Committee Member,Health and Wellbeing,Sponsorship,Sponsorship declared in the register,False,2023-10-13,2024-08-03
D-003607,M-01188,Ramsey Town Council,Huntingdonshire District Council,Hemingfords,Councillor,Employment,Licences to occupy land,Licences to occupy land declared in the register,False,2025-05-11,2026-04-24
D-003608,M-01188,Ramsey Town Council,Huntingdonshire District Council,Hemingfords,Councillor,Employment,Contracts with the authority,Contracts with the authority declared in the register,False,2024-01-06,2024-08-24
D-003609,M-01188,Ramsey Town Council,Huntingdonshire District Council,Hemingfords,Councillor,Planning,Trade union membership,Trade union membership declared in the register,False,2023-12-21,2024-06-18
D-003610,M-01188,Ramsey Town Council,Huntingdonshire District Council,Hemingfords,Councillor,Licensing,Membership of a charity or voluntary body,Membership of a charity or voluntary body declared in the register,False,2024-08-05,2025-09-08
D-003611,M-01188,Ramsey Town Council,Huntingdonshire District Council,Hemingfords,Councillor,Planning,Corporate tenancies,Corporate tenancies declared in the register,False,2024-06-28,2024-07-20
D-003612,M-01189,Cambridgeshire County Council,Cambridgeshire County Council,Alconbury,Chair,Corporate Governance,Licences to occupy land,Licences to occupy land declared in the register,False,2024-05-04,2024-07-24
D-003613,M-01189,Cambridgeshire County Council,Cambridgeshire County Council,Alconbury,Chair,Health and Wellbeing,Securities,Securities declared in the register,False,2024-10-20,2025-06-02
D-003614,M-01189,Cambridgeshire County Council,Cambridgeshire County Council,Alconbury,Chair,Standards,"Employment, office, trade or profession",Employment declared in the register,False,2023-09-26,2023-12-14
D-003615,M-01190,South Cambridgeshire District Council,South Cambridgeshire District Council,Brampton,Chair,Planning,Corporate tenancies,Corporate tenancies declared in the register,False,2024-08-16,2025-05-21
D-003616,M-01190,South Cambridgeshire District Council,South Cambridgeshire District Council,Brampton,Chair,Corporate Governance,"Employment, office, trade or profession",Employment declared in the register,False,2024-04-04,2024-10-18
D-003617,M-01191,Huntingdonshire District Council,Huntingdonshire District Council,Alconbury,Chair,Standards,Land and property in the area,Land and property in the area declared in the register,False,2025-05-24,2026-02-18
D-003618,M-01191,Huntingdonshire District Council,Huntingdonshire District Council,Alconbury,Chair,Standards,Corporate tenancies,Corporate tenancies declared in the register,False,2023-07-26,2024-03-12
D-003619,M-01191,Huntingdonshire District Council,Huntingdonshire District Council,Alconbury,Chair,Overview and Scrutiny,"Employment, office, trade or profession",Employment declared in the register,False,2023-05-12,2023-05-31
D-003620,M-01191,Huntingdonshire District Council,Huntingdonshire District Council,Alconbury,Chair,Corporate Governance,Securities,Securities declared in the register,False,2023-11-05,2024-09-01
D-003621,M-01191,Huntingdonshire District Council,Huntingdonshire District Council,Alconbury,Chair,Environment,Land and property in the area,Land and property in the area declared in the register,False,2024-02-29,2024-09-30
D-003622,M-01192,St Ives Town Council,Huntingdonshire District Council,St Ives South,Councillor,Overview and Scrutiny,Corporate tenancies,Corporate tenancies declared in the register,False,2025-07-30,2025-11-10
D-003623,M-01192,St Ives Town Council,Huntingdonshire District Council,St Ives South,Councillor,Audit and Governance,Securities,Securities declared in the register,False,2023-05-28,2024-02-10
D-003624,M-01192,St Ives Town Council,Huntingdonshire District Council,St Ives South,Councillor,Audit and Governance,Corporate tenancies,Corporate tenancies declared in the register,False,2024-10-17,2025-01-23
D-003625,M-01192,St Ives Town Council,Huntingdonshire District Council,St Ives South,Councillor,Overview and Scrutiny,Membership of a body exercising public functions,Membership of a body exercising public functions declared in the register,False,2023-05-09,2024-04-29
D-003626,M-01193,St Ives Town Council,Huntingdonshire District Council,Huntingdon North,Committee Member,Employment,Licences to occupy land,Licences to occupy land declared in the register,False,2024-07-08,2024-09-08
D-003627,M-01193,St Ives Town Council,Huntingdonshire District Council,Huntingdon North,Committee Member,Corporate Governance,Membership of a body exercising public functions,Membership of a body exercising public functions declared in the register,False,2025-10-11,2025-10-26
D-003628,M-01193,St Ives Town Council,Huntingdonshire District Council,Huntingdon North,Committee Member,Licensing,Membership of a political party,Membership of a political party declared in the register,False,2023-09-20,2023-12-12
D-003629,M-01194,Cambridgeshire County Council,Cambridgeshire County Council,Godmanchester,Vice-Chair,Planning,Land and property in the area,Land and property in the area declared in the register,False,2025-06-23,2026-01-21
D-003630,M-01195,Ramsey Town Council,Huntingdonshire District Council,Brampton,Vice-Chair,Licensing,Membership of a body exercising public functions,Membership of a body exercising public functions declared in the register,False,2023-09-16,2023-12-11
D-003631,M-01195,Ramsey Town Council,Huntingdonshire District Council,Brampton,Vice-Chair,Licensing,"Employment, office, trade or profession",Employment declared in the register,False,2023-07-01,2023-10-15
D-003632,M-01195,Ramsey Town Council,Huntingdonshire District Council,Brampton,Vice-Chair,Standards,Contracts with the authority,Contracts with the authority declared in the register,False,2023-05-14,2024-05-15
D-003633,M-01196,Huntingdon Town Council,Huntingdonshire District Council,Somersham,Committee Member,Corporate Governance,Contracts with the authority,Contracts with the authority declared in the register,False,2025-08-05,2026-05-26
D-003634,M-01196,Huntingdon Town Council,Huntingdonshire District Council,Somersham,Committee Member,Audit and Governance,Sponsorship,Sponsorship declared in the register,False,2023-09-04,2024-02-02
D-003635,M-01196,Huntingdon Town Council,Huntingdonshire District Council,Somersham,Committee Member,(none),Contracts with the authority,Contracts with the authority declared in the register,False,2024-02-15,2024-02-26
D-003636,M-01196,Huntingdon Town Council,Huntingdonshire District Council,Somersham,Committee Member,Standards,Directorship,Directorship declared in the register,False,2024-06-03,2025-01-28
D-003637,M-01196,Huntingdon Town Council,Huntingdonshire District Council,Somersham,Committee Member,Audit and Governance,Membership of a charity or voluntary body,Membership of a charity or voluntary body declared in the register,False,2024-05-02,2025-05-15
D-003638,M-01197,Huntingdon Town Council,Huntingdonshire District Council,Somersham,Councillor,Environment,Directorship,Directorship declared in the register,False,2024-05-03,2024-05-30
D-003639,M-01197,Huntingdon Town Council,Huntingdonshire District Council,Somersham,Councillor,Planning,"Employment, office, trade or profession",Employment declared in the register,False,2024-04-09,2025-04-03
D-003640,M-01198,Huntingdon Town Council,Huntingdonshire District Council,Fenstanton,Councillor,Health and Wellbeing,Contracts with the authority,Contracts with the authority declared in the register,False,2025-03-17,2025-04-06
D-003641,M-01199,Cambridgeshire County Council,Cambridgeshire County Council,St Ives East,Councillor,Corporate Governance,Contracts with the authority,Contracts with the authority declared in the register,False,2025-08-27,2026-07-07
D-003642,M-01200,St Ives Town Council,Huntingdonshire District Council,Warboys,Councillor,Planning,Directorship,Directorship declared in the register,False,2024-12-12,2025-09-04
D-003643,M-01200,St Ives Town Council,Huntingdonshire District Council,Warboys,Councillor,Standards,Licences to occupy land,Licences to occupy land declared in the register,False,2023-09-21,2023-10-16
D-003644,M-01200,St Ives Town Council,Huntingdonshire District Council,Warboys,Councillor,Employment,Contracts with the authority,Contracts with the authority declared in the register,False,2025-09-15,2025-10-13
D-003645,M-01200,St Ives Town Council,Huntingdonshire District Council,Warboys,Councillor,Finance,Securities,Securities declared in the register,False,2024-10-10,2025-08-20
D-003646,M-01201,Cambridgeshire County Council,Cambridgeshire County Council,Hemingfords,Councillor,Audit and Governance,Sensitive interest (withheld under s.32),,True,2025-02-09,2025-11-06
D-003647,M-01202,Huntingdonshire District Council,Huntingdonshire District Council,Brampton,Cabinet Member,Health and Wellbeing,Membership of a charity or voluntary body,Membership of a charity or voluntary body declared in the register,False,2024-11-13,2025-11-26
D-003648,M-01202,Huntingdonshire District Council,Huntingdonshire District Council,Brampton,Cabinet Member,Environment,Membership of a body exercising public functions,Membership of a body exercising public functions declared in the register,False,2025-04-25,2026-02-02
D-003649,M-01202,Huntingdonshire District Council,Huntingdonshire District Council,Brampton,Cabinet Member,(none),Licences to occupy land,Licences to occupy land declared in the register,False,2023-10-05,2024-02-12
D-003650,M-01202,Huntingdonshire District Council,Huntingdonshire District Council,Brampton,Cabinet Member,Licensing,Directorship,Directorship declared in the register,False,2023-05-11,2024-04-24
D-003651,M-01203,Huntingdon Town Council,Huntingdonshire District Council,Godmanchester,Councillor,Audit and Governance,Sponsorship,Sponsorship declared in the register,False,2025-07-04,2026-06-26
D-003652,M-01203,Huntingdon Town Council,Huntingdonshire District Council,Godmanchester,Councillor,Audit and Governance,Land and property in the area,Land and property in the area declared in the register,False,2023-09-06,2024-02-03
D-003653,M-01204,South Cambridgeshire District Council,South Cambridgeshire District Council,Huntingdon West,Councillor,Licensing,Trade union membership,Trade union membership declared in the register,False,2025-07-30,2025-08-22
D-003654,M-01204,South Cambridgeshire District Council,South Cambridgeshire District Council,Huntingdon West,Councillor,Health and Wellbeing,"Employment, office, trade or profession",Employment declared in the register,False,2023-12-19,2024-06-18
D-003655,M-01204,South Cambridgeshire District Council,South Cambridgeshire District Council,Huntingdon West,Councillor,Audit and Governance,Land and property in the area,Land and property in the area declared in the register,False,2024-10-15,2025-07-15
D-003656,M-01205,Cambridgeshire County Council,Cambridgeshire County Council,Little Paxton,Councillor,Employment,Trade union membership,Trade union membership declared in the register,False,2025-09-28,2025-12-01
D-003657,M-01205,Cambridgeshire County Council,Cambridgeshire County Council,Little Paxton,Councillor,Health and Wellbeing,Land and property in the area,Land and property in the area declared in the register,False,2025-06-21,2026-06-28
D-003658,M-01205,Cambridgeshire County Council,Cambridgeshire County Council,Little Paxton,Councillor,Audit and Governance,Membership of a body exercising public functions,Membership of a body exercising public functions declared in the register,False,2024-03-06,2025-02-19
D-003659,M-01205,Cambridgeshire County Council,Cambridgeshire County Council,Little Paxton,Councillor,Licensing,Securities,Securities declared in the register,False,2024-10-08,2025-05-15
D-003660,M-01206,Cambridgeshire County Council,Cambridgeshire County Council,Huntingdon North,Councillor,Employment,Land and property in the area,Land and property in the area declared in the register,False,2023-08-16,2024-08-23
D-003661,M-01206,Cambridgeshire County Council,Cambridgeshire County Council,Huntingdon North,Councillor,(none),Sponsorship,Sponsorship declared in the register,False,2025-06-16,2026-04-07
D-003662,M-01207,Cambridgeshire County Council,Cambridgeshire County Council,Sawtry,Cabinet Member,Health and Wellbeing,Licences to occupy land,Licences to occupy land declared in the register,False,2023-10-26,2024-11-15
D-003663,M-01207,Cambridgeshire County Council,Cambridgeshire County Council,Sawtry,Cabinet Member,Planning,Trade union membership,Trade union membership declared in the register,False,2023-08-03,2023-10-06
D-003664,M-01207,Cambridgeshire County Council,Cambridgeshire County Council,Sawtry,Cabinet Member,Audit and Governance,Trade union membership,Trade union membership declared in the register,False,2024-06-26,2025-03-20
D-003665,M-01208,Huntingdonshire District Council,Huntingdonshire District Council,St Ives South,Councillor,Licensing,Directorship,Directorship declared in the register,False,2024-10-01,2025-01-05
D-003666,M-01209,St Ives Town Council,Huntingdonshire District Council,Godmanchester,Councillor,Standards,Securities,Securities declared in the register,False,2025-09-08,2026-07-06
D-003667,M-01209,St Ives Town Council,Huntingdonshire District Council,Godmanchester,Councillor,Finance,Securities,Securities declared in the register,False,2024-03-08,2024-08-02
D-003668,M-01210,Ramsey Town Council,Huntingdonshire District Council,Huntingdon East,Councillor,Finance,"Employment, office, trade or profession",Employment declared in the register,False,2025-08-01,2026-01-05
D-003669,M-01210,Ramsey Town Council,Huntingdonshire District Council,Huntingdon East,Councillor,Corporate Governance,Securities,Securities declared in the register,False,2024-02-03,2024-11-01
D-003670,M-01210,Ramsey Town Council,Huntingdonshire District Council,Huntingdon East,Councillor,(none),Sensitive interest (withheld under s.32),,True,2025-06-23,2025-10-02
D-003671,M-01210,Ramsey Town Council,Huntingdonshire District Council,Huntingdon East,Councillor,Audit and Governance,"Employment, office, trade or profession",Employment declared in the register,False,2024-09-10,2025-07-07
D-003672,M-01211,St Ives Town Council,Huntingdonshire District Council,Buckden,Councillor,Environment,Corporate tenancies,Corporate tenancies declared in the register,False,2024-11-21,2025-12-17
D-003673,M-01211,St Ives Town Council,Huntingdonshire District Council,Buckden,Councillor,Environment,Membership of a body exercising public functions,Membership of a body exercising public functions declared in the register,False,2023-09-22,2023-12-23
D-003674,M-01211,St Ives Town Council,Huntingdonshire District Council,Buckden,Councillor,Employment,Land and property in the area,Land and property in the area declared in the register,False,2025-07-25,2026-06-19
D-003675,M-01212,South Cambridgeshire District Council,South Cambridgeshire District Council,Brampton,Councillor,Corporate Governance,Membership of a body exercising public functions,Membership of a body exercising public functions declared in the register,False,2023-05-17,2023-09-12
D-003676,M-01212,South Cambridgeshire District Council,South Cambridgeshire District Council,Brampton,Councillor,Overview and Scrutiny,Land and property in the area,Land and property in the area declared in the register,False,2025-02-04,2025-12-17
D-003677,M-01212,South Cambridgeshire District Council,South Cambridgeshire District Council,Brampton,Councillor,Health and Wellbeing,Membership of a charity or voluntary body,Membership of a charity or voluntary body declared in the register,False,2023-10-19,2023-11-18
D-003678,M-01213,Huntingdonshire District Council,Huntingdonshire District Council,Alconbury,Councillor,Licensing,Securities,Securities declared in the register,False,2024-03-17,2024-03-23
D-003679,M-01213,Huntingdonshire District Council,Huntingdonshire District Council,Alconbury,Councillor,Planning,Corporate tenancies,Corporate tenancies declared in the register,False,2025-05-20,2026-03-20
D-003680,M-01213,Huntingdonshire District Council,Huntingdonshire District Council,Alconbury,Councillor,Licensing,Membership of a political party,Membership of a political party declared in the register,False,2023-12-12,2024-05-23
D-003681,M-01213,Huntingdonshire District Council,Huntingdonshire District Council,Alconbury,Councillor,Environment,Sponsorship,Sponsorship declared in the register,False,2024-02-09,2024-05-07
D-003682,M-01213,Huntingdonshire District Council,Huntingdonshire District Council,Alconbury,Councillor,Corporate Governance,Securities,Securities declared in the register,False,2025-07-07,2025-12-19
D-003683,M-01214,Huntingdon Town Council,Huntingdonshire District Council,St Ives West,Committee Member,Audit and Governance,Contracts with the authority,Contracts with the authority declared in the register,False,2024-06-05,2024-07-14
D-003684,M-01214,Huntingdon Town Council,Huntingdonshire District Council,St Ives West,Committee Member,Employment,Contracts with the authority,Contracts with the authority declared in the register,False,2024-02-07,2024-04-11
D-003685,M-01214,Huntingdon Town Council,Huntingdonshire District Council,St Ives West,Committee Member,Licensing,Membership of a body exercising public functions,Membership of a body exercising public functions declared in the register,False,2023-06-09,2023-09-29
D-003686,M-01215,Huntingdonshire District Council,Huntingdonshire District Council,St Ives South,Chair,Environment,Corporate tenancies,Corporate tenancies declared in the register,False,2025-03-31,2025-08-23
D-003687,M-01215,Huntingdonshire District Council,Huntingdonshire District Council,St Ives South,Chair,Employment,Securities,Securities declared in the register,False,2024-05-06,2024-09-22
D-003688,M-01216,South Cambridgeshire District Council,South Cambridgeshire District Council,Huntingdon West,Vice-Chair,Licensing,Sensitive interest (withheld under s.32),,True,2025-04-11,2025-09-23
D-003689,M-01217,South Cambridgeshire District Council,South Cambridgeshire District Council,Huntingdon East,Councillor,Planning,Securities,Securities declared in the register,False,2023-05-10,2024-05-05
D-003690,M-01217,South Cambridgeshire District Council,South Cambridgeshire District Council,Huntingdon East,Councillor,Licensing,Securities,Securities declared in the register,False,2025-09-15,2026-08-11
D-003691,M-01217,South Cambridgeshire District Council,South Cambridgeshire District Council,Huntingdon East,Councillor,Environment,Directorship,Directorship declared in the register,False,2025-10-03,2026-04-16
D-003692,M-01218,Cambridgeshire County Council,Cambridgeshire County Council,St Ives East,Councillor,Audit and Governance,"Employment, office, trade or profession",Employment declared in the register,False,2024-12-22,2025-05-15
D-003693,M-01218,Cambridgeshire County Council,Cambridgeshire County Council,St Ives East,Councillor,Standards,"Employment, office, trade or profession",Employment declared in the register,False,2023-12-17,2024-03-05
D-003694,M-01218,Cambridgeshire County Council,Cambridgeshire County Council,St Ives East,Councillor,Finance,Securities,Securities declared in the register,False,2025-03-14,2025-11-03
D-003695,M-01219,Ramsey Town Council,Huntingdonshire District Council,Huntingdon North,Councillor,(none),Licences to occupy land,Licences to occupy land declared in the register,False,2024-12-27,2025-01-17
D-003696,M-01219,Ramsey Town Council,Huntingdonshire District Council,Huntingdon North,Councillor,Employment,Trade union membership,Trade union membership declared in the register,False,2023-10-10,2024-09-05
D-003697,M-01220,Huntingdonshire District Council,Huntingdonshire District Council,Warboys,Councillor,Licensing,Licences to occupy land,Licences to occupy land declared in the register,False,2024-08-01,2025-03-05
D-003698,M-01220,Huntingdonshire District Council,Huntingdonshire District Council,Warboys,Councillor,Overview and Scrutiny,Sponsorship,Sponsorship declared in the register,False,2024-10-20,2024-12-01
D-003699,M-01221,Huntingdonshire District Council,Huntingdonshire District Council,Ramsey,Councillor,Licensing,Membership of a political party,Membership of a political party declared in the register,False,2023-09-07,2024-01-22
D-003700,M-01221,Huntingdonshire District Council,Huntingdonshire District Council,Ramsey,Councillor,Audit and Governance,Sponsorship,Sponsorship declared in the register,False,2024-02-19,2024-05-07
D-003701,M-01222,Huntingdonshire District Council,Huntingdonshire District Council,Fenstanton,Councillor,Environment,Membership of a body exercising public functions,Membership of a body exercising public functions declared in the register,False,2025-02-23,2025-07-28
D-003702,M-01222,Huntingdonshire District Council,Huntingdonshire District Council,Fenstanton,Councillor,Licensing,Membership of a body exercising public functions,Membership of a body exercising public functions declared in the register,False,2025-03-30,2025-06-27
D-003703,M-01222,Huntingdonshire District Council,Huntingdonshire District Council,Fenstanton,Councillor,Corporate Governance,Membership of a charity or voluntary body,Membership of a charity or voluntary body declared in the register,False,2025-05-30,2026-02-11
D-003704,M-01222,Huntingdonshire District Council,Huntingdonshire District Council,Fenstanton,Councillor,Licensing,Licences to occupy land,Licences to occupy land declared in the register,False,2023-07-28,2023-09-12
D-003705,M-01223,St Ives Town Council,Huntingdonshire District Council,St Ives East,Councillor,Employment,Membership of a body exercising public functions,Membership of a body exercising public functions declared in the register,False,2024-07-01,2024-09-16
D-003706,M-01223,St Ives Town Council,Huntingdonshire District Council,St Ives East,Councillor,Standards,Membership of a charity or voluntary body,Membership of a charity or voluntary body declared in the register,False,2024-08-03,2025-08-01
D-003707,M-01223,St Ives Town Council,Huntingdonshire District Council,St Ives East,Councillor,Corporate Governance,Land and property in the area,Land and property in the area declared in the register,False,2023-08-15,2024-07-12
D-003708,M-01223,St Ives Town Council,Huntingdonshire District Council,St Ives East,Councillor,Finance,Contracts with the authority,Contracts with the authority declared in the register,False,2025-06-14,2026-01-11
D-003709,M-01223,St Ives Town Council,Huntingdonshire District Council,St Ives East,Councillor,Employment,Membership of a body exercising public functions,Membership of a body exercising public functions declared in the register,False,2023-05-12,2024-03-25
D-003710,M-01224,South Cambridgeshire District Council,South Cambridgeshire District Council,Somersham,Vice-Chair,Employment,Sponsorship,Sponsorship declared in the register,False,2023-06-10,2023-07-25
D-003711,M-01225,Cambridgeshire County Council,Cambridgeshire County Council,Buckden,Councillor,Finance,Licences to occupy land,Licences to occupy land declared in the register,False,2024-01-16,2024-07-03
D-003712,M-01225,Cambridgeshire County Council,Cambridgeshire County Council,Buckden,Councillor,Health and Wellbeing,Securities,Securities declared in the register,False,2025-03-29,2025-08-07
D-003713,M-01226,South Cambridgeshire District Council,South Cambridgeshire District Council,Warboys,Councillor,Corporate Governance,Sponsorship,Sponsorship declared in the register,False,2025-03-30,2025-09-14
D-003714,M-01227,Cambridgeshire County Council,Cambridgeshire County Council,Buckden,Cabinet Member,Standards,Contracts with the authority,Contracts with the authority declared in the register,False,2024-04-22,2025-03-25
D-003715,M-01227,Cambridgeshire County Council,Cambridgeshire County Council,Buckden,Cabinet Member,Standards,Membership of a body exercising public functions,Membership of a body exercising public functions declared in the register,False,2023-07-11,2024-08-01
D-003716,M-01227,Cambridgeshire County Council,Cambridgeshire County Council,Buckden,Cabinet Member,(none),Contracts with the authority,Contracts with the authority declared in the register,False,2024-06-14,2024-10-09
D-003717,M-01227,Cambridgeshire County Council,Cambridgeshire County Council,Buckden,Cabinet Member,Environment,Corporate tenancies,Corporate tenancies declared in the register,False,2024-11-20,2025-01-03
D-003718,M-01228,St Ives Town Council,Huntingdonshire District Council,Alconbury,Chair,Employment,Trade union membership,Trade union membership declared in the register,False,2023-12-29,2024-08-01
D-003719,M-01228,St Ives Town Council,Huntingdonshire District Council,Alconbury,Chair,Audit and Governance,Membership of a body exercising public functions,Membership of a body exercising public functions declared in the register,False,2023-12-21,2025-01-05
D-003720,M-01228,St Ives Town Council,Huntingdonshire District Council,Alconbury,Chair,Overview and Scrutiny,Directorship,Directorship declared in the register,False,2023-09-23,2024-06-12
D-003721,M-01228,St Ives Town Council,Huntingdonshire District Council,Alconbury,Chair,Finance,Directorship,Directorship declared in the register,False,2024-04-22,2025-04-02
D-003722,M-01228,St Ives Town Council,Huntingdonshire District Council,Alconbury,Chair,Overview and Scrutiny,Securities,Securities declared in the register,False,2025-08-19,2026-09-07
D-003723,M-01229,Ramsey Town Council,Huntingdonshire District Council,St Ives West,Councillor,Employment,Securities,Securities declared in the register,False,2024-03-07,2024-09-13
D-003724,M-01230,Huntingdonshire District Council,Huntingdonshire District Council,St Neots East,Cabinet Member,Employment,Licences to occupy land,Licences to occupy land declared in the register,False,2023-08-29,2024-08-26
D-003725,M-01230,Huntingdonshire District Council,Huntingdonshire District Council,St Neots East,Cabinet Member,Health and Wellbeing,Directorship,Directorship declared in the register,False,2024-01-23,2024-10-04
D-003726,M-01230,Huntingdonshire District Council,Huntingdonshire District Council,St Neots East,Cabinet Member,Employment,Corporate tenancies,Corporate tenancies declared in the register,False,2023-10-25,2024-05-29
D-003727,M-01231,Huntingdon Town Council,Huntingdonshire District Council,St Ives West,Cabinet Member,Employment,Membership of a body exercising public functions,Membership of a body exercising public functions declared in the register,False,2023-10-20,2024-06-20
D-003728,M-01231,Huntingdon Town Council,Huntingdonshire District Council,St Ives West,Cabinet Member,Environment,Membership of a charity or voluntary body,Membership of a charity or voluntary body declared in the register,False,2024-03-20,2025-03-18
D-003729,M-01232,South Cambridgeshire District Council,South Cambridgeshire District Council,St Neots Eynesbury,Councillor,Employment,Membership of a political party,Membership of a political party declared in the register,False,2024-04-25,2024-05-20
D-003730,M-01232,South Cambridgeshire District Council,South Cambridgeshire District Council,St Neots Eynesbury,Councillor,Planning,Membership of a political party,Membership of a political party declared in the register,False,2023-05-10,2023-05-30
D-003731,M-01232,South Cambridgeshire District Council,South Cambridgeshire District Council,St Neots Eynesbury,Councillor,Planning,Membership of a charity or voluntary body,Membership of a charity or voluntary body declared in the register,False,2025-03-18,2025-07-30
D-003732,M-01232,South Cambridgeshire District Council,South Cambridgeshire District Council,St Neots Eynesbury,Councillor,(none),"Employment, office, trade or profession",Employment declared in the register,False,2023-05-07,2024-02-29
D-003733,M-01232,South Cambridgeshire District Council,South Cambridgeshire District Council,St Neots Eynesbury,Councillor,Planning,Contracts with the authority,Contracts with the authority declared in the register,False,2023-08-11,2023-09-03
D-003734,M-01233,South Cambridgeshire District Council,South Cambridgeshire District Council,Huntingdon East,Mayor,Standards,Membership of a body exercising public functions,Membership of a body exercising public functions declared in the register,False,2024-11-26,2025-08-12
D-003735,M-01233,South Cambridgeshire District Council,South Cambridgeshire District Council,Huntingdon East,Mayor,Health and Wellbeing,Sponsorship,Sponsorship declared in the register,False,2024-08-28,2025-07-03
D-003736,M-01234,Cambridgeshire County Council,Cambridgeshire County Council,Yaxley,Chair,Corporate Governance,Sponsorship,Sponsorship declared in the register,False,2024-01-28,2024-07-26
D-003737,M-01234,Cambridgeshire County Council,Cambridgeshire County Council,Yaxley,Chair,Employment,Membership of a body exercising public functions,Membership of a body exercising public functions declared in the register,False,2024-08-13,2024-11-17
D-003738,M-01235,Huntingdonshire District Council,Huntingdonshire District Council,St Neots Eynesbury,Councillor,(none),Membership of a political party,Membership of a political party declared in the register,False,2025-01-01,2025-09-23
D-003739,M-01235,Huntingdonshire District Council,Huntingdonshire District Council,St Neots Eynesbury,Councillor,Health and Wellbeing,Corporate tenancies,Corporate tenancies declared in the register,False,2025-04-18,2026-01-12
D-003740,M-01235,Huntingdonshire District Council,Huntingdonshire District Council,St Neots Eynesbury,Councillor,Overview and Scrutiny,Sponsorship,Sponsorship declared in the register,False,2024-10-11,2024-11-17
D-003741,M-01236,Huntingdon Town Council,Huntingdonshire District Council,Somersham,Councillor,Standards,Trade union membership,Trade union membership declared in the register,False,2025-05-01,2025-11-13
D-003742,M-01236,Huntingdon Town Council,Huntingdonshire District Council,Somersham,Councillor,Planning,Sponsorship,Sponsorship declared in the register,False,2023-12-02,2024-12-21
D-003743,M-01236,Huntingdon Town Council,Huntingdonshire District Council,Somersham,Councillor,Corporate Governance,Membership of a body exercising public functions,Membership of a body exercising public functions declared in the register,False,2023-08-15,2024-05-21
D-003744,M-01237,Huntingdonshire District Council,Huntingdonshire District Council,Alconbury,Councillor,Licensing,Land and property in the area,Land and property in the area declared in the register,False,2024-05-03,2025-01-04
D-003745,M-01237,Huntingdonshire District Council,Huntingdonshire District Council,Alconbury,Councillor,Planning,Corporate tenancies,Corporate tenancies declared in the register,False,2024-01-02,2024-01-24
D-003746,M-01237,Huntingdonshire District Council,Huntingdonshire District Council,Alconbury,Councillor,(none),Trade union membership,Trade union membership declared in the register,False,2023-09-07,2023-11-05
D-003747,M-01238,Huntingdonshire District Council,Huntingdonshire District Council,Alconbury,Committee Member,Overview and Scrutiny,Trade union membership,Trade union membership declared in the register,False,2025-03-02,2025-12-02
D-003748,M-01239,St Ives Town Council,Huntingdonshire District Council,Godmanchester,Councillor,Corporate Governance,Contracts with the authority,Contracts with the authority declared in the register,False,2025-01-07,2025-04-07
D-003749,M-01239,St Ives Town Council,Huntingdonshire District Council,Godmanchester,Councillor,Overview and Scrutiny,Land and property in the area,Land and property in the area declared in the register,False,2023-08-22,2024-03-12
D-003750,M-01239,St Ives Town Council,Huntingdonshire District Council,Godmanchester,Councillor,Standards,Sponsorship,Sponsorship declared in the register,False,2024-12-11,2025-11-18
D-003751,M-01239,St Ives Town Council,Huntingdonshire District Council,Godmanchester,Councillor,Environment,"Employment, office, trade or profession",Employment declared in the register,False,2024-01-22,2024-05-23
D-003752,M-01240,Huntingdonshire District Council,Huntingdonshire District Council,Ramsey,Vice-Chair,Corporate Governance,Membership of a body exercising public functions,Membership of a body exercising public functions declared in the register,False,2025-07-24,2026-02-17
D-003753,M-01240,Huntingdonshire District Council,Huntingdonshire District Council,Ramsey,Vice-Chair,Licensing,Membership of a charity or voluntary body,Membership of a charity or voluntary body declared in the register,False,2024-10-14,2024-11-28
D-003754,M-01240,Huntingdonshire District Council,Huntingdonshire District Council,Ramsey,Vice-Chair,Planning,Securities,Securities declared in the register,False,2024-03-27,2024-06-29
D-003755,M-01240,Huntingdonshire District Council,Huntingdonshire District Council,Ramsey,Vice-Chair,Planning,Licences to occupy land,Licences to occupy land declared in the register,False,2024-06-13,2025-04-20
D-003756,M-01241,Ramsey Town Council,Huntingdonshire District Council,Somersham,Vice-Chair,Audit and Governance,Trade union membership,Trade union membership declared in the register,False,2023-06-09,2023-06-29
D-003757,M-01241,Ramsey Town Council,Huntingdonshire District Council,Somersham,Vice-Chair,Audit and Governance,Licences to occupy land,Licences to occupy land declared in the register,False,2023-07-14,2024-02-01
D-003758,M-01241,Ramsey Town Council,Huntingdonshire District Council,Somersham,Vice-Chair,Planning,Land and property in the area,Land and property in the area declared in the register,False,2024-04-21,2025-02-23
D-003759,M-01241,Ramsey Town Council,Huntingdonshire District Council,Somersham,Vice-Chair,Health and Wellbeing,Licences to occupy land,Licences to occupy land declared in the register,False,2025-10-12,2025-10-14
D-003760,M-01242,Huntingdon Town Council,Huntingdonshire District Council,St Ives West,Councillor,Planning,Directorship,Directorship declared in the register,False,2024-10-23,2025-07-28
D-003761,M-01242,Huntingdon Town Council,Huntingdonshire District Council,St Ives West,Councillor,Employment,Securities,Securities declared in the register,False,2024-01-02,2024-04-14
D-003762,M-01242,Huntingdon Town Council,Huntingdonshire District Council,St Ives West,Councillor,Standards,Membership of a charity or voluntary body,Membership of a charity or voluntary body declared in the register,False,2024-02-23,2025-03-19
D-003763,M-01242,Huntingdon Town Council,Huntingdonshire District Council,St Ives West,Councillor,Health and Wellbeing,"Employment, office, trade or profession",Employment declared in the register,False,2024-09-26,2025-01-02
D-003764,M-01242,Huntingdon Town Council,Huntingdonshire District Council,St Ives West,Councillor,Corporate Governance,Membership of a body exercising public functions,Membership of a body exercising public functions declared in the register,False,2024-07-17,2025-03-27
D-003765,M-01243,Ramsey Town Council,Huntingdonshire District Council,Huntingdon East,Cabinet Member,Audit and Governance,Membership of a charity or voluntary body,Membership of a charity or voluntary body declared in the register,False,2024-12-13,2025-03-06
D-003766,M-01243,Ramsey Town Council,Huntingdonshire District Council,Huntingdon East,Cabinet Member,Licensing,Membership of a body exercising public functions,Membership of a body exercising public functions declared in the register,False,2025-08-02,2025-10-27
D-003767,M-01243,Ramsey Town Council,Huntingdonshire District Council,Huntingdon East,Cabinet Member,Overview and Scrutiny,Licences to occupy land,Licences to occupy land declared in the register,False,2024-07-29,2025-07-23
D-003768,M-01243,Ramsey Town Council,Huntingdonshire District Council,Huntingdon East,Cabinet Member,Standards,Sensitive interest (withheld under s.32),,True,2024-06-12,2024-10-29
D-003769,M-01243,Ramsey Town Council,Huntingdonshire District Council,Huntingdon East,Cabinet Member,Licensing,"Employment, office, trade or profession",Employment declared in the register,False,2025-07-06,2025-10-30
D-003770,M-01244,St Ives Town Council,Huntingdonshire District Council,Huntingdon East,Councillor,Licensing,Securities,Securities declared in the register,False,2023-12-20,2024-07-02
D-003771,M-01244,St Ives Town Council,Huntingdonshire District Council,Huntingdon East,Councillor,Corporate Governance,Directorship,Directorship declared in the register,False,2024-02-15,2024-10-07
D-003772,M-01245,Huntingdonshire District Council,Huntingdonshire District Council,Hemingfords,Councillor,Environment,Land and property in the area,Land and property in the area declared in the register,False,2023-09-13,2024-09-14
D-003773,M-01245,Huntingdonshire District Council,Huntingdonshire District Council,Hemingfords,Councillor,(none),Land and property in the area,Land and property in the area declared in the register,False,2023-05-04,2023-11-03
D-003774,M-01245,Huntingdonshire District Council,Huntingdonshire District Council,Hemingfords,Councillor,Planning,Corporate tenancies,Corporate tenancies declared in the register,False,2025-05-21,2025-12-24
D-003775,M-01245,Huntingdonshire District Council,Huntingdonshire District Council,Hemingfords,Councillor,Planning,Contracts with the authority,Contracts with the authority declared in the register,False,2024-11-14,2024-12-21
D-003776,M-01245,Huntingdonshire District Council,Huntingdonshire District Council,Hemingfords,Councillor,Health and Wellbeing,Sponsorship,Sponsorship declared in the register,False,2025-08-16,2026-07-09
D-003777,M-01246,Cambridgeshire County Council,Cambridgeshire County Council,Alconbury,Councillor,Licensing,Trade union membership,Trade union membership declared in the register,False,2024-08-28,2025-01-16
D-003778,M-01246,Cambridgeshire County Council,Cambridgeshire County Council,Alconbury,Councillor,Health and Wellbeing,Corporate tenancies,Corporate tenancies declared in the register,False,2025-09-09,2026-01-27
D-003779,M-01247,South Cambridgeshire District Council,South Cambridgeshire District Council,St Neots Eynesbury,Vice-Chair,Planning,Trade union membership,Trade union membership declared in the register,False,2024-06-29,2024-09-09
D-003780,M-01247,South Cambridgeshire District Council,South Cambridgeshire District Council,St Neots Eynesbury,Vice-Chair,Standards,Licences to occupy land,Licences to occupy land declared in the register,False,2023-12-08,2024-01-28
D-003781,M-01247,South Cambridgeshire District Council,South Cambridgeshire District Council,St Neots Eynesbury,Vice-Chair,Corporate Governance,Corporate tenancies,Corporate tenancies declared in the register,False,2024-11-08,2025-03-22
D-003782,M-01248,Huntingdonshire District Council,Huntingdonshire District Council,St Ives East,Vice-Chair,Health and Wellbeing,Land and property in the area,Land and property in the area declared in the register,False,2024-04-18,2024-05-02
D-003783,M-01248,Huntingdonshire District Council,Huntingdonshire District Council,St Ives East,Vice-Chair,(none),Trade union membership,Trade union membership declared in the register,False,2024-06-21,2025-07-01
D-003784,M-01248,Huntingdonshire District Council,Huntingdonshire District Council,St Ives East,Vice-Chair,Audit and Governance,Securities,Securities declared in the register,False,2023-07-18,2024-05-07
D-003785,M-01249,Cambridgeshire County Council,Cambridgeshire County Council,Huntingdon East,Vice-Chair,(none),Sponsorship,Sponsorship declared in the register,False,2024-03-09,2024-08-13
D-003786,M-01249,Cambridgeshire County Council,Cambridgeshire County Council,Huntingdon East,Vice-Chair,Corporate Governance,Trade union membership,Trade union membership declared in the register,False,2024-12-14,2025-04-05
D-003787,M-01249,Cambridgeshire County Council,Cambridgeshire County Council,Huntingdon East,Vice-Chair,Audit and Governance,Contracts with the authority,Contracts with the authority declared in the register,False,2024-06-22,2024-08-21
D-003788,M-01249,Cambridgeshire County Council,Cambridgeshire County Council,Huntingdon East,Vice-Chair,Standards,Membership of a body exercising public functions,Membership of a body exercising public functions declared in the register,False,2023-11-22,2024-09-26
D-003789,M-01249,Cambridgeshire County Council,Cambridgeshire County Council,Huntingdon East,Vice-Chair,Licensing,Contracts with the authority,Contracts with the authority declared in the register,False,2023-07-17,2023-08-08
D-003790,M-01250,Huntingdonshire District Council,Huntingdonshire District Council,Godmanchester,Committee Member,Licensing,Membership of a body exercising public functions,Membership of a body exercising public functions declared in the register,False,2025-07-04,2026-01-26
D-003791,M-01251,South Cambridgeshire District Council,South Cambridgeshire District Council,Fenstanton,Councillor,Finance,Corporate tenancies,Corporate tenancies declared in the register,False,2024-06-10,2024-08-13
D-003792,M-01251,South Cambridgeshire District Council,South Cambridgeshire District Council,Fenstanton,Councillor,Employment,Trade union membership,Trade union membership declared in the register,False,2025-04-05,2025-08-17
D-003793,M-01251,South Cambridgeshire District Council,South Cambridgeshire District Council,Fenstanton,Councillor,Environment,Land and property in the area,Land and property in the area declared in the register,False,2025-05-06,2025-09-14
D-003794,M-01252,Huntingdonshire District Council,Huntingdonshire District Council,Huntingdon West,Councillor,Planning,Membership of a body exercising public functions,Membership of a body exercising public functions declared in the register,False,2023-11-21,2024-09-28
D-003795,M-01252,Huntingdonshire District Council,Huntingdonshire District Council,Huntingdon West,Councillor,Environment,"Employment, office, trade or profession",Employment declared in the register,False,2024-01-07,2024-01-09
D-003796,M-01252,Huntingdonshire District Council,Huntingdonshire District Council,Huntingdon West,Councillor,Overview and Scrutiny,Licences to occupy land,Licences to occupy land declared in the register,False,2023-11-07,2023-12-15
D-003797,M-01252,Huntingdonshire District Council,Huntingdonshire District Council,Huntingdon West,Councillor,(none),Land and property in the area,Land and property in the area declared in the register,False,2024-03-01,2025-01-12
D-003798,M-01252,Huntingdonshire District Council,Huntingdonshire District Council,Huntingdon West,Councillor,(none),Sponsorship,Sponsorship declared in the register,False,2024-11-08,2025-03-31
D-003799,M-01253,Cambridgeshire County Council,Cambridgeshire County Council,Little Paxton,Committee Member,Health and Wellbeing,Directorship,Directorship declared in the register,False,2025-01-21,2025-02-11
D-003800,M-01253,Cambridgeshire County Council,Cambridgeshire County Council,Little Paxton,Committee Member,Standards,Contracts with the authority,Contracts with the authority declared in the register,False,2025-02-10,2025-08-21
D-003801,M-01253,Cambridgeshire County Council,Cambridgeshire County Council,Little Paxton,Committee Member,Overview and Scrutiny,Contracts with the authority,Contracts with the authority declared in the register,False,2024-04-11,2025-03-13
D-003802,M-01253,Cambridgeshire County Council,Cambridgeshire County Council,Little Paxton,Committee Member,Standards,Sensitive interest (withheld under s.32),,True,2025-07-24,2025-11-15
D-003803,M-01253,Cambridgeshire County Council,Cambridgeshire County Council,Little Paxton,Committee Member,Employment,Land and property in the area,Land and property in the area declared in the register,False,2023-05-26,2024-05-16
D-003804,M-01254,Ramsey Town Council,Huntingdonshire District Council,St Ives South,Councillor,Planning,Contracts with the authority,Contracts with the authority declared in the register,False,2023-12-13,2024-04-19
D-003805,M-01254,Ramsey Town Council,Huntingdonshire District Council,St Ives South,Councillor,Licensing,Membership of a political party,Membership of a political party declared in the register,False,2025-04-16,2026-03-23
D-003806,M-01254,Ramsey Town Council,Huntingdonshire District Council,St Ives South,Councillor,Finance,Membership of a charity or voluntary body,Membership of a charity or voluntary body declared in the register,False,2023-05-08,2023-11-26
D-003807,M-01254,Ramsey Town Council,Huntingdonshire District Council,St Ives South,Councillor,Employment,Contracts with the authority,Contracts with the authority declared in the register,False,2025-05-20,2026-01-08
D-003808,M-01255,Huntingdon Town Council,Huntingdonshire District Council,Ramsey,Councillor,Environment,Membership of a body exercising public functions,Membership of a body exercising public functions declared in the register,False,2024-10-06,2024-11-22
D-003809,M-01255,Huntingdon Town Council,Huntingdonshire District Council,Ramsey,Councillor,Licensing,Trade union membership,Trade union membership declared in the register,False,2023-09-07,2024-07-17
D-003810,M-01255,Huntingdon Town Council,Huntingdonshire District Council,Ramsey,Councillor,Finance,Directorship,Directorship declared in the register,False,2024-12-30,2025-04-07
D-003811,M-01256,Huntingdon Town Council,Huntingdonshire District Council,Ramsey,Vice-Chair,Standards,Membership of a political party,Membership of a political party declared in the register,False,2024-03-20,2024-08-14
D-003812,M-01256,Huntingdon Town Council,Huntingdonshire District Council,Ramsey,Vice-Chair,Environment,Directorship,Directorship declared in the register,False,2025-02-23,2025-07-11
D-003813,M-01257,Cambridgeshire County Council,Cambridgeshire County Council,Somersham,Vice-Chair,Licensing,Trade union membership,Trade union membership declared in the register,False,2024-12-04,2025-09-08
D-003814,M-01257,Cambridgeshire County Council,Cambridgeshire County Council,Somersham,Vice-Chair,Employment,Membership of a body exercising public functions,Membership of a body exercising public functions declared in the register,False,2024-03-23,2024-03-31
D-003815,M-01258,St Ives Town Council,Huntingdonshire District Council,St Ives East,Councillor,Corporate Governance,Directorship,Directorship declared in the register,False,2024-08-26,2024-12-18
D-003816,M-01258,St Ives Town Council,Huntingdonshire District Council,St Ives East,Councillor,Environment,"Employment, office, trade or profession",Employment declared in the register,False,2024-06-16,2025-07-07
D-003817,M-01258,St Ives Town Council,Huntingdonshire District Council,St Ives East,Councillor,Finance,Land and property in the area,Land and property in the area declared in the register,False,2024-08-04,2024-09-07
D-003818,M-01258,St Ives Town Council,Huntingdonshire District Council,St Ives East,Councillor,(none),Membership of a political party,Membership of a political party declared in the register,False,2023-08-04,2023-12-30
D-003819,M-01259,Huntingdon Town Council,Huntingdonshire District Council,Ramsey,Councillor,Standards,Contracts with the authority,Contracts with the authority declared in the register,False,2023-06-05,2023-08-27
D-003820,M-01259,Huntingdon Town Council,Huntingdonshire District Council,Ramsey,Councillor,(none),Contracts with the authority,Contracts with the authority declared in the register,False,2023-08-10,2024-03-22
D-003821,M-01259,Huntingdon Town Council,Huntingdonshire District Council,Ramsey,Councillor,Standards,"Employment, office, trade or profession",Employment declared in the register,False,2023-06-14,2023-10-12
D-003822,M-01260,Huntingdonshire District Council,Huntingdonshire District Council,Huntingdon East,Councillor,Planning,Corporate tenancies,Corporate tenancies declared in the register,False,2024-05-28,2025-05-31
D-003823,M-01260,Huntingdonshire District Council,Huntingdonshire District Council,Huntingdon East,Councillor,Overview and Scrutiny,Corporate tenancies,Corporate tenancies declared in the register,False,2024-02-05,2024-12-27
D-003824,M-01261,Cambridgeshire County Council,Cambridgeshire County Council,St Ives East,Mayor,Licensing,Land and property in the area,Land and property in the area declared in the register,False,2023-06-02,2024-04-10
D-003825,M-01261,Cambridgeshire County Council,Cambridgeshire County Council,St Ives East,Mayor,Standards,Contracts with the authority,Contracts with the authority declared in the register,False,2024-02-10,2024-09-26
D-003826,M-01262,Huntingdon Town Council,Huntingdonshire District Council,St Neots East,Cabinet Member,Audit and Governance,Securities,Securities declared in the register,False,2023-05-09,2023-10-04
D-003827,M-01262,Huntingdon Town Council,Huntingdonshire District Council,St Neots East,Cabinet Member,Finance,"Employment, office, trade or profession",Employment declared in the register,False,2025-09-16,2025-12-04
D-003828,M-01262,Huntingdon Town Council,Huntingdonshire District Council,St Neots East,Cabinet Member,Environment,Securities,Securities declared in the register,False,2025-06-22,2026-04-30
D-003829,M-01263,Huntingdon Town Council,Huntingdonshire District Council,Yaxley,Councillor,Planning,Membership of a political party,Membership of a political party declared in the register,False,2024-08-29,2024-10-10
D-003830,M-01264,Cambridgeshire County Council,Cambridgeshire County Council,Warboys,Cabinet Member,Environment,Directorship,Directorship declared in the register,False,2025-04-19,2026-03-16
D-003831,M-01264,Cambridgeshire County Council,Cambridgeshire County Council,Warboys,Cabinet Member,Audit and Governance,Membership of a body exercising public functions,Membership of a body exercising public functions declared in the register,False,2024-12-13,2025-09-14
D-003832,M-01264,Cambridgeshire County Council,Cambridgeshire County Council,Warboys,Cabinet Member,Overview and Scrutiny,"Employment, office, trade or profession",Employment declared in the register,False,2025-01-24,2025-09-19
D-003833,M-01265,South Cambridgeshire District Council,South Cambridgeshire District Council,Warboys,Councillor,Standards,Contracts with the authority,Contracts with the authority declared in the register,False,2025-01-09,2026-01-02
D-003834,M-01265,South Cambridgeshire District Council,South Cambridgeshire District Council,Warboys,Councillor,Audit and Governance,"Employment, office, trade or profession",Employment declared in the register,False,2024-03-03,2024-05-28
D-003835,M-01265,South Cambridgeshire District Council,South Cambridgeshire District Council,Warboys,Councillor,Health and Wellbeing,Membership of a political party,Membership of a political party declared in the register,False,2024-10-26,2025-02-24
D-003836,M-01265,South Cambridgeshire District Council,South Cambridgeshire District Council,Warboys,Councillor,Health and Wellbeing,Contracts with the authority,Contracts with the authority declared in the register,False,2024-11-26,2025-10-08
D-003837,M-01265,South Cambridgeshire District Council,South Cambridgeshire District Council,Warboys,Councillor,Finance,Land and property in the area,Land and property in the area declared in the register,False,2025-07-15,2026-04-20
D-003838,M-01266,Huntingdon Town Council,Huntingdonshire District Council,Brampton,Councillor,Corporate Governance,Directorship,Directorship declared in the register,False,2023-11-26,2024-02-02
D-003839,M-01266,Huntingdon Town Council,Huntingdonshire District Council,Brampton,Councillor,Finance,"Employment, office, trade or profession",Employment declared in the register,False,2025-02-03,2026-02-09
D-003840,M-01266,Huntingdon Town Council,Huntingdonshire District Council,Brampton,Councillor,Environment,Sensitive interest (withheld under s.32),,True,2025-05-13,2025-07-27
D-003841,M-01266,Huntingdon Town Council,Huntingdonshire District Council,Brampton,Councillor,Standards,Sensitive interest (withheld under s.32),,True,2024-01-09,2024-04-10
D-003842,M-01267,Huntingdon Town Council,Huntingdonshire District Council,Huntingdon West,Councillor,Health and Wellbeing,Sponsorship,Sponsorship declared in the register,False,2025-08-10,2026-08-27
D-003843,M-01267,Huntingdon Town Council,Huntingdonshire District Council,Huntingdon West,Councillor,Health and Wellbeing,Directorship,Directorship declared in the register,False,2024-01-03,2024-09-11
D-003844,M-01267,Huntingdon Town Council,Huntingdonshire District Council,Huntingdon West,Councillor,Audit and Governance,Contracts with the authority,Contracts with the authority declared in the register,False,2023-12-11,2024-10-04
D-003845,M-01268,St Ives Town Council,Huntingdonshire District Council,Hemingfords,Chair,(none),Membership of a political party,Membership of a political party declared in the register,False,2024-07-24,2025-05-03
D-003846,M-01268,St Ives Town Council,Huntingdonshire District Council,Hemingfords,Chair,Planning,"Employment, office, trade or profession",Employment declared in the register,False,2023-05-27,2024-01-02
D-003847,M-01269,Cambridgeshire County Council,Cambridgeshire County Council,Ramsey,Councillor,Corporate Governance,Membership of a charity or voluntary body,Membership of a charity or voluntary body declared in the register,False,2024-02-26,2025-01-29
D-003848,M-01270,St Ives Town Council,Huntingdonshire District Council,Godmanchester,Councillor,Planning,Directorship,Directorship declared in the register,False,2024-03-04,2024-08-11
D-003849,M-01270,St Ives Town Council,Huntingdonshire District Council,Godmanchester,Councillor,Licensing,Securities,Securities declared in the register,False,2023-05-31,2023-07-27
D-003850,M-01270,St Ives Town Council,Huntingdonshire District Council,Godmanchester,Councillor,Finance,Membership of a charity or voluntary body,Membership of a charity or voluntary body declared in the register,False,2023-06-15,2024-05-18
D-003851,M-01271,Cambridgeshire County Council,Cambridgeshire County Council,Hemingfords,Committee Member,Standards,Membership of a body exercising public functions,Membership of a body exercising public functions declared in the register,False,2025-09-14,2026-03-29
D-003852,M-01271,Cambridgeshire County Council,Cambridgeshire County Council,Hemingfords,Committee Member,Health and Wellbeing,Sensitive interest (withheld under s.32),,True,2025-08-11,2026-02-08
D-003853,M-01271,Cambridgeshire County Council,Cambridgeshire County Council,Hemingfords,Committee Member,(none),Membership of a body exercising public functions,Membership of a body exercising public functions declared in the register,False,2025-04-21,2025-07-31
D-003854,M-01271,Cambridgeshire County Council,Cambridgeshire County Council,Hemingfords,Committee Member,Planning,Securities,Securities declared in the register,False,2025-03-29,2026-02-28
D-003855,M-01271,Cambridgeshire County Council,Cambridgeshire County Council,Hemingfords,Committee Member,Overview and Scrutiny,Corporate tenancies,Corporate tenancies declared in the register,False,2024-02-20,2025-03-15
D-003856,M-01272,Huntingdonshire District Council,Huntingdonshire District Council,Warboys,Vice-Chair,Planning,Corporate tenancies,Corporate tenancies declared in the register,False,2023-07-04,2023-12-31
D-003857,M-01272,Huntingdonshire District Council,Huntingdonshire District Council,Warboys,Vice-Chair,Licensing,Membership of a political party,Membership of a political party declared in the register,False,2025-03-13,2025-07-26
D-003858,M-01273,St Ives Town Council,Huntingdonshire District Council,Hemingfords,Chair,Standards,"Employment, office, trade or profession",Employment declared in the register,False,2023-06-16,2024-01-13
D-003859,M-01274,Huntingdon Town Council,Huntingdonshire District Council,Fenstanton,Cabinet Member,Employment,Securities,Securities declared in the register,False,2024-06-04,2025-03-14
D-003860,M-01274,Huntingdon Town Council,Huntingdonshire District Council,Fenstanton,Cabinet Member,Standards,Corporate tenancies,Corporate tenancies declared in the register,False,2024-04-02,2024-04-03
D-003861,M-01274,Huntingdon Town Council,Huntingdonshire District Council,Fenstanton,Cabinet Member,(none),Membership of a charity or voluntary body,Membership of a charity or voluntary body declared in the register,False,2024-01-30,2024-10-10
D-003862,M-01274,Huntingdon Town Council,Huntingdonshire District Council,Fenstanton,Cabinet Member,Planning,"Employment, office, trade or profession",Employment declared in the register,False,2024-05-05,2025-05-25
D-003863,M-01274,Huntingdon Town Council,Huntingdonshire District Council,Fenstanton,Cabinet Member,Audit and Governance,Licences to occupy land,Licences to occupy land declared in the register,False,2024-01-15,2024-12-19
D-003864,M-01275,Huntingdon Town Council,Huntingdonshire District Council,Godmanchester,Councillor,Licensing,Membership of a body exercising public functions,Membership of a body exercising public functions declared in the register,False,2024-09-09,2025-07-05
D-003865,M-01275,Huntingdon Town Council,Huntingdonshire District Council,Godmanchester,Councillor,Environment,Membership of a body exercising public functions,Membership of a body exercising public functions declared in the register,False,2024-01-06,2024-01-16
D-003866,M-01275,Huntingdon Town Council,Huntingdonshire District Council,Godmanchester,Councillor,Health and Wellbeing,Corporate tenancies,Corporate tenancies declared in the register,False,2024-04-08,2025-04-22
D-003867,M-01275,Huntingdon Town Council,Huntingdonshire District Council,Godmanchester,Councillor,Planning,Contracts with the authority,Contracts with the authority declared in the register,False,2023-08-30,2023-09-29
D-003868,M-01276,Huntingdonshire District Council,Huntingdonshire District Council,Fenstanton,Councillor,Standards,Corporate tenancies,Corporate tenancies declared in the register,False,2024-12-08,2025-01-17
D-003869,M-01277,South Cambridgeshire District Council,South Cambridgeshire District Council,St Ives East,Councillor,(none),Membership of a political party,Membership of a political party declared in the register,False,2024-03-08,2025-02-12
D-003870,M-01277,South Cambridgeshire District Council,South Cambridgeshire District Council,St Ives East,Councillor,Planning,Sponsorship,Sponsorship declared in the register,False,2025-07-28,2026-03-15
D-003871,M-01278,St Ives Town Council,Huntingdonshire District Council,Alconbury,Councillor,Employment,"Employment, office, trade or profession",Employment declared in the register,False,2023-06-05,2024-01-05
D-003872,M-01278,St Ives Town Council,Huntingdonshire District Council,Alconbury,Councillor,Audit and Governance,Directorship,Directorship declared in the register,False,2023-08-25,2023-09-08
D-003873,M-01278,St Ives Town Council,Huntingdonshire District Council,Alconbury,Councillor,Planning,"Employment, office, trade or profession",Employment declared in the register,False,2024-12-27,2025-01-24
D-003874,M-01279,Cambridgeshire County Council,Cambridgeshire County Council,St Neots Eynesbury,Councillor,Overview and Scrutiny,Licences to occupy land,Licences to occupy land declared in the register,False,2024-01-15,2025-01-13
D-003875,M-01280,Huntingdon Town Council,Huntingdonshire District Council,Hemingfords,Councillor,Licensing,Corporate tenancies,Corporate tenancies declared in the register,False,2024-10-05,2025-08-03
D-003876,M-01280,Huntingdon Town Council,Huntingdonshire District Council,Hemingfords,Councillor,Corporate Governance,Securities,Securities declared in the register,False,2025-08-11,2026-01-23
D-003877,M-01281,South Cambridgeshire District Council,South Cambridgeshire District Council,Alconbury,Cabinet Member,Environment,Licences to occupy land,Licences to occupy land declared in the register,False,2025-08-24,2025-09-27
D-003878,M-01282,Huntingdon Town Council,Huntingdonshire District Council,St Neots Eynesbury,Mayor,Standards,Membership of a body exercising public functions,Membership of a body exercising public functions declared in the register,False,2023-08-15,2024-08-13
D-003879,M-01282,Huntingdon Town Council,Huntingdonshire District Council,St Neots Eynesbury,Mayor,Environment,Membership of a political party,Membership of a political party declared in the register,False,2025-06-11,2025-07-15
D-003880,M-01282,Huntingdon Town Council,Huntingdonshire District Council,St Neots Eynesbury,Mayor,Environment,Membership of a body exercising public functions,Membership of a body exercising public functions declared in the register,False,2023-12-28,2024-12-07
D-003881,M-01282,Huntingdon Town Council,Huntingdonshire District Council,St Neots Eynesbury,Mayor,Audit and Governance,Membership of a charity or voluntary body,Membership of a charity or voluntary body declared in the register,False,2023-05-18,2023-10-26
D-003882,M-01283,Huntingdonshire District Council,Huntingdonshire District Council,Huntingdon North,Chair,Finance,"Employment, office, trade or profession",Employment declared in the register,False,2025-01-23,2025-08-23
D-003883,M-01284,St Ives Town Council,Huntingdonshire District Council,Huntingdon East,Chair,Standards,Corporate tenancies,Corporate tenancies declared in the register,False,2024-01-18,2024-04-24
D-003884,M-01284,St Ives Town Council,Huntingdonshire District Council,Huntingdon East,Chair,Employment,Contracts with the authority,Contracts with the authority declared in the register,False,2025-02-26,2025-12-13
D-003885,M-01284,St Ives Town Council,Huntingdonshire District Council,Huntingdon East,Chair,Licensing,Land and property in the area,Land and property in the area declared in the register,False,2024-06-01,2025-04-26
D-003886,M-01284,St Ives Town Council,Huntingdonshire District Council,Huntingdon East,Chair,Planning,Membership of a political party,Membership of a political party declared in the register,False,2023-12-14,2024-11-19
D-003887,M-01285,Huntingdon Town Council,Huntingdonshire District Council,Warboys,Cabinet Member,Licensing,Trade union membership,Trade union membership declared in the register,False,2024-12-23,2025-11-21
D-003888,M-01285,Huntingdon Town Council,Huntingdonshire District Council,Warboys,Cabinet Member,Finance,"Employment, office, trade or profession",Employment declared in the register,False,2024-10-21,2025-09-16
D-003889,M-01285,Huntingdon Town Council,Huntingdonshire District Council,Warboys,Cabinet Member,Standards,"Employment, office, trade or profession",Employment declared in the register,False,2025-02-21,2025-05-18
D-003890,M-01285,Huntingdon Town Council,Huntingdonshire District Council,Warboys,Cabinet Member,Overview and Scrutiny,"Employment, office, trade or profession",Employment declared in the register,False,2025-03-11,2025-04-24
D-003891,M-01285,Huntingdon Town Council,Huntingdonshire District Council,Warboys,Cabinet Member,Finance,Sponsorship,Sponsorship declared in the register,False,2025-07-18,2025-11-08
D-003892,M-01286,St Ives Town Council,Huntingdonshire District Council,St Ives South,Councillor,Employment,Membership of a political party,Membership of a political party declared in the register,False,2024-05-07,2024-08-05
D-003893,M-01286,St Ives Town Council,Huntingdonshire District Council,St Ives South,Councillor,Corporate Governance,Directorship,Directorship declared in the register,False,2025-02-24,2025-12-28
D-003894,M-01286,St Ives Town Council,Huntingdonshire District Council,St Ives South,Councillor,Employment,Directorship,Directorship declared in the register,False,2025-06-27,2026-02-19
D-003895,M-01287,Huntingdon Town Council,Huntingdonshire District Council,Godmanchester,Committee Member,Audit and Governance,Licences to occupy land,Licences to occupy land declared in the register,False,2025-10-05,2026-06-27
D-003896,M-01287,Huntingdon Town Council,Huntingdonshire District Council,Godmanchester,Committee Member,Corporate Governance,Licences to occupy land,Licences to occupy land declared in the register,False,2023-11-17,2024-03-08
D-003897,M-01287,Huntingdon Town Council,Huntingdonshire District Council,Godmanchester,Committee Member,Employment,Membership of a body exercising public functions,Membership of a body exercising public functions declared in the register,False,2024-06-29,2025-05-21
D-003898,M-01287,Huntingdon Town Council,Huntingdonshire District Council,Godmanchester,Committee Member,Planning,Trade union membership,Trade union membership declared in the register,False,2025-05-08,2025-12-22
D-003899,M-01287,Huntingdon Town Council,Huntingdonshire District Council,Godmanchester,Committee Member,Finance,Securities,Securities declared in the register,False,2024-07-31,2025-05-04
D-003900,M-01288,Ramsey Town Council,Huntingdonshire District Council,Sawtry,Councillor,Audit and Governance,Membership of a charity or voluntary body,Membership of a charity or voluntary body declared in the register,False,2023-11-07,2024-06-15
D-003901,M-01288,Ramsey Town Council,Huntingdonshire District Council,Sawtry,Councillor,(none),Sponsorship,Sponsorship declared in the register,False,2025-06-03,2025-07-12
D-003902,M-01288,Ramsey Town Council,Huntingdonshire District Council,Sawtry,Councillor,(none),Licences to occupy land,Licences to occupy land declared in the register,False,2025-10-01,2026-10-31
D-003903,M-01288,Ramsey Town Council,Huntingdonshire District Council,Sawtry,Councillor,Environment,Directorship,Directorship declared in the register,False,2024-10-09,2025-05-26
D-003904,M-01288,Ramsey Town Council,Huntingdonshire District Council,Sawtry,Councillor,Environment,"Employment, office, trade or profession",Employment declared in the register,False,2023-10-17,2024-08-10
D-003905,M-01289,Cambridgeshire County Council,Cambridgeshire County Council,Huntingdon North,Councillor,Corporate Governance,Directorship,Directorship declared in the register,False,2023-12-23,2024-03-20
D-003906,M-01289,Cambridgeshire County Council,Cambridgeshire County Council,Huntingdon North,Councillor,Environment,Membership of a political party,Membership of a political party declared in the register,False,2025-07-22,2025-09-19
D-003907,M-01289,Cambridgeshire County Council,Cambridgeshire County Council,Huntingdon North,Councillor,Employment,Contracts with the authority,Contracts with the authority declared in the register,False,2024-08-14,2025-04-20
D-003908,M-01289,Cambridgeshire County Council,Cambridgeshire County Council,Huntingdon North,Councillor,Standards,Securities,Securities declared in the register,False,2024-07-28,2025-07-10
D-003909,M-01290,Cambridgeshire County Council,Cambridgeshire County Council,Huntingdon East,Councillor,Audit and Governance,Trade union membership,Trade union membership declared in the register,False,2024-10-22,2025-03-26
D-003910,M-01290,Cambridgeshire County Council,Cambridgeshire County Council,Huntingdon East,Councillor,Health and Wellbeing,Membership of a body exercising public functions,Membership of a body exercising public functions declared in the register,False,2023-12-22,2024-07-21
D-003911,M-01290,Cambridgeshire County Council,Cambridgeshire County Council,Huntingdon East,Councillor,Standards,Land and property in the area,Land and property in the area declared in the register,False,2024-02-16,2024-02-29
D-003912,M-01290,Cambridgeshire County Council,Cambridgeshire County Council,Huntingdon East,Councillor,Health and Wellbeing,Membership of a body exercising public functions,Membership of a body exercising public functions declared in the register,False,2023-05-21,2023-11-29
D-003913,M-01291,Huntingdon Town Council,Huntingdonshire District Council,Huntingdon North,Cabinet Member,Health and Wellbeing,Membership of a body exercising public functions,Membership of a body exercising public functions declared in the register,False,2025-04-29,2025-10-05
D-003914,M-01291,Huntingdon Town Council,Huntingdonshire District Council,Huntingdon North,Cabinet Member,Employment,Land and property in the area,Land and property in the area declared in the register,False,2023-06-14,2023-11-21
D-003915,M-01292,South Cambridgeshire District Council,South Cambridgeshire District Council,Buckden,Vice-Chair,(none),Land and property in the area,Land and property in the area declared in the register,False,2025-03-08,2025-04-24
D-003916,M-01293,St Ives Town Council,Huntingdonshire District Council,Hemingfords,Vice-Chair,Standards,Corporate tenancies,Corporate tenancies declared in the register,False,2024-12-30,2025-07-23
D-003917,M-01293,St Ives Town Council,Huntingdonshire District Council,Hemingfords,Vice-Chair,(none),Contracts with the authority,Contracts with the authority declared in the register,False,2024-06-25,2025-01-17
D-003918,M-01293,St Ives Town Council,Huntingdonshire District Council,Hemingfords,Vice-Chair,(none),Corporate tenancies,Corporate tenancies declared in the register,False,2024-02-28,2025-03-14
D-003919,M-01294,Huntingdonshire District Council,Huntingdonshire District Council,Little Paxton,Councillor,Standards,Membership of a political party,Membership of a political party declared in the register,False,2024-08-06,2025-07-13
D-003920,M-01294,Huntingdonshire District Council,Huntingdonshire District Council,Little Paxton,Councillor,Finance,Directorship,Directorship declared in the register,False,2023-09-29,2024-03-31
D-003921,M-01295,Huntingdonshire District Council,Huntingdonshire District Council,St Neots East,Councillor,Standards,Trade union membership,Trade union membership declared in the register,False,2023-11-18,2024-09-14
D-003922,M-01295,Huntingdonshire District Council,Huntingdonshire District Council,St Neots East,Councillor,Overview and Scrutiny,Membership of a body exercising public functions,Membership of a body exercising public functions declared in the register,False,2024-02-02,2024-12-24
D-003923,M-01295,Huntingdonshire District Council,Huntingdonshire District Council,St Neots East,Councillor,Planning,"Employment, office, trade or profession",Employment declared in the register,False,2024-03-27,2025-01-09
D-003924,M-01296,Huntingdon Town Council,Huntingdonshire District Council,Fenstanton,Councillor,(none),Trade union membership,Trade union membership declared in the register,False,2024-03-11,2025-04-03
D-003925,M-01296,Huntingdon Town Council,Huntingdonshire District Council,Fenstanton,Councillor,Licensing,Membership of a political party,Membership of a political party declared in the register,False,2024-07-10,2025-04-28
D-003926,M-01296,Huntingdon Town Council,Huntingdonshire District Council,Fenstanton,Councillor,Health and Wellbeing,Licences to occupy land,Licences to occupy land declared in the register,False,2024-09-30,2025-02-07
D-003927,M-01297,Huntingdonshire District Council,Huntingdonshire District Council,Godmanchester,Committee Member,Overview and Scrutiny,Trade union membership,Trade union membership declared in the register,False,2023-09-13,2024-09-24
D-003928,M-01298,Huntingdonshire District Council,Huntingdonshire District Council,Warboys,Councillor,Corporate Governance,Contracts with the authority,Contracts with the authority declared in the register,False,2023-09-14,2024-06-27
D-003929,M-01298,Huntingdonshire District Council,Huntingdonshire District Council,Warboys,Councillor,Finance,Membership of a political party,Membership of a political party declared in the register,False,2023-11-06,2024-09-23
D-003930,M-01298,Huntingdonshire District Council,Huntingdonshire District Council,Warboys,Councillor,Health and Wellbeing,Directorship,Directorship declared in the register,False,2024-12-31,2025-07-16
D-003931,M-01299,South Cambridgeshire District Council,South Cambridgeshire District Council,St Ives West,Councillor,Finance,Corporate tenancies,Corporate tenancies declared in the register,False,2025-10-04,2026-09-25
D-003932,M-01300,South Cambridgeshire District Council,South Cambridgeshire District Council,St Ives West,Vice-Chair,Planning,Membership of a body exercising public functions,Membership of a body exercising public functions declared in the register,False,2024-10-11,2025-09-25
D-003933,M-01300,South Cambridgeshire District Council,South Cambridgeshire District Council,St Ives West,Vice-Chair,Standards,Contracts with the authority,Contracts with the authority declared in the register,False,2023-11-15,2024-12-05
D-003934,M-01300,South Cambridgeshire District Council,South Cambridgeshire District Council,St Ives West,Vice-Chair,Overview and Scrutiny,Membership of a political party,Membership of a political party declared in the register,False,2023-06-26,2024-06-13
D-003935,M-01300,South Cambridgeshire District Council,South Cambridgeshire District Council,St Ives West,Vice-Chair,(none),"Employment, office, trade or profession",Employment declared in the register,False,2024-07-22,2025-03-30
D-003936,M-01301,Cambridgeshire County Council,Cambridgeshire County Council,Somersham,Cabinet Member,Health and Wellbeing,"Employment, office, trade or profession",Employment declared in the register,False,2025-10-06,2026-03-14
D-003937,M-01301,Cambridgeshire County Council,Cambridgeshire County Council,Somersham,Cabinet Member,Corporate Governance,Corporate tenancies,Corporate tenancies declared in the register,False,2024-12-07,2025-05-15
D-003938,M-01301,Cambridgeshire County Council,Cambridgeshire County Council,Somersham,Cabinet Member,Overview and Scrutiny,Contracts with the authority,Contracts with the authority declared in the register,False,2025-05-16,2025-12-04
D-003939,M-01301,Cambridgeshire County Council,Cambridgeshire County Council,Somersham,Cabinet Member,Licensing,Contracts with the authority,Contracts with the authority declared in the register,False,2023-08-30,2024-03-25
D-003940,M-01301,Cambridgeshire County Council,Cambridgeshire County Council,Somersham,Cabinet Member,Standards,Corporate tenancies,Corporate tenancies declared in the register,False,2025-10-03,2026-10-08
D-003941,M-01302,Cambridgeshire County Council,Cambridgeshire County Council,Brampton,Committee Member,Employment,Contracts with the authority,Contracts with the authority declared in the register,False,2023-05-28,2023-06-12
D-003942,M-01302,Cambridgeshire County Council,Cambridgeshire County Council,Brampton,Committee Member,Standards,Directorship,Directorship declared in the register,False,2023-10-01,2024-06-10
D-003943,M-01302,Cambridgeshire County Council,Cambridgeshire County Council,Brampton,Committee Member,Overview and Scrutiny,Corporate tenancies,Corporate tenancies declared in the register,False,2025-01-19,2025-12-27
D-003944,M-01302,Cambridgeshire County Council,Cambridgeshire County Council,Brampton,Committee Member,Standards,Directorship,Directorship declared in the register,False,2023-06-29,2023-10-03
D-003945,M-01302,Cambridgeshire County Council,Cambridgeshire County Council,Brampton,Committee Member,Planning,Corporate tenancies,Corporate tenancies declared in the register,False,2024-05-22,2025-01-11
D-003946,M-01303,Huntingdon Town Council,Huntingdonshire District Council,St Neots Eynesbury,Cabinet Member,Employment,Land and property in the area,Land and property in the area declared in the register,False,2024-04-25,2024-05-03
D-003947,M-01303,Huntingdon Town Council,Huntingdonshire District Council,St Neots Eynesbury,Cabinet Member,(none),Membership of a body exercising public functions,Membership of a body exercising public functions declared in the register,False,2023-08-25,2024-05-18
D-003948,M-01303,Huntingdon Town Council,Huntingdonshire District Council,St Neots Eynesbury,Cabinet Member,Audit and Governance,Membership of a charity or voluntary body,Membership of a charity or voluntary body declared in the register,False,2025-02-25,2025-06-26
D-003949,M-01304,Huntingdonshire District Council,Huntingdonshire District Council,St Ives West,Committee Member,Corporate Governance,Corporate tenancies,Corporate tenancies declared in the register,False,2024-02-20,2024-04-03
D-003950,M-01304,Huntingdonshire District Council,Huntingdonshire District Council,St Ives West,Committee Member,Licensing,Directorship,Directorship declared in the register,False,2023-07-26,2024-02-02
D-003951,M-01304,Huntingdonshire District Council,Huntingdonshire District Council,St Ives West,Committee Member,Overview and Scrutiny,Trade union membership,Trade union membership declared in the register,False,2025-03-24,2025-10-08
D-003952,M-01305,Ramsey Town Council,Huntingdonshire District Council,Fenstanton,Councillor,Planning,Sponsorship,Sponsorship declared in the register,False,2023-08-21,2024-02-06
D-003953,M-01305,Ramsey Town Council,Huntingdonshire District Council,Fenstanton,Councillor,Health and Wellbeing,Trade union membership,Trade union membership declared in the register,False,2023-05-20,2023-08-09
D-003954,M-01306,St Ives Town Council,Huntingdonshire District Council,Huntingdon North,Councillor,Environment,Membership of a body exercising public functions,Membership of a body exercising public functions declared in the register,False,2024-04-19,2024-10-16
D-003955,M-01306,St Ives Town Council,Huntingdonshire District Council,Huntingdon North,Councillor,Licensing,Sponsorship,Sponsorship declared in the register,False,2024-01-01,2024-07-23
D-003956,M-01306,St Ives Town Council,Huntingdonshire District Council,Huntingdon North,Councillor,Licensing,"Employment, office, trade or profession",Employment declared in the register,False,2025-05-02,2026-05-27
D-003957,M-01306,St Ives Town Council,Huntingdonshire District Council,Huntingdon North,Councillor,Audit and Governance,Membership of a body exercising public functions,Membership of a body exercising public functions declared in the register,False,2025-05-28,2026-06-14
D-003958,M-01307,Ramsey Town Council,Huntingdonshire District Council,Yaxley,Councillor,Audit and Governance,Sponsorship,Sponsorship declared in the register,False,2024-08-01,2024-11-16
D-003959,M-01308,Huntingdon Town Council,Huntingdonshire District Council,Brampton,Councillor,Employment,Sponsorship,Sponsorship declared in the register,False,2024-08-26,2024-09-10
D-003960,M-01308,Huntingdon Town Council,Huntingdonshire District Council,Brampton,Councillor,Health and Wellbeing,Sponsorship,Sponsorship declared in the register,False,2025-01-16,2025-01-17
D-003961,M-01308,Huntingdon Town Council,Huntingdonshire District Council,Brampton,Councillor,Health and Wellbeing,Licences to occupy land,Licences to occupy land declared in the register,False,2025-10-14,2026-06-27
D-003962,M-01308,Huntingdon Town Council,Huntingdonshire District Council,Brampton,Councillor,Planning,"Employment, office, trade or profession",Employment declared in the register,False,2025-08-20,2026-01-26
D-003963,M-01308,Huntingdon Town Council,Huntingdonshire District Council,Brampton,Councillor,(none),Membership of a charity or voluntary body,Membership of a charity or voluntary body declared in the register,False,2024-10-05,2025-03-16
D-003964,M-01309,Ramsey Town Council,Huntingdonshire District Council,St Ives West,Vice-Chair,Corporate Governance,"Employment, office, trade or profession",Employment declared in the register,False,2024-06-11,2025-03-10
D-003965,M-01309,Ramsey Town Council,Huntingdonshire District Council,St Ives West,Vice-Chair,Overview and Scrutiny,Directorship,Directorship declared in the register,False,2024-04-06,2024-05-21
D-003966,M-01309,Ramsey Town Council,Huntingdonshire District Council,St Ives West,Vice-Chair,Environment,Trade union membership,Trade union membership declared in the register,False,2025-04-23,2025-06-21
D-003967,M-01309,Ramsey Town Council,Huntingdonshire District Council,St Ives West,Vice-Chair,Licensing,Land and property in the area,Land and property in the area declared in the register,False,2023-10-02,2023-10-31
D-003968,M-01309,Ramsey Town Council,Huntingdonshire District Council,St Ives West,Vice-Chair,Licensing,Membership of a political party,Membership of a political party declared in the register,False,2023-10-04,2024-03-22
D-003969,M-01310,South Cambridgeshire District Council,South Cambridgeshire District Council,Huntingdon West,Cabinet Member,Audit and Governance,Trade union membership,Trade union membership declared in the register,False,2024-12-10,2025-04-27
D-003970,M-01310,South Cambridgeshire District Council,South Cambridgeshire District Council,Huntingdon West,Cabinet Member,Planning,Licences to occupy land,Licences to occupy land declared in the register,False,2025-01-22,2025-04-28
D-003971,M-01310,South Cambridgeshire District Council,South Cambridgeshire District Council,Huntingdon West,Cabinet Member,Finance,Trade union membership,Trade union membership declared in the register,False,2023-06-09,2023-10-01
D-003972,M-01310,South Cambridgeshire District Council,South Cambridgeshire District Council,Huntingdon West,Cabinet Member,(none),Sponsorship,Sponsorship declared in the register,False,2025-05-21,2025-12-13
D-003973,M-01311,Cambridgeshire County Council,Cambridgeshire County Council,Hemingfords,Councillor,(none),Licences to occupy land,Licences to occupy land declared in the register,False,2025-02-07,2025-11-14
D-003974,M-01311,Cambridgeshire County Council,Cambridgeshire County Council,Hemingfords,Councillor,(none),Corporate tenancies,Corporate tenancies declared in the register,False,2025-03-10,2026-03-20
D-003975,M-01311,Cambridgeshire County Council,Cambridgeshire County Council,Hemingfords,Councillor,Planning,Corporate tenancies,Corporate tenancies declared in the register,False,2024-08-01,2025-08-17
D-003976,M-01311,Cambridgeshire County Council,Cambridgeshire County Council,Hemingfords,Councillor,Finance,Corporate tenancies,Corporate tenancies declared in the register,False,2024-11-22,2025-08-02
D-003977,M-01312,St Ives Town Council,Huntingdonshire District Council,Somersham,Councillor,Environment,Sponsorship,Sponsorship declared in the register,False,2025-07-25,2025-12-15
D-003978,M-01312,St Ives Town Council,Huntingdonshire District Council,Somersham,Councillor,Employment,Membership of a political party,Membership of a political party declared in the register,False,2023-09-24,2024-07-05
D-003979,M-01312,St Ives Town Council,Huntingdonshire District Council,Somersham,Councillor,Health and Wellbeing,Securities,Securities declared in the register,False,2023-07-05,2023-08-27
D-003980,M-01312,St Ives Town Council,Huntingdonshire District Council,Somersham,Councillor,Licensing,Sponsorship,Sponsorship declared in the register,False,2025-01-09,2026-01-14
D-003981,M-01312,St Ives Town Council,Huntingdonshire District Council,Somersham,Councillor,Employment,Land and property in the area,Land and property in the area declared in the register,False,2024-11-05,2025-04-16
D-003982,M-01313,St Ives Town Council,Huntingdonshire District Council,Buckden,Councillor,Corporate Governance,Contracts with the authority,Contracts with the authority declared in the register,False,2025-07-08,2025-12-11
D-003983,M-01313,St Ives Town Council,Huntingdonshire District Council,Buckden,Councillor,Employment,Land and property in the area,Land and property in the area declared in the register,False,2025-07-04,2025-12-04
D-003984,M-01313,St Ives Town Council,Huntingdonshire District Council,Buckden,Councillor,Corporate Governance,Land and property in the area,Land and property in the area declared in the register,False,2024-12-20,2025-04-09
D-003985,M-01313,St Ives Town Council,Huntingdonshire District Council,Buckden,Councillor,(none),Membership of a charity or voluntary body,Membership of a charity or voluntary body declared in the register,False,2025-05-24,2025-09-02
D-003986,M-01313,St Ives Town Council,Huntingdonshire District Council,Buckden,Councillor,Corporate Governance,Membership of a charity or voluntary body,Membership of a charity or voluntary body declared in the register,False,2023-12-02,2024-10-01
D-003987,M-01314,South Cambridgeshire District Council,South Cambridgeshire District Council,Huntingdon North,Councillor,Health and Wellbeing,Securities,Securities declared in the register,False,2025-10-02,2026-01-23
D-003988,M-01314,South Cambridgeshire District Council,South Cambridgeshire District Council,Huntingdon North,Councillor,Corporate Governance,Land and property in the area,Land and property in the area declared in the register,False,2023-11-10,2024-08-09
D-003989,M-01314,South Cambridgeshire District Council,South Cambridgeshire District Council,Huntingdon North,Councillor,Planning,Land and property in the area,Land and property in the area declared in the register,False,2025-10-08,2026-02-25
D-003990,M-01314,South Cambridgeshire District Council,South Cambridgeshire District Council,Huntingdon North,Councillor,Health and Wellbeing,Directorship,Directorship declared in the register,False,2024-12-03,2025-07-30
D-003991,M-01315,Huntingdonshire District Council,Huntingdonshire District Council,Little Paxton,Councillor,Overview and Scrutiny,Membership of a political party,Membership of a political party declared in the register,False,2025-01-18,2025-09-04
D-003992,M-01315,Huntingdonshire District Council,Huntingdonshire District Council,Little Paxton,Councillor,Licensing,Membership of a political party,Membership of a political party declared in the register,False,2024-08-19,2024-10-11
D-003993,M-01316,Huntingdonshire District Council,Huntingdonshire District Council,Huntingdon East,Councillor,Employment,Sponsorship,Sponsorship declared in the register,False,2023-11-15,2024-03-13
D-003994,M-01316,Huntingdonshire District Council,Huntingdonshire District Council,Huntingdon East,Councillor,Health and Wellbeing,Sponsorship,Sponsorship declared in the register,False,2024-12-30,2025-12-07
D-003995,M-01317,Cambridgeshire County Council,Cambridgeshire County Council,Somersham,Cabinet Member,Standards,Membership of a political party,Membership of a political party declared in the register,False,2024-12-05,2025-02-08
D-003996,M-01317,Cambridgeshire County Council,Cambridgeshire County Council,Somersham,Cabinet Member,Licensing,Land and property in the area,Land and property in the area declared in the register,False,2024-09-11,2025-02-17
D-003997,M-01317,Cambridgeshire County Council,Cambridgeshire County Council,Somersham,Cabinet Member,Finance,Land and property in the area,Land and property in the area declared in the register,False,2023-10-16,2024-06-12
D-003998,M-01318,Huntingdonshire District Council,Huntingdonshire District Council,Hemingfords,Chair,(none),Trade union membership,Trade union membership declared in the register,False,2024-10-10,2025-11-05
D-003999,M-01319,Huntingdonshire District Council,Huntingdonshire District Council,Hemingfords,Committee Member,Audit and Governance,Licences to occupy land,Licences to occupy land declared in the register,False,2025-06-22,2025-10-11
D-004000,M-01319,Huntingdonshire District Council,Huntingdonshire District Council,Hemingfords,Committee Member,Planning,Trade union membership,Trade union membership declared in the register,False,2023-05-29,2023-09-24
D-004001,M-01319,Huntingdonshire District Council,Huntingdonshire District Council,Hemingfords,Committee Member,Standards,Licences to occupy land,Licences to occupy land declared in the register,False,2025-09-24,2025-10-31
D-004002,M-01320,Cambridgeshire County Council,Cambridgeshire County Council,Ramsey,Councillor,Licensing,Securities,Securities declared in the register,False,2025-08-06,2026-03-20
D-004003,M-01320,Cambridgeshire County Council,Cambridgeshire County Council,Ramsey,Councillor,Planning,Sensitive interest (withheld under s.32),,True,2023-11-16,2024-08-15
D-004004,M-01321,St Ives Town Council,Huntingdonshire District Council,Buckden,Cabinet Member,Overview and Scrutiny,Sponsorship,Sponsorship declared in the register,False,2025-09-26,2026-06-21
D-004005,M-01321,St Ives Town Council,Huntingdonshire District Council,Buckden,Cabinet Member,Overview and Scrutiny,Membership of a charity or voluntary body,Membership of a charity or voluntary body declared in the register,False,2025-07-07,2026-06-24
D-004006,M-01321,St Ives Town Council,Huntingdonshire District Council,Buckden,Cabinet Member,Standards,"Employment, office, trade or profession",Employment declared in the register,False,2025-03-29,2025-10-13
D-004007,M-01321,St Ives Town Council,Huntingdonshire District Council,Buckden,Cabinet Member,Planning,Land and property in the area,Land and property in the area declared in the register,False,2023-07-25,2023-11-25
D-004008,M-01322,Cambridgeshire County Council,Cambridgeshire County Council,Buckden,Councillor,Health and Wellbeing,Securities,Securities declared in the register,False,2023-08-08,2023-08-22
D-004009,M-01323,Huntingdonshire District Council,Huntingdonshire District Council,Sawtry,Councillor,Corporate Governance,Directorship,Directorship declared in the register,False,2024-07-03,2024-11-23
D-004010,M-01323,Huntingdonshire District Council,Huntingdonshire District Council,Sawtry,Councillor,Overview and Scrutiny,Trade union membership,Trade union membership declared in the register,False,2023-10-27,2024-07-30
D-004011,M-01323,Huntingdonshire District Council,Huntingdonshire District Council,Sawtry,Councillor,Planning,Membership of a body exercising public functions,Membership of a body exercising public functions declared in the register,False,2023-07-17,2024-07-17
D-004012,M-01323,Huntingdonshire District Council,Huntingdonshire District Council,Sawtry,Councillor,Finance,Membership of a body exercising public functions,Membership of a body exercising public functions declared in the register,False,2024-08-08,2025-07-29
D-004013,M-01324,South Cambridgeshire District Council,South Cambridgeshire District Council,Little Paxton,Councillor,Finance,Sensitive interest (withheld under s.32),,True,2023-08-10,2023-12-29
D-004014,M-01324,South Cambridgeshire District Council,South Cambridgeshire District Council,Little Paxton,Councillor,Environment,Membership of a political party,Membership of a political party declared in the register,False,2024-09-16,2025-02-02
D-004015,M-01324,South Cambridgeshire District Council,South Cambridgeshire District Council,Little Paxton,Councillor,Standards,Contracts with the authority,Contracts with the authority declared in the register,False,2025-07-12,2026-03-11
D-004016,M-01324,South Cambridgeshire District Council,South Cambridgeshire District Council,Little Paxton,Councillor,Environment,Directorship,Directorship declared in the register,False,2024-03-03,2024-06-24
D-004017,M-01325,Huntingdonshire District Council,Huntingdonshire District Council,Brampton,Committee Member,Corporate Governance,Securities,Securities declared in the register,False,2025-06-14,2025-07-03
D-004018,M-01325,Huntingdonshire District Council,Huntingdonshire District Council,Brampton,Committee Member,Employment,Securities,Securities declared in the register,False,2024-03-30,2024-09-18
D-004019,M-01325,Huntingdonshire District Council,Huntingdonshire District Council,Brampton,Committee Member,Planning,Corporate tenancies,Corporate tenancies declared in the register,False,2023-11-20,2024-12-19
D-004020,M-01325,Huntingdonshire District Council,Huntingdonshire District Council,Brampton,Committee Member,(none),Securities,Securities declared in the register,False,2024-07-31,2024-11-23
D-004021,M-01325,Huntingdonshire District Council,Huntingdonshire District Council,Brampton,Committee Member,(none),Membership of a political party,Membership of a political party declared in the register,False,2024-12-19,2025-10-24
D-004022,M-01326,Ramsey Town Council,Huntingdonshire District Council,St Neots East,Councillor,Overview and Scrutiny,Membership of a charity or voluntary body,Membership of a charity or voluntary body declared in the register,False,2023-08-30,2024-04-12
D-004023,M-01326,Ramsey Town Council,Huntingdonshire District Council,St Neots East,Councillor,Corporate Governance,Membership of a political party,Membership of a political party declared in the register,False,2023-05-30,2023-12-15
D-004024,M-01326,Ramsey Town Council,Huntingdonshire District Council,St Neots East,Councillor,Employment,Licences to occupy land,Licences to occupy land declared in the register,False,2025-06-03,2026-05-27
D-004025,M-01327,Ramsey Town Council,Huntingdonshire District Council,Huntingdon East,Vice-Chair,Health and Wellbeing,Membership of a body exercising public functions,Membership of a body exercising public functions declared in the register,False,2023-08-26,2023-10-04
D-004026,M-01328,Huntingdonshire District Council,Huntingdonshire District Council,St Ives East,Councillor,Environment,Contracts with the authority,Contracts with the authority declared in the register,False,2025-10-10,2026-02-17
D-004027,M-01328,Huntingdonshire District Council,Huntingdonshire District Council,St Ives East,Councillor,Audit and Governance,Membership of a political party,Membership of a political party declared in the register,False,2023-08-07,2024-03-26
D-004028,M-01328,Huntingdonshire District Council,Huntingdonshire District Council,St Ives East,Councillor,Corporate Governance,Corporate tenancies,Corporate tenancies declared in the register,False,2025-02-13,2025-04-12
D-004029,M-01328,Huntingdonshire District Council,Huntingdonshire District Council,St Ives East,Councillor,Planning,Securities,Securities declared in the register,False,2025-02-17,2025-05-12
D-004030,M-01328,Huntingdonshire District Council,Huntingdonshire District Council,St Ives East,Councillor,Health and Wellbeing,Contracts with the authority,Contracts with the authority declared in the register,False,2023-06-06,2023-10-26
D-004031,M-01329,Cambridgeshire County Council,Cambridgeshire County Council,Huntingdon West,Chair,Environment,Corporate tenancies,Corporate tenancies declared in the register,False,2024-07-12,2025-05-16
D-004032,M-01330,Ramsey Town Council,Huntingdonshire District Council,Somersham,Committee Member,Corporate Governance,Trade union membership,Trade union membership declared in the register,False,2023-08-17,2023-12-01
D-004033,M-01330,Ramsey Town Council,Huntingdonshire District Council,Somersham,Committee Member,Planning,Sponsorship,Sponsorship declared in the register,False,2024-03-05,2024-06-17
D-004034,M-01330,Ramsey Town Council,Huntingdonshire District Council,Somersham,Committee Member,Overview and Scrutiny,Directorship,Directorship declared in the register,False,2023-09-02,2024-05-22
D-004035,M-01331,Huntingdon Town Council,Huntingdonshire District Council,St Neots East,Councillor,Standards,Directorship,Directorship declared in the register,False,2025-06-10,2025-09-28
D-004036,M-01331,Huntingdon Town Council,Huntingdonshire District Council,St Neots East,Councillor,Corporate Governance,Corporate tenancies,Corporate tenancies declared in the register,False,2023-07-30,2024-05-15
D-004037,M-01331,Huntingdon Town Council,Huntingdonshire District Council,St Neots East,Councillor,Corporate Governance,Sponsorship,Sponsorship declared in the register,False,2025-05-20,2025-08-20
D-004038,M-01331,Huntingdon Town Council,Huntingdonshire District Council,St Neots East,Councillor,Planning,Contracts with the authority,Contracts with the authority declared in the register,False,2023-12-14,2024-02-20
D-004039,M-01332,St Ives Town Council,Huntingdonshire District Council,Hemingfords,Chair,Health and Wellbeing,Trade union membership,Trade union membership declared in the register,False,2024-11-21,2025-01-25
D-004040,M-01332,St Ives Town Council,Huntingdonshire District Council,Hemingfords,Chair,Environment,Licences to occupy land,Licences to occupy land declared in the register,False,2024-03-25,2024-09-21
D-004041,M-01332,St Ives Town Council,Huntingdonshire District Council,Hemingfords,Chair,Health and Wellbeing,Corporate tenancies,Corporate tenancies declared in the register,False,2024-05-17,2025-02-20
D-004042,M-01333,Huntingdon Town Council,Huntingdonshire District Council,St Ives South,Councillor,Audit and Governance,Membership of a political party,Membership of a political party declared in the register,False,2024-09-21,2024-11-27
D-004043,M-01333,Huntingdon Town Council,Huntingdonshire District Council,St Ives South,Councillor,Audit and Governance,Sponsorship,Sponsorship declared in the register,False,2023-10-05,2024-07-14
D-004044,M-01333,Huntingdon Town Council,Huntingdonshire District Council,St Ives South,Councillor,Planning,Contracts with the authority,Contracts with the authority declared in the register,False,2024-05-03,2025-04-05
D-004045,M-01333,Huntingdon Town Council,Huntingdonshire District Council,St Ives South,Councillor,Audit and Governance,Membership of a charity or voluntary body,Membership of a charity or voluntary body declared in the register,False,2025-09-08,2026-02-12
D-004046,M-01334,Ramsey Town Council,Huntingdonshire District Council,Huntingdon North,Committee Member,Environment,Contracts with the authority,Contracts with the authority declared in the register,False,2024-09-02,2025-08-03
D-004047,M-01334,Ramsey Town Council,Huntingdonshire District Council,Huntingdon North,Committee Member,(none),Contracts with the authority,Contracts with the authority declared in the register,False,2023-11-08,2024-10-05
D-004048,M-01334,Ramsey Town Council,Huntingdonshire District Council,Huntingdon North,Committee Member,Planning,Trade union membership,Trade union membership declared in the register,False,2025-03-01,2025-07-23
D-004049,M-01334,Ramsey Town Council,Huntingdonshire District Council,Huntingdon North,Committee Member,Health and Wellbeing,Corporate tenancies,Corporate tenancies declared in the register,False,2025-05-22,2025-09-13
D-004050,M-01334,Ramsey Town Council,Huntingdonshire District Council,Huntingdon North,Committee Member,Licensing,Directorship,Directorship declared in the register,False,2024-04-03,2024-11-02
D-004051,M-01335,Ramsey Town Council,Huntingdonshire District Council,Fenstanton,Cabinet Member,Overview and Scrutiny,Trade union membership,Trade union membership declared in the register,False,2024-06-20,2024-07-10
D-004052,M-01335,Ramsey Town Council,Huntingdonshire District Council,Fenstanton,Cabinet Member,(none),Directorship,Directorship declared in the register,False,2023-05-04,2024-03-03
D-004053,M-01335,Ramsey Town Council,Huntingdonshire District Council,Fenstanton,Cabinet Member,Health and Wellbeing,Land and property in the area,Land and property in the area declared in the register,False,2025-07-25,2025-09-12
D-004054,M-01336,Cambridgeshire County Council,Cambridgeshire County Council,Little Paxton,Councillor,Environment,Sponsorship,Sponsorship declared in the register,False,2024-10-23,2025-07-12
D-004055,M-01336,Cambridgeshire County Council,Cambridgeshire County Council,Little Paxton,Councillor,Audit and Governance,Land and property in the area,Land and property in the area declared in the register,False,2024-07-12,2025-05-15
D-004056,M-01336,Cambridgeshire County Council,Cambridgeshire County Council,Little Paxton,Councillor,Planning,Directorship,Directorship declared in the register,False,2025-05-07,2025-07-22
D-004057,M-01336,Cambridgeshire County Council,Cambridgeshire County Council,Little Paxton,Councillor,(none),Trade union membership,Trade union membership declared in the register,False,2025-09-23,2026-09-27
D-004058,M-01336,Cambridgeshire County Council,Cambridgeshire County Council,Little Paxton,Councillor,Corporate Governance,Membership of a body exercising public functions,Membership of a body exercising public functions declared in the register,False,2024-11-07,2025-05-04
D-004059,M-01337,St Ives Town Council,Huntingdonshire District Council,Ramsey,Councillor,Health and Wellbeing,Membership of a charity or voluntary body,Membership of a charity or voluntary body declared in the register,False,2024-10-15,2025-07-20
D-004060,M-01338,Huntingdon Town Council,Huntingdonshire District Council,Little Paxton,Councillor,Environment,Membership of a charity or voluntary body,Membership of a charity or voluntary body declared in the register,False,2023-05-01,2024-03-29
D-004061,M-01339,Cambridgeshire County Council,Cambridgeshire County Council,Ramsey,Councillor,Health and Wellbeing,Securities,Securities declared in the register,False,2025-05-24,2025-12-25
D-004062,M-01339,Cambridgeshire County Council,Cambridgeshire County Council,Ramsey,Councillor,(none),Land and property in the area,Land and property in the area declared in the register,False,2025-03-31,2026-02-07
D-004063,M-01340,Ramsey Town Council,Huntingdonshire District Council,Huntingdon East,Chair,Overview and Scrutiny,Directorship,Directorship declared in the register,False,2023-05-19,2023-05-28
D-004064,M-01341,Huntingdon Town Council,Huntingdonshire District Council,Little Paxton,Mayor,Standards,Securities,Securities declared in the register,False,2025-10-01,2026-02-21
D-004065,M-01341,Huntingdon Town Council,Huntingdonshire District Council,Little Paxton,Mayor,Health and Wellbeing,Membership of a body exercising public functions,Membership of a body exercising public functions declared in the register,False,2024-02-08,2024-05-01
D-004066,M-01342,St Ives Town Council,Huntingdonshire District Council,Huntingdon North,Vice-Chair,Planning,"Employment, office, trade or profession",Employment declared in the register,False,2024-06-06,2024-06-09
D-004067,M-01343,St Ives Town Council,Huntingdonshire District Council,Godmanchester,Councillor,Health and Wellbeing,Sponsorship,Sponsorship declared in the register,False,2024-09-26,2025-03-28
D-004068,M-01343,St Ives Town Council,Huntingdonshire District Council,Godmanchester,Councillor,Employment,Membership of a body exercising public functions,Membership of a body exercising public functions declared in the register,False,2024-10-06,2024-11-14
D-004069,M-01343,St Ives Town Council,Huntingdonshire District Council,Godmanchester,Councillor,Environment,Sponsorship,Sponsorship declared in the register,False,2023-10-08,2024-08-11
D-004070,M-01343,St Ives Town Council,Huntingdonshire District Council,Godmanchester,Councillor,Standards,Securities,Securities declared in the register,False,2024-02-07,2024-05-14
D-004071,M-01343,St Ives Town Council,Huntingdonshire District Council,Godmanchester,Councillor,(none),"Employment, office, trade or profession",Employment declared in the register,False,2025-01-24,2025-12-18
D-004072,M-01344,St Ives Town Council,Huntingdonshire District Council,St Ives East,Cabinet Member,Planning,Membership of a charity or voluntary body,Membership of a charity or voluntary body declared in the register,False,2023-09-08,2024-09-07
D-004073,M-01344,St Ives Town Council,Huntingdonshire District Council,St Ives East,Cabinet Member,Environment,Trade union membership,Trade union membership declared in the register,False,2023-11-25,2024-06-05
D-004074,M-01344,St Ives Town Council,Huntingdonshire District Council,St Ives East,Cabinet Member,Health and Wellbeing,"Employment, office, trade or profession",Employment declared in the register,False,2024-12-25,2025-08-16
D-004075,M-01344,St Ives Town Council,Huntingdonshire District Council,St Ives East,Cabinet Member,Finance,Membership of a body exercising public functions,Membership of a body exercising public functions declared in the register,False,2024-01-21,2024-06-20
D-004076,M-01344,St Ives Town Council,Huntingdonshire District Council,St Ives East,Cabinet Member,Employment,"Employment, office, trade or profession",Employment declared in the register,False,2024-04-16,2024-07-23
D-004077,M-01345,Ramsey Town Council,Huntingdonshire District Council,Fenstanton,Councillor,Audit and Governance,Directorship,Directorship declared in the register,False,2024-07-28,2025-07-29
D-004078,M-01345,Ramsey Town Council,Huntingdonshire District Council,Fenstanton,Councillor,Employment,Membership of a political party,Membership of a political party declared in the register,False,2024-06-17,2024-07-07
D-004079,M-01345,Ramsey Town Council,Huntingdonshire District Council,Fenstanton,Councillor,Planning,Directorship,Directorship declared in the register,False,2024-03-12,2024-06-27
D-004080,M-01345,Ramsey Town Council,Huntingdonshire District Council,Fenstanton,Councillor,(none),Membership of a charity or voluntary body,Membership of a charity or voluntary body declared in the register,False,2025-08-23,2026-07-19
D-004081,M-01345,Ramsey Town Council,Huntingdonshire District Council,Fenstanton,Councillor,Planning,Sensitive interest (withheld under s.32),,True,2024-03-13,2025-03-07
D-004082,M-01346,South Cambridgeshire District Council,South Cambridgeshire District Council,Huntingdon East,Chair,Audit and Governance,Directorship,Directorship declared in the register,False,2025-04-05,2025-10-22
D-004083,M-01346,South Cambridgeshire District Council,South Cambridgeshire District Council,Huntingdon East,Chair,Licensing,Membership of a charity or voluntary body,Membership of a charity or voluntary body declared in the register,False,2025-02-17,2025-09-16
D-004084,M-01347,Huntingdonshire District Council,Huntingdonshire District Council,Hemingfords,Councillor,Environment,Sponsorship,Sponsorship declared in the register,False,2025-02-27,2025-09-20
D-004085,M-01347,Huntingdonshire District Council,Huntingdonshire District Council,Hemingfords,Councillor,Employment,Securities,Securities declared in the register,False,2023-09-01,2024-01-05
D-004086,M-01347,Huntingdonshire District Council,Huntingdonshire District Council,Hemingfords,Councillor,Corporate Governance,Corporate tenancies,Corporate tenancies declared in the register,False,2024-01-13,2024-11-12
D-004087,M-01347,Huntingdonshire District Council,Huntingdonshire District Council,Hemingfords,Councillor,Health and Wellbeing,Membership of a charity or voluntary body,Membership of a charity or voluntary body declared in the register,False,2024-02-18,2024-06-16
D-004088,M-01348,Huntingdonshire District Council,Huntingdonshire District Council,Somersham,Councillor,Planning,"Employment, office, trade or profession",Employment declared in the register,False,2024-03-12,2025-03-27
D-004089,M-01349,Ramsey Town Council,Huntingdonshire District Council,Sawtry,Councillor,Planning,"Employment, office, trade or profession",Employment declared in the register,False,2024-12-01,2025-03-04
D-004090,M-01350,Ramsey Town Council,Huntingdonshire District Council,St Ives South,Chair,Finance,Directorship,Directorship declared in the register,False,2024-10-13,2025-04-04
D-004091,M-01350,Ramsey Town Council,Huntingdonshire District Council,St Ives South,Chair,Audit and Governance,Sponsorship,Sponsorship declared in the register,False,2025-01-25,2025-05-18
D-004092,M-01350,Ramsey Town Council,Huntingdonshire District Council,St Ives South,Chair,Corporate Governance,Sponsorship,Sponsorship declared in the register,False,2025-01-30,2026-03-01
D-004093,M-01350,Ramsey Town Council,Huntingdonshire District Council,St Ives South,Chair,Planning,Corporate tenancies,Corporate tenancies declared in the register,False,2023-06-05,2024-04-24
D-004094,M-01351,Ramsey Town Council,Huntingdonshire District Council,Fenstanton,Councillor,Licensing,Directorship,Directorship declared in the register,False,2023-10-18,2024-09-25
D-004095,M-01351,Ramsey Town Council,Huntingdonshire District Council,Fenstanton,Councillor,(none),Land and property in the area,Land and property in the area declared in the register,False,2025-05-15,2025-07-20
D-004096,M-01351,Ramsey Town Council,Huntingdonshire District Council,Fenstanton,Councillor,Finance,Land and property in the area,Land and property in the area declared in the register,False,2024-07-07,2025-01-19
D-004097,M-01351,Ramsey Town Council,Huntingdonshire District Council,Fenstanton,Councillor,Corporate Governance,Directorship,Directorship declared in the register,False,2024-05-01,2024-11-09
D-004098,M-01352,St Ives Town Council,Huntingdonshire District Council,Godmanchester,Councillor,Licensing,Land and property in the area,Land and property in the area declared in the register,False,2024-03-25,2025-03-11
D-004099,M-01352,St Ives Town Council,Huntingdonshire District Council,Godmanchester,Councillor,Planning,Contracts with the authority,Contracts with the authority declared in the register,False,2023-12-04,2024-09-11
D-004100,M-01352,St Ives Town Council,Huntingdonshire District Council,Godmanchester,Councillor,Licensing,Securities,Securities declared in the register,False,2024-01-06,2024-05-09
D-004101,M-01352,St Ives Town Council,Huntingdonshire District Council,Godmanchester,Councillor,Health and Wellbeing,Licences to occupy land,Licences to occupy land declared in the register,False,2023-08-28,2023-12-12
D-004102,M-01353,Ramsey Town Council,Huntingdonshire District Council,Huntingdon North,Chair,Licensing,Membership of a political party,Membership of a political party declared in the register,False,2024-11-08,2025-02-26
D-004103,M-01353,Ramsey Town Council,Huntingdonshire District Council,Huntingdon North,Chair,(none),Corporate tenancies,Corporate tenancies declared in the register,False,2023-07-03,2024-07-28
D-004104,M-01353,Ramsey Town Council,Huntingdonshire District Council,Huntingdon North,Chair,Corporate Governance,Trade union membership,Trade union membership declared in the register,False,2024-06-12,2024-07-16
D-004105,M-01353,Ramsey Town Council,Huntingdonshire District Council,Huntingdon North,Chair,Corporate Governance,Contracts with the authority,Contracts with the authority declared in the register,False,2024-07-14,2025-05-06
D-004106,M-01353,Ramsey Town Council,Huntingdonshire District Council,Huntingdon North,Chair,(none),Licences to occupy land,Licences to occupy land declared in the register,False,2023-11-26,2024-01-10
D-004107,M-01354,Huntingdonshire District Council,Huntingdonshire District Council,St Ives West,Councillor,Planning,"Employment, office, trade or profession",Employment declared in the register,False,2024-11-05,2025-07-20
D-004108,M-01354,Huntingdonshire District Council,Huntingdonshire District Council,St Ives West,Councillor,Employment,Sponsorship,Sponsorship declared in the register,False,2024-04-12,2024-05-28
D-004109,M-01354,Huntingdonshire District Council,Huntingdonshire District Council,St Ives West,Councillor,Health and Wellbeing,Sensitive interest (withheld under s.32),,True,2025-06-06,2026-05-30
D-004110,M-01355,Huntingdonshire District Council,Huntingdonshire District Council,Somersham,Vice-Chair,Standards,Membership of a body exercising public functions,Membership of a body exercising public functions declared in the register,False,2025-05-03,2025-08-16
D-004111,M-01355,Huntingdonshire District Council,Huntingdonshire District Council,Somersham,Vice-Chair,(none),Membership of a body exercising public functions,Membership of a body exercising public functions declared in the register,False,2024-09-09,2025-07-05
D-004112,M-01356,Ramsey Town Council,Huntingdonshire District Council,Sawtry,Councillor,Corporate Governance,Membership of a charity or voluntary body,Membership of a charity or voluntary body declared in the register,False,2025-02-16,2025-12-18
D-004113,M-01356,Ramsey Town Council,Huntingdonshire District Council,Sawtry,Councillor,Standards,"Employment, office, trade or profession",Employment declared in the register,False,2024-12-15,2025-07-09
D-004114,M-01356,Ramsey Town Council,Huntingdonshire District Council,Sawtry,Councillor,Overview and Scrutiny,Membership of a charity or voluntary body,Membership of a charity or voluntary body declared in the register,False,2024-07-14,2025-01-04
D-004115,M-01356,Ramsey Town Council,Huntingdonshire District Council,Sawtry,Councillor,Health and Wellbeing,Contracts with the authority,Contracts with the authority declared in the register,False,2025-01-07,2025-05-28
D-004116,M-01356,Ramsey Town Council,Huntingdonshire District Council,Sawtry,Councillor,Audit and Governance,Membership of a political party,Membership of a political party declared in the register,False,2023-08-10,2023-11-28
D-004117,M-01357,Cambridgeshire County Council,Cambridgeshire County Council,Hemingfords,Councillor,Finance,Securities,Securities declared in the register,False,2024-08-24,2025-08-20
D-004118,M-01357,Cambridgeshire County Council,Cambridgeshire County Council,Hemingfords,Councillor,Finance,Corporate tenancies,Corporate tenancies declared in the register,False,2025-08-05,2026-06-25
D-004119,M-01357,Cambridgeshire County Council,Cambridgeshire County Council,Hemingfords,Councillor,Corporate Governance,Corporate tenancies,Corporate tenancies declared in the register,False,2023-08-24,2024-03-28
D-004120,M-01357,Cambridgeshire County Council,Cambridgeshire County Council,Hemingfords,Councillor,Environment,Trade union membership,Trade union membership declared in the register,False,2025-09-03,2025-10-09
D-004121,M-01357,Cambridgeshire County Council,Cambridgeshire County Council,Hemingfords,Councillor,Environment,Membership of a political party,Membership of a political party declared in the register,False,2024-06-16,2024-11-06
D-004122,M-01358,Ramsey Town Council,Huntingdonshire District Council,Fenstanton,Councillor,Planning,Licences to occupy land,Licences to occupy land declared in the register,False,2025-07-07,2026-01-16
D-004123,M-01358,Ramsey Town Council,Huntingdonshire District Council,Fenstanton,Councillor,Employment,Land and property in the area,Land and property in the area declared in the register,False,2024-11-03,2025-11-17
D-004124,M-01359,Cambridgeshire County Council,Cambridgeshire County Council,Godmanchester,Councillor,Corporate Governance,Trade union membership,Trade union membership declared in the register,False,2024-07-21,2025-02-11
D-004125,M-01360,Cambridgeshire County Council,Cambridgeshire County Council,Godmanchester,Committee Member,Planning,Contracts with the authority,Contracts with the authority declared in the register,False,2025-04-03,2026-01-27
D-004126,M-01361,Huntingdonshire District Council,Huntingdonshire District Council,Huntingdon North,Councillor,Corporate Governance,Contracts with the authority,Contracts with the authority declared in the register,False,2024-03-04,2025-04-05
D-004127,M-01361,Huntingdonshire District Council,Huntingdonshire District Council,Huntingdon North,Councillor,Planning,Directorship,Directorship declared in the register,False,2023-07-30,2023-12-18
D-004128,M-01361,Huntingdonshire District Council,Huntingdonshire District Council,Huntingdon North,Councillor,Planning,Trade union membership,Trade union membership declared in the register,False,2025-01-27,2025-10-14
D-004129,M-01361,Huntingdonshire District Council,Huntingdonshire District Council,Huntingdon North,Councillor,Environment,Sensitive interest (withheld under s.32),,True,2025-01-08,2025-10-18
D-004130,M-01362,Cambridgeshire County Council,Cambridgeshire County Council,St Ives West,Councillor,Corporate Governance,Contracts with the authority,Contracts with the authority declared in the register,False,2023-07-14,2024-03-26
D-004131,M-01363,South Cambridgeshire District Council,South Cambridgeshire District Council,Brampton,Committee Member,(none),Securities,Securities declared in the register,False,2025-05-13,2025-05-17
D-004132,M-01363,South Cambridgeshire District Council,South Cambridgeshire District Council,Brampton,Committee Member,Corporate Governance,Securities,Securities declared in the register,False,2024-12-29,2026-01-16
D-004133,M-01363,South Cambridgeshire District Council,South Cambridgeshire District Council,Brampton,Committee Member,Employment,Licences to occupy land,Licences to occupy land declared in the register,False,2023-12-17,2024-06-19
D-004134,M-01364,Huntingdon Town Council,Huntingdonshire District Council,Little Paxton,Councillor,Finance,Securities,Securities declared in the register,False,2023-11-11,2024-11-25
D-004135,M-01364,Huntingdon Town Council,Huntingdonshire District Council,Little Paxton,Councillor,Licensing,Sponsorship,Sponsorship declared in the register,False,2024-04-22,2024-10-14
D-004136,M-01364,Huntingdon Town Council,Huntingdonshire District Council,Little Paxton,Councillor,Health and Wellbeing,Membership of a charity or voluntary body,Membership of a charity or voluntary body declared in the register,False,2025-08-23,2026-03-15
D-004137,M-01364,Huntingdon Town Council,Huntingdonshire District Council,Little Paxton,Councillor,Audit and Governance,Directorship,Directorship declared in the register,False,2025-06-12,2026-01-02
D-004138,M-01364,Huntingdon Town Council,Huntingdonshire District Council,Little Paxton,Councillor,Employment,Securities,Securities declared in the register,False,2024-04-22,2025-03-05
D-004139,M-01365,Cambridgeshire County Council,Cambridgeshire County Council,St Neots Eynesbury,Councillor,Licensing,Trade union membership,Trade union membership declared in the register,False,2025-01-14,2025-12-18
D-004140,M-01365,Cambridgeshire County Council,Cambridgeshire County Council,St Neots Eynesbury,Councillor,Finance,Membership of a body exercising public functions,Membership of a body exercising public functions declared in the register,False,2025-09-11,2026-09-17
D-004141,M-01365,Cambridgeshire County Council,Cambridgeshire County Council,St Neots Eynesbury,Councillor,Finance,Contracts with the authority,Contracts with the authority declared in the register,False,2025-08-01,2026-06-11
D-004142,M-01366,South Cambridgeshire District Council,South Cambridgeshire District Council,St Neots Eynesbury,Councillor,Health and Wellbeing,Contracts with the authority,Contracts with the authority declared in the register,False,2024-01-16,2025-01-07
D-004143,M-01366,South Cambridgeshire District Council,South Cambridgeshire District Council,St Neots Eynesbury,Councillor,Corporate Governance,Membership of a political party,Membership of a political party declared in the register,False,2024-07-12,2025-05-09
D-004144,M-01366,South Cambridgeshire District Council,South Cambridgeshire District Council,St Neots Eynesbury,Councillor,(none),Membership of a body exercising public functions,Membership of a body exercising public functions declared in the register,False,2025-03-04,2025-12-16
D-004145,M-01366,South Cambridgeshire District Council,South Cambridgeshire District Council,St Neots Eynesbury,Councillor,(none),Contracts with the authority,Contracts with the authority declared in the register,False,2025-09-14,2026-01-06
D-004146,M-01366,South Cambridgeshire District Council,South Cambridgeshire District Council,St Neots Eynesbury,Councillor,Environment,Trade union membership,Trade union membership declared in the register,False,2025-02-11,2025-03-16
D-004147,M-01367,Huntingdon Town Council,Huntingdonshire District Council,St Neots Eynesbury,Councillor,Employment,Directorship,Directorship declared in the register,False,2024-05-11,2025-01-03
D-004148,M-01368,Ramsey Town Council,Huntingdonshire District Council,Brampton,Councillor,Licensing,"Employment, office, trade or profession",Employment declared in the register,False,2023-08-31,2024-06-30
D-004149,M-01368,Ramsey Town Council,Huntingdonshire District Council,Brampton,Councillor,Overview and Scrutiny,Land and property in the area,Land and property in the area declared in the register,False,2024-08-31,2025-04-09
D-004150,M-01368,Ramsey Town Council,Huntingdonshire District Council,Brampton,Councillor,Audit and Governance,Land and property in the area,Land and property in the area declared in the register,False,2025-02-09,2025-03-22
D-004151,M-01368,Ramsey Town Council,Huntingdonshire District Council,Brampton,Councillor,Health and Wellbeing,Contracts with the authority,Contracts with the authority declared in the register,False,2024-11-07,2025-06-19
D-004152,M-01369,Huntingdonshire District Council,Huntingdonshire District Council,St Ives South,Committee Member,Corporate Governance,Corporate tenancies,Corporate tenancies declared in the register,False,2024-11-06,2025-10-27
D-004153,M-01370,South Cambridgeshire District Council,South Cambridgeshire District Council,Buckden,Councillor,Audit and Governance,Trade union membership,Trade union membership declared in the register,False,2023-08-27,2024-06-18
D-004154,M-01370,South Cambridgeshire District Council,South Cambridgeshire District Council,Buckden,Councillor,(none),Securities,Securities declared in the register,False,2025-09-14,2026-04-25
D-004155,M-01370,South Cambridgeshire District Council,South Cambridgeshire District Council,Buckden,Councillor,Corporate Governance,Membership of a charity or voluntary body,Membership of a charity or voluntary body declared in the register,False,2024-05-23,2024-08-17
D-004156,M-01370,South Cambridgeshire District Council,South Cambridgeshire District Council,Buckden,Councillor,Employment,Corporate tenancies,Corporate tenancies declared in the register,False,2025-05-23,2026-03-17
D-004157,M-01370,South Cambridgeshire District Council,South Cambridgeshire District Council,Buckden,Councillor,Employment,Trade union membership,Trade union membership declared in the register,False,2024-06-27,2025-04-10
D-004158,M-01371,St Ives Town Council,Huntingdonshire District Council,St Neots East,Councillor,Corporate Governance,Sponsorship,Sponsorship declared in the register,False,2023-07-10,2023-10-16
D-004159,M-01371,St Ives Town Council,Huntingdonshire District Council,St Neots East,Councillor,Standards,Membership of a body exercising public functions,Membership of a body exercising public functions declared in the register,False,2024-04-01,2024-10-18
D-004160,M-01371,St Ives Town Council,Huntingdonshire District Council,St Neots East,Councillor,(none),Contracts with the authority,Contracts with the authority declared in the register,False,2023-12-10,2024-04-28
D-004161,M-01371,St Ives Town Council,Huntingdonshire District Council,St Neots East,Councillor,Overview and Scrutiny,Directorship,Directorship declared in the register,False,2023-07-22,2023-09-08
D-004162,M-01371,St Ives Town Council,Huntingdonshire District Council,St Neots East,Councillor,Standards,Membership of a charity or voluntary body,Membership of a charity or voluntary body declared in the register,False,2023-06-02,2024-01-03
D-004163,M-01372,Cambridgeshire County Council,Cambridgeshire County Council,Somersham,Councillor,(none),Membership of a political party,Membership of a political party declared in the register,False,2025-09-20,2026-08-10
D-004164,M-01372,Cambridgeshire County Council,Cambridgeshire County Council,Somersham,Councillor,Employment,Licences to occupy land,Licences to occupy land declared in the register,False,2023-09-15,2023-11-18
D-004165,M-01372,Cambridgeshire County Council,Cambridgeshire County Council,Somersham,Councillor,Finance,"Employment, office, trade or profession",Employment declared in the register,False,2023-08-17,2024-02-05
D-004166,M-01373,Cambridgeshire County Council,Cambridgeshire County Council,St Neots East,Councillor,Employment,Corporate tenancies,Corporate tenancies declared in the register,False,2023-09-08,2024-08-26
D-004167,M-01374,Huntingdon Town Council,Huntingdonshire District Council,Huntingdon North,Councillor,Employment,Trade union membership,Trade union membership declared in the register,False,2023-08-14,2024-05-12
D-004168,M-01374,Huntingdon Town Council,Huntingdonshire District Council,Huntingdon North,Councillor,Planning,Contracts with the authority,Contracts with the authority declared in the register,False,2023-06-03,2024-02-06
D-004169,M-01374,Huntingdon Town Council,Huntingdonshire District Council,Huntingdon North,Councillor,Audit and Governance,Licences to occupy land,Licences to occupy land declared in the register,False,2023-11-05,2023-11-25
D-004170,M-01374,Huntingdon Town Council,Huntingdonshire District Council,Huntingdon North,Councillor,Employment,Trade union membership,Trade union membership declared in the register,False,2025-02-03,2026-02-12
D-004171,M-01374,Huntingdon Town Council,Huntingdonshire District Council,Huntingdon North,Councillor,Standards,Land and property in the area,Land and property in the area declared in the register,False,2024-10-15,2024-12-31
D-004172,M-01375,St Ives Town Council,Huntingdonshire District Council,St Neots East,Councillor,Employment,Contracts with the authority,Contracts with the authority declared in the register,False,2024-05-22,2024-10-29
D-004173,M-01375,St Ives Town Council,Huntingdonshire District Council,St Neots East,Councillor,Licensing,Contracts with the authority,Contracts with the authority declared in the register,False,2024-05-26,2024-08-01
D-004174,M-01375,St Ives Town Council,Huntingdonshire District Council,St Neots East,Councillor,(none),Contracts with the authority,Contracts with the authority declared in the register,False,2023-06-11,2023-10-05
D-004175,M-01375,St Ives Town Council,Huntingdonshire District Council,St Neots East,Councillor,Employment,Membership of a charity or voluntary body,Membership of a charity or voluntary body declared in the register,False,2024-08-17,2025-05-27
D-004176,M-01375,St Ives Town Council,Huntingdonshire District Council,St Neots East,Councillor,Corporate Governance,Sponsorship,Sponsorship declared in the register,False,2023-07-15,2023-09-21
D-004177,M-01376,Huntingdonshire District Council,Huntingdonshire District Council,Huntingdon West,Councillor,Finance,Sponsorship,Sponsorship declared in the register,False,2025-05-23,2025-12-11
D-004178,M-01377,South Cambridgeshire District Council,South Cambridgeshire District Council,Warboys,Committee Member,Finance,Directorship,Directorship declared in the register,False,2024-07-18,2024-08-27
D-004179,M-01377,South Cambridgeshire District Council,South Cambridgeshire District Council,Warboys,Committee Member,(none),Corporate tenancies,Corporate tenancies declared in the register,False,2023-11-14,2024-01-08
D-004180,M-01378,Huntingdonshire District Council,Huntingdonshire District Council,St Ives East,Committee Member,Health and Wellbeing,Contracts with the authority,Contracts with the authority declared in the register,False,2024-02-08,2025-01-26
D-004181,M-01379,St Ives Town Council,Huntingdonshire District Council,Godmanchester,Committee Member,Environment,Contracts with the authority,Contracts with the authority declared in the register,False,2023-07-08,2023-08-10
D-004182,M-01379,St Ives Town Council,Huntingdonshire District Council,Godmanchester,Committee Member,Licensing,Directorship,Directorship declared in the register,False,2025-02-07,2025-06-24
D-004183,M-01380,South Cambridgeshire District Council,South Cambridgeshire District Council,Godmanchester,Councillor,Employment,Membership of a body exercising public functions,Membership of a body exercising public functions declared in the register,False,2025-08-08,2026-04-13
D-004184,M-01381,Ramsey Town Council,Huntingdonshire District Council,Godmanchester,Councillor,Corporate Governance,Sponsorship,Sponsorship declared in the register,False,2023-11-26,2024-07-02
D-004185,M-01382,Ramsey Town Council,Huntingdonshire District Council,Warboys,Councillor,Audit and Governance,"Employment, office, trade or profession",Employment declared in the register,False,2023-09-24,2024-06-28
D-004186,M-01383,South Cambridgeshire District Council,South Cambridgeshire District Council,Godmanchester,Committee Member,Finance,Membership of a body exercising public functions,Membership of a body exercising public functions declared in the register,False,2025-06-16,2026-06-25
D-004187,M-01383,South Cambridgeshire District Council,South Cambridgeshire District Council,Godmanchester,Committee Member,Overview and Scrutiny,Trade union membership,Trade union membership declared in the register,False,2024-11-27,2025-01-09
D-004188,M-01383,South Cambridgeshire District Council,South Cambridgeshire District Council,Godmanchester,Committee Member,Standards,Securities,Securities declared in the register,False,2024-01-24,2024-10-22
D-004189,M-01383,South Cambridgeshire District Council,South Cambridgeshire District Council,Godmanchester,Committee Member,Environment,Securities,Securities declared in the register,False,2024-12-17,2025-08-08
D-004190,M-01383,South Cambridgeshire District Council,South Cambridgeshire District Council,Godmanchester,Committee Member,Corporate Governance,Licences to occupy land,Licences to occupy land declared in the register,False,2024-03-12,2025-03-08
D-004191,M-01384,Cambridgeshire County Council,Cambridgeshire County Council,St Ives South,Committee Member,Corporate Governance,Membership of a body exercising public functions,Membership of a body exercising public functions declared in the register,False,2024-12-30,2025-10-06
D-004192,M-01384,Cambridgeshire County Council,Cambridgeshire County Council,St Ives South,Committee Member,Planning,Sensitive interest (withheld under s.32),,True,2024-12-20,2025-11-21
D-004193,M-01384,Cambridgeshire County Council,Cambridgeshire County Council,St Ives South,Committee Member,Finance,Contracts with the authority,Contracts with the authority declared in the register,False,2024-08-15,2025-04-06
D-004194,M-01384,Cambridgeshire County Council,Cambridgeshire County Council,St Ives South,Committee Member,Audit and Governance,Land and property in the area,Land and property in the area declared in the register,False,2024-01-02,2024-04-28
D-004195,M-01385,St Ives Town Council,Huntingdonshire District Council,St Ives East,Councillor,Planning,Sponsorship,Sponsorship declared in the register,False,2023-11-27,2024-12-10
D-004196,M-01385,St Ives Town Council,Huntingdonshire District Council,St Ives East,Councillor,Finance,Membership of a political party,Membership of a political party declared in the register,False,2025-09-14,2026-07-18
D-004197,M-01385,St Ives Town Council,Huntingdonshire District Council,St Ives East,Councillor,(none),Contracts with the authority,Contracts with the authority declared in the register,False,2024-11-25,2025-05-22
D-004198,M-01386,Ramsey Town Council,Huntingdonshire District Council,Hemingfords,Vice-Chair,Standards,Land and property in the area,Land and property in the area declared in the register,False,2024-05-19,2024-07-03
D-004199,M-01387,St Ives Town Council,Huntingdonshire District Council,Huntingdon East,Councillor,Health and Wellbeing,Directorship,Directorship declared in the register,False,2024-05-07,2025-04-28
D-004200,M-01387,St Ives Town Council,Huntingdonshire District Council,Huntingdon East,Councillor,Audit and Governance,Licences to occupy land,Licences to occupy land declared in the register,False,2023-09-17,2023-12-17
D-004201,M-01388,Huntingdonshire District Council,Huntingdonshire District Council,Huntingdon East,Councillor,Employment,Sensitive interest (withheld under s.32),,True,2023-07-02,2024-07-08
D-004202,M-01388,Huntingdonshire District Council,Huntingdonshire District Council,Huntingdon East,Councillor,Audit and Governance,Corporate tenancies,Corporate tenancies declared in the register,False,2025-03-10,2025-07-01
D-004203,M-01388,Huntingdonshire District Council,Huntingdonshire District Council,Huntingdon East,Councillor,Finance,Directorship,Directorship declared in the register,False,2025-03-25,2025-10-19
D-004204,M-01388,Huntingdonshire District Council,Huntingdonshire District Council,Huntingdon East,Councillor,Corporate Governance,Corporate tenancies,Corporate tenancies declared in the register,False,2024-10-29,2025-01-24
D-004205,M-01388,Huntingdonshire District Council,Huntingdonshire District Council,Huntingdon East,Councillor,Standards,Licences to occupy land,Licences to occupy land declared in the register,False,2023-05-22,2023-07-04
D-004206,M-01389,Huntingdon Town Council,Huntingdonshire District Council,Ramsey,Councillor,Overview and Scrutiny,Trade union membership,Trade union membership declared in the register,False,2024-11-27,2025-02-08
D-004207,M-01390,St Ives Town Council,Huntingdonshire District Council,St Neots Eynesbury,Councillor,Employment,Membership of a body exercising public functions,Membership of a body exercising public functions declared in the register,False,2025-01-17,2025-09-17
D-004208,M-01390,St Ives Town Council,Huntingdonshire District Council,St Neots Eynesbury,Councillor,Corporate Governance,Sponsorship,Sponsorship declared in the register,False,2025-06-11,2025-09-15
D-004209,M-01390,St Ives Town Council,Huntingdonshire District Council,St Neots Eynesbury,Councillor,(none),Directorship,Directorship declared in the register,False,2023-07-14,2023-09-22
D-004210,M-01390,St Ives Town Council,Huntingdonshire District Council,St Neots Eynesbury,Councillor,Audit and Governance,Land and property in the area,Land and property in the area declared in the register,False,2025-04-21,2026-04-18
D-004211,M-01391,Ramsey Town Council,Huntingdonshire District Council,Ramsey,Councillor,Standards,Sensitive interest (withheld under s.32),,True,2023-06-21,2023-12-02
D-004212,M-01391,Ramsey Town Council,Huntingdonshire District Council,Ramsey,Councillor,Licensing,Membership of a body exercising public functions,Membership of a body exercising public functions declared in the register,False,2025-02-05,2025-10-04
D-004213,M-01391,Ramsey Town Council,Huntingdonshire District Council,Ramsey,Councillor,Overview and Scrutiny,Licences to occupy land,Licences to occupy land declared in the register,False,2025-05-06,2026-01-06
D-004214,M-01391,Ramsey Town Council,Huntingdonshire District Council,Ramsey,Councillor,Corporate Governance,Membership of a charity or voluntary body,Membership of a charity or voluntary body declared in the register,False,2024-11-06,2025-07-17
D-004215,M-01391,Ramsey Town Council,Huntingdonshire District Council,Ramsey,Councillor,(none),Securities,Securities declared in the register,False,2024-10-03,2025-02-01
D-004216,M-01392,Ramsey Town Council,Huntingdonshire District Council,Hemingfords,Councillor,Employment,Securities,Securities declared in the register,False,2025-05-18,2025-05-21
D-004217,M-01392,Ramsey Town Council,Huntingdonshire District Council,Hemingfords,Councillor,Licensing,Licences to occupy land,Licences to occupy land declared in the register,False,2023-07-21,2024-03-23
D-004218,M-01392,Ramsey Town Council,Huntingdonshire District Council,Hemingfords,Councillor,Audit and Governance,Membership of a charity or voluntary body,Membership of a charity or voluntary body declared in the register,False,2024-08-09,2024-09-15
D-004219,M-01393,Huntingdon Town Council,Huntingdonshire District Council,St Neots East,Councillor,Audit and Governance,Sponsorship,Sponsorship declared in the register,False,2024-06-16,2024-11-08
D-004220,M-01393,Huntingdon Town Council,Huntingdonshire District Council,St Neots East,Councillor,Standards,Trade union membership,Trade union membership declared in the register,False,2023-07-26,2024-03-06
D-004221,M-01393,Huntingdon Town Council,Huntingdonshire District Council,St Neots East,Councillor,Standards,Land and property in the area,Land and property in the area declared in the register,False,2025-04-14,2025-09-28
D-004222,M-01393,Huntingdon Town Council,Huntingdonshire District Council,St Neots East,Councillor,Overview and Scrutiny,Sponsorship,Sponsorship declared in the register,False,2024-01-03,2024-05-22
D-004223,M-01394,St Ives Town Council,Huntingdonshire District Council,St Neots Eynesbury,Councillor,Audit and Governance,Contracts with the authority,Contracts with the authority declared in the register,False,2024-03-13,2024-08-14
D-004224,M-01394,St Ives Town Council,Huntingdonshire District Council,St Neots Eynesbury,Councillor,Audit and Governance,Securities,Securities declared in the register,False,2025-08-09,2026-02-26
D-004225,M-01394,St Ives Town Council,Huntingdonshire District Council,St Neots Eynesbury,Councillor,Audit and Governance,"Employment, office, trade or profession",Employment declared in the register,False,2023-07-06,2023-11-16
D-004226,M-01394,St Ives Town Council,Huntingdonshire District Council,St Neots Eynesbury,Councillor,Employment,Contracts with the authority,Contracts with the authority declared in the register,False,2024-08-18,2024-09-02
D-004227,M-01395,Ramsey Town Council,Huntingdonshire District Council,Brampton,Vice-Chair,Audit and Governance,Sponsorship,Sponsorship declared in the register,False,2024-03-25,2024-04-21
D-004228,M-01395,Ramsey Town Council,Huntingdonshire District Council,Brampton,Vice-Chair,Licensing,Directorship,Directorship declared in the register,False,2023-05-09,2023-06-19
D-004229,M-01395,Ramsey Town Council,Huntingdonshire District Council,Brampton,Vice-Chair,Planning,Corporate tenancies,Corporate tenancies declared in the register,False,2023-10-22,2024-02-15
D-004230,M-01395,Ramsey Town Council,Huntingdonshire District Council,Brampton,Vice-Chair,Overview and Scrutiny,Securities,Securities declared in the register,False,2023-12-30,2024-03-23
D-004231,M-01395,Ramsey Town Council,Huntingdonshire District Council,Brampton,Vice-Chair,Overview and Scrutiny,Sponsorship,Sponsorship declared in the register,False,2024-12-26,2025-04-17
D-004232,M-01396,South Cambridgeshire District Council,South Cambridgeshire District Council,Huntingdon East,Councillor,Corporate Governance,Membership of a body exercising public functions,Membership of a body exercising public functions declared in the register,False,2025-03-05,2025-07-09
D-004233,M-01397,South Cambridgeshire District Council,South Cambridgeshire District Council,Warboys,Mayor,Planning,Membership of a charity or voluntary body,Membership of a charity or voluntary body declared in the register,False,2024-08-04,2024-12-21
D-004234,M-01397,South Cambridgeshire District Council,South Cambridgeshire District Council,Warboys,Mayor,Corporate Governance,"Employment, office, trade or profession",Employment declared in the register,False,2025-02-02,2025-10-28
D-004235,M-01398,St Ives Town Council,Huntingdonshire District Council,St Neots East,Councillor,Planning,"Employment, office, trade or profession",Employment declared in the register,False,2023-07-21,2023-07-23
D-004236,M-01398,St Ives Town Council,Huntingdonshire District Council,St Neots East,Councillor,Finance,Sensitive interest (withheld under s.32),,True,2025-03-02,2025-12-09
D-004237,M-01398,St Ives Town Council,Huntingdonshire District Council,St Neots East,Councillor,Standards,Securities,Securities declared in the register,False,2024-05-09,2024-10-19
D-004238,M-01399,Huntingdonshire District Council,Huntingdonshire District Council,Little Paxton,Mayor,Finance,Licences to occupy land,Licences to occupy land declared in the register,False,2024-06-30,2025-06-15
D-004239,M-01399,Huntingdonshire District Council,Huntingdonshire District Council,Little Paxton,Mayor,Health and Wellbeing,"Employment, office, trade or profession",Employment declared in the register,False,2025-06-13,2025-12-02
D-004240,M-01399,Huntingdonshire District Council,Huntingdonshire District Council,Little Paxton,Mayor,Planning,Sponsorship,Sponsorship declared in the register,False,2023-08-13,2024-05-16
D-004241,M-01399,Huntingdonshire District Council,Huntingdonshire District Council,Little Paxton,Mayor,Corporate Governance,"Employment, office, trade or profession",Employment declared in the register,False,2023-11-04,2024-09-11
D-004242,M-01399,Huntingdonshire District Council,Huntingdonshire District Council,Little Paxton,Mayor,Licensing,Trade union membership,Trade union membership declared in the register,False,2024-11-28,2025-11-08
D-004243,M-01400,St Ives Town Council,Huntingdonshire District Council,Huntingdon West,Committee Member,Health and Wellbeing,"Employment, office, trade or profession",Employment declared in the register,False,2024-08-23,2025-01-05
D-004244,M-01400,St Ives Town Council,Huntingdonshire District Council,Huntingdon West,Committee Member,Employment,Land and property in the area,Land and property in the area declared in the register,False,2025-09-29,2026-07-27
