business_unit,month,service,workload_count,allocated_cost_gbp,share_of_bu_pct,variance_vs_prior_month_pct
Cards,2025-10-01,API Gateway,1,93.28,0.14,
Cards,2025-10-01,CICS Transaction Server,2,6463.55,9.51,
Cards,2025-10-01,COBOL Batch,2,5341.55,7.86,
Cards,2025-10-01,Container Registry,1,191.16,0.28,
Cards,2025-10-01,Db2 for z/OS,3,11603.46,17.07,
Cards,2025-10-01,F5 Load Balancing,1,358.32,0.53,
Cards,2025-10-01,JCL Scheduler,3,12067.11,17.75,
Cards,2025-10-01,Log Analytics,1,209.87,0.31,
Cards,2025-10-01,MQ for z/OS,1,3225.88,4.75,
Cards,2025-10-01,Machine Learning Platform,2,262.75,0.39,
Cards,2025-10-01,Managed PostgreSQL,1,112.57,0.17,
Cards,2025-10-01,Managed Redis,1,541.64,0.8,
Cards,2025-10-01,Message Queue,2,254.04,0.37,
Cards,2025-10-01,Nagios Monitoring,1,64.12,0.09,
Cards,2025-10-01,NetApp Storage,1,225.35,0.33,
Cards,2025-10-01,Object Storage,2,509.93,0.75,
Cards,2025-10-01,RACF Security,2,8074.89,11.88,
Cards,2025-10-01,Red Hat Enterprise Linux,1,87.8,0.13,
Cards,2025-10-01,SMF Analytics,1,1841.79,2.71,
Cards,2025-10-01,SQL Server,2,970.27,1.43,
Cards,2025-10-01,Secrets Manager,1,206.76,0.3,
Cards,2025-10-01,Streaming Ingest,1,55.3,0.08,
Cards,2025-10-01,Tape Virtualisation,2,7984.31,11.74,
Cards,2025-10-01,VSAM Storage,1,527.51,0.78,
Cards,2025-10-01,WebSphere Application Server,1,96.55,0.14,
Cards,2025-10-01,z/OS Connect,1,6611.59,9.73,
Cards,2025-11-01,API Gateway,1,92.06,0.14,-1.31
Cards,2025-11-01,CICS Transaction Server,2,6068.44,9.51,-6.11
Cards,2025-11-01,COBOL Batch,2,4983.09,7.81,-6.71
Cards,2025-11-01,Container Registry,1,168.98,0.26,-11.6
Cards,2025-11-01,Db2 for z/OS,3,11211.05,17.56,-3.38
Cards,2025-11-01,F5 Load Balancing,1,329.89,0.52,-7.93
Cards,2025-11-01,JCL Scheduler,3,11529.58,18.06,-4.45
Cards,2025-11-01,Log Analytics,1,197.4,0.31,-5.94
Cards,2025-11-01,MQ for z/OS,1,2882.25,4.52,-10.65
Cards,2025-11-01,Machine Learning Platform,2,246.23,0.39,-6.29
Cards,2025-11-01,Managed PostgreSQL,1,103.93,0.16,-7.68
Cards,2025-11-01,Managed Redis,1,525.26,0.82,-3.02
Cards,2025-11-01,Message Queue,2,235.21,0.37,-7.41
Cards,2025-11-01,Nagios Monitoring,1,59.92,0.09,-6.55
Cards,2025-11-01,NetApp Storage,1,211.8,0.33,-6.01
Cards,2025-11-01,Object Storage,2,463.36,0.73,-9.13
Cards,2025-11-01,RACF Security,2,7413.73,11.61,-8.19
Cards,2025-11-01,Red Hat Enterprise Linux,1,84.53,0.13,-3.72
Cards,2025-11-01,SMF Analytics,1,1717.07,2.69,-6.77
Cards,2025-11-01,SQL Server,2,909.34,1.42,-6.28
Cards,2025-11-01,Secrets Manager,1,197.17,0.31,-4.64
Cards,2025-11-01,Streaming Ingest,1,49.34,0.08,-10.78
Cards,2025-11-01,Tape Virtualisation,2,7423.37,11.63,-7.03
Cards,2025-11-01,VSAM Storage,1,482.39,0.76,-8.55
Cards,2025-11-01,WebSphere Application Server,1,89.31,0.14,-7.5
Cards,2025-11-01,z/OS Connect,1,6160.49,9.65,-6.82
Cards,2025-12-01,API Gateway,1,96.06,0.13,4.34
Cards,2025-12-01,CICS Transaction Server,2,6892.91,9.65,13.59
Cards,2025-12-01,COBOL Batch,2,5538.77,7.76,11.15
Cards,2025-12-01,Container Registry,1,190.58,0.27,12.78
Cards,2025-12-01,Db2 for z/OS,3,12183.21,17.06,8.67
Cards,2025-12-01,F5 Load Balancing,1,345.05,0.48,4.6
Cards,2025-12-01,JCL Scheduler,3,12585.28,17.62,9.16
Cards,2025-12-01,Log Analytics,1,209.15,0.29,5.95
Cards,2025-12-01,MQ for z/OS,1,3292.41,4.61,14.23
Cards,2025-12-01,Machine Learning Platform,2,257.87,0.36,4.73
Cards,2025-12-01,Managed PostgreSQL,1,112.59,0.16,8.33
Cards,2025-12-01,Managed Redis,1,557.33,0.78,6.11
Cards,2025-12-01,Message Queue,2,248.41,0.35,5.61
Cards,2025-12-01,Nagios Monitoring,1,63.85,0.09,6.56
Cards,2025-12-01,NetApp Storage,1,230.93,0.32,9.03
Cards,2025-12-01,Object Storage,2,501.43,0.7,8.22
Cards,2025-12-01,RACF Security,2,8546.09,11.97,15.27
Cards,2025-12-01,Red Hat Enterprise Linux,1,89.5,0.13,5.88
Cards,2025-12-01,SMF Analytics,1,1892.66,2.65,10.23
Cards,2025-12-01,SQL Server,2,971.52,1.36,6.84
Cards,2025-12-01,Secrets Manager,1,208.38,0.29,5.69
Cards,2025-12-01,Streaming Ingest,1,54.8,0.08,11.07
Cards,2025-12-01,Tape Virtualisation,2,8534.74,11.95,14.97
Cards,2025-12-01,VSAM Storage,1,527.63,0.74,9.38
Cards,2025-12-01,WebSphere Application Server,1,98.26,0.14,10.02
Cards,2025-12-01,z/OS Connect,1,7187.33,10.06,16.67
Cards,2026-01-01,API Gateway,1,99.19,0.15,3.26
Cards,2026-01-01,CICS Transaction Server,2,6388.1,9.59,-7.32
Cards,2026-01-01,COBOL Batch,2,5182.92,7.78,-6.42
Cards,2026-01-01,Container Registry,1,183.14,0.28,-3.9
Cards,2026-01-01,Db2 for z/OS,3,11403.08,17.13,-6.4
Cards,2026-01-01,F5 Load Balancing,1,343.85,0.52,-0.35
Cards,2026-01-01,JCL Scheduler,3,11839.86,17.78,-5.92
Cards,2026-01-01,Log Analytics,1,214.82,0.32,2.71
Cards,2026-01-01,MQ for z/OS,1,2956.96,4.44,-10.19
Cards,2026-01-01,Machine Learning Platform,2,257.68,0.39,-0.07
Cards,2026-01-01,Managed PostgreSQL,1,109.99,0.17,-2.31
Cards,2026-01-01,Managed Redis,1,551.8,0.83,-0.99
Cards,2026-01-01,Message Queue,2,248.51,0.37,0.04
Cards,2026-01-01,Nagios Monitoring,1,62.69,0.09,-1.82
Cards,2026-01-01,NetApp Storage,1,230.09,0.35,-0.36
Cards,2026-01-01,Object Storage,2,487.5,0.73,-2.78
Cards,2026-01-01,RACF Security,2,7969.02,11.97,-6.75
Cards,2026-01-01,Red Hat Enterprise Linux,1,92.0,0.14,2.79
Cards,2026-01-01,SMF Analytics,1,1751.31,2.63,-7.47
Cards,2026-01-01,SQL Server,2,989.28,1.49,1.83
Cards,2026-01-01,Secrets Manager,1,213.16,0.32,2.29
Cards,2026-01-01,Streaming Ingest,1,52.02,0.08,-5.07
Cards,2026-01-01,Tape Virtualisation,2,7813.75,11.74,-8.45
Cards,2026-01-01,VSAM Storage,1,525.37,0.79,-0.43
Cards,2026-01-01,WebSphere Application Server,1,96.05,0.14,-2.25
Cards,2026-01-01,z/OS Connect,1,6518.92,9.79,-9.3
Cards,2026-02-01,API Gateway,1,85.34,0.14,-13.96
Cards,2026-02-01,CICS Transaction Server,2,5771.94,9.53,-9.65
Cards,2026-02-01,COBOL Batch,2,4664.9,7.7,-9.99
Cards,2026-02-01,Container Registry,1,166.02,0.27,-9.35
Cards,2026-02-01,Db2 for z/OS,3,10734.94,17.72,-5.86
Cards,2026-02-01,F5 Load Balancing,1,311.22,0.51,-9.49
Cards,2026-02-01,JCL Scheduler,3,10797.78,17.83,-8.8
Cards,2026-02-01,Log Analytics,1,191.75,0.32,-10.74
Cards,2026-02-01,MQ for z/OS,1,2734.12,4.51,-7.54
Cards,2026-02-01,Machine Learning Platform,2,235.44,0.39,-8.63
Cards,2026-02-01,Managed PostgreSQL,1,98.24,0.16,-10.68
Cards,2026-02-01,Managed Redis,1,493.96,0.82,-10.48
Cards,2026-02-01,Message Queue,2,224.23,0.37,-9.77
Cards,2026-02-01,Nagios Monitoring,1,58.59,0.1,-6.54
Cards,2026-02-01,NetApp Storage,1,202.02,0.33,-12.2
Cards,2026-02-01,Object Storage,2,438.79,0.72,-9.99
Cards,2026-02-01,RACF Security,2,7097.56,11.72,-10.94
Cards,2026-02-01,Red Hat Enterprise Linux,1,80.65,0.13,-12.34
Cards,2026-02-01,SMF Analytics,1,1551.34,2.56,-11.42
Cards,2026-02-01,SQL Server,2,827.19,1.37,-16.38
Cards,2026-02-01,Secrets Manager,1,193.77,0.32,-9.1
Cards,2026-02-01,Streaming Ingest,1,46.63,0.08,-10.36
Cards,2026-02-01,Tape Virtualisation,2,7115.94,11.75,-8.93
Cards,2026-02-01,VSAM Storage,1,466.4,0.77,-11.22
Cards,2026-02-01,WebSphere Application Server,1,89.17,0.15,-7.16
Cards,2026-02-01,z/OS Connect,1,5889.53,9.72,-9.65
Cards,2026-03-01,API Gateway,1,91.84,0.13,7.62
Cards,2026-03-01,CICS Transaction Server,2,6750.3,9.51,16.95
Cards,2026-03-01,COBOL Batch,2,5612.26,7.91,20.31
Cards,2026-03-01,Container Registry,1,184.29,0.26,11.0
Cards,2026-03-01,Db2 for z/OS,3,12528.06,17.65,16.7
Cards,2026-03-01,F5 Load Balancing,1,344.16,0.48,10.58
Cards,2026-03-01,JCL Scheduler,3,12716.46,17.91,17.77
Cards,2026-03-01,Log Analytics,1,211.27,0.3,10.18
Cards,2026-03-01,MQ for z/OS,1,3250.34,4.58,18.88
Cards,2026-03-01,Machine Learning Platform,2,262.08,0.37,11.31
Cards,2026-03-01,Managed PostgreSQL,1,111.03,0.16,13.02
Cards,2026-03-01,Managed Redis,1,551.93,0.78,11.74
Cards,2026-03-01,Message Queue,2,244.44,0.34,9.01
Cards,2026-03-01,Nagios Monitoring,1,60.55,0.09,3.35
Cards,2026-03-01,NetApp Storage,1,233.44,0.33,15.55
Cards,2026-03-01,Object Storage,2,483.47,0.68,10.18
Cards,2026-03-01,RACF Security,2,8487.88,11.96,19.59
Cards,2026-03-01,Red Hat Enterprise Linux,1,87.76,0.12,8.82
Cards,2026-03-01,SMF Analytics,1,1811.42,2.55,16.76
Cards,2026-03-01,SQL Server,2,972.94,1.37,17.62
Cards,2026-03-01,Secrets Manager,1,205.88,0.29,6.25
Cards,2026-03-01,Streaming Ingest,1,52.65,0.07,12.91
Cards,2026-03-01,Tape Virtualisation,2,8236.34,11.6,15.74
Cards,2026-03-01,VSAM Storage,1,545.41,0.77,16.94
Cards,2026-03-01,WebSphere Application Server,1,94.92,0.13,6.45
Cards,2026-03-01,z/OS Connect,1,6852.21,9.65,16.35
Cards,2026-04-01,API Gateway,1,90.51,0.14,-1.45
Cards,2026-04-01,CICS Transaction Server,2,6204.72,9.4,-8.08
Cards,2026-04-01,COBOL Batch,2,5127.42,7.77,-8.64
Cards,2026-04-01,Container Registry,1,187.71,0.28,1.86
Cards,2026-04-01,Db2 for z/OS,3,11581.69,17.54,-7.55
Cards,2026-04-01,F5 Load Balancing,1,343.04,0.52,-0.33
Cards,2026-04-01,JCL Scheduler,3,11688.48,17.7,-8.08
Cards,2026-04-01,Log Analytics,1,207.94,0.31,-1.58
Cards,2026-04-01,MQ for z/OS,1,2935.2,4.45,-9.7
Cards,2026-04-01,Machine Learning Platform,2,242.64,0.37,-7.42
Cards,2026-04-01,Managed PostgreSQL,1,109.29,0.17,-1.57
Cards,2026-04-01,Managed Redis,1,531.35,0.8,-3.73
Cards,2026-04-01,Message Queue,2,245.77,0.37,0.54
Cards,2026-04-01,Nagios Monitoring,1,63.21,0.1,4.39
Cards,2026-04-01,NetApp Storage,1,220.66,0.33,-5.47
Cards,2026-04-01,Object Storage,2,503.88,0.76,4.22
Cards,2026-04-01,RACF Security,2,8013.68,12.14,-5.59
Cards,2026-04-01,Red Hat Enterprise Linux,1,87.39,0.13,-0.42
Cards,2026-04-01,SMF Analytics,1,1783.18,2.7,-1.56
Cards,2026-04-01,SQL Server,2,963.44,1.46,-0.98
Cards,2026-04-01,Secrets Manager,1,196.74,0.3,-4.44
Cards,2026-04-01,Streaming Ingest,1,49.85,0.08,-5.32
Cards,2026-04-01,Tape Virtualisation,2,7541.48,11.42,-8.44
Cards,2026-04-01,VSAM Storage,1,498.11,0.75,-8.67
Cards,2026-04-01,WebSphere Application Server,1,94.13,0.14,-0.83
Cards,2026-04-01,z/OS Connect,1,6507.24,9.86,-5.03
Cards,2026-05-01,API Gateway,1,92.25,0.14,1.92
Cards,2026-05-01,CICS Transaction Server,2,5914.9,9.13,-4.67
Cards,2026-05-01,COBOL Batch,2,5080.69,7.84,-0.91
Cards,2026-05-01,Container Registry,1,181.03,0.28,-3.56
Cards,2026-05-01,Db2 for z/OS,3,11263.32,17.39,-2.75
Cards,2026-05-01,F5 Load Balancing,1,347.98,0.54,1.44
Cards,2026-05-01,JCL Scheduler,3,11593.11,17.9,-0.82
Cards,2026-05-01,Log Analytics,1,208.74,0.32,0.38
Cards,2026-05-01,MQ for z/OS,1,2869.3,4.43,-2.25
Cards,2026-05-01,Machine Learning Platform,2,248.98,0.38,2.61
Cards,2026-05-01,Managed PostgreSQL,1,107.52,0.17,-1.62
Cards,2026-05-01,Managed Redis,1,540.78,0.83,1.77
Cards,2026-05-01,Message Queue,2,247.96,0.38,0.89
Cards,2026-05-01,Nagios Monitoring,1,63.39,0.1,0.28
Cards,2026-05-01,NetApp Storage,1,222.28,0.34,0.73
Cards,2026-05-01,Object Storage,2,489.64,0.76,-2.83
Cards,2026-05-01,RACF Security,2,7859.38,12.13,-1.93
Cards,2026-05-01,Red Hat Enterprise Linux,1,86.02,0.13,-1.57
Cards,2026-05-01,SMF Analytics,1,1736.87,2.68,-2.6
Cards,2026-05-01,SQL Server,2,938.75,1.45,-2.56
Cards,2026-05-01,Secrets Manager,1,206.94,0.32,5.18
Cards,2026-05-01,Streaming Ingest,1,50.27,0.08,0.84
Cards,2026-05-01,Tape Virtualisation,2,7464.48,11.52,-1.02
Cards,2026-05-01,VSAM Storage,1,508.7,0.79,2.13
Cards,2026-05-01,WebSphere Application Server,1,96.02,0.15,2.01
Cards,2026-05-01,z/OS Connect,1,6348.6,9.8,-2.44
Cards,2026-06-01,API Gateway,1,95.33,0.14,3.34
Cards,2026-06-01,CICS Transaction Server,2,6682.12,9.56,12.97
Cards,2026-06-01,COBOL Batch,2,5406.38,7.74,6.41
Cards,2026-06-01,Container Registry,1,178.41,0.26,-1.45
Cards,2026-06-01,Db2 for z/OS,3,12622.26,18.06,12.07
Cards,2026-06-01,F5 Load Balancing,1,325.84,0.47,-6.36
Cards,2026-06-01,JCL Scheduler,3,12453.06,17.82,7.42
Cards,2026-06-01,Log Analytics,1,211.27,0.3,1.21
Cards,2026-06-01,MQ for z/OS,1,3021.96,4.32,5.32
Cards,2026-06-01,Machine Learning Platform,2,250.67,0.36,0.68
Cards,2026-06-01,Managed PostgreSQL,1,106.85,0.15,-0.62
Cards,2026-06-01,Managed Redis,1,535.64,0.77,-0.95
Cards,2026-06-01,Message Queue,2,243.61,0.35,-1.75
Cards,2026-06-01,Nagios Monitoring,1,61.94,0.09,-2.29
Cards,2026-06-01,NetApp Storage,1,223.14,0.32,0.39
Cards,2026-06-01,Object Storage,2,492.01,0.7,0.48
Cards,2026-06-01,RACF Security,2,8053.07,11.52,2.46
Cards,2026-06-01,Red Hat Enterprise Linux,1,88.32,0.13,2.67
Cards,2026-06-01,SMF Analytics,1,1848.66,2.65,6.44
Cards,2026-06-01,SQL Server,2,907.27,1.3,-3.35
Cards,2026-06-01,Secrets Manager,1,195.16,0.28,-5.69
Cards,2026-06-01,Streaming Ingest,1,50.75,0.07,0.95
Cards,2026-06-01,Tape Virtualisation,2,8298.95,11.87,11.18
Cards,2026-06-01,VSAM Storage,1,524.11,0.75,3.03
Cards,2026-06-01,WebSphere Application Server,1,91.42,0.13,-4.79
Cards,2026-06-01,z/OS Connect,1,6922.68,9.9,9.04
Cards,2026-07-01,API Gateway,1,100.72,0.15,5.65
Cards,2026-07-01,CICS Transaction Server,2,6504.03,9.48,-2.67
Cards,2026-07-01,COBOL Batch,2,5308.81,7.74,-1.8
Cards,2026-07-01,Container Registry,1,177.53,0.26,-0.49
Cards,2026-07-01,Db2 for z/OS,3,12026.43,17.52,-4.72
Cards,2026-07-01,F5 Load Balancing,1,344.09,0.5,5.6
Cards,2026-07-01,JCL Scheduler,3,12242.33,17.84,-1.69
Cards,2026-07-01,Log Analytics,1,217.56,0.32,2.98
Cards,2026-07-01,MQ for z/OS,1,3148.38,4.59,4.18
Cards,2026-07-01,Machine Learning Platform,2,268.68,0.39,7.18
Cards,2026-07-01,Managed PostgreSQL,1,108.69,0.16,1.72
Cards,2026-07-01,Managed Redis,1,569.54,0.83,6.33
Cards,2026-07-01,Message Queue,2,252.31,0.37,3.57
Cards,2026-07-01,Nagios Monitoring,1,64.93,0.09,4.83
Cards,2026-07-01,NetApp Storage,1,236.99,0.35,6.21
Cards,2026-07-01,Object Storage,2,503.15,0.73,2.26
Cards,2026-07-01,RACF Security,2,7988.03,11.64,-0.81
Cards,2026-07-01,Red Hat Enterprise Linux,1,90.02,0.13,1.92
Cards,2026-07-01,SMF Analytics,1,1897.37,2.76,2.63
Cards,2026-07-01,SQL Server,2,930.74,1.36,2.59
Cards,2026-07-01,Secrets Manager,1,215.7,0.31,10.52
Cards,2026-07-01,Streaming Ingest,1,54.78,0.08,7.94
Cards,2026-07-01,Tape Virtualisation,2,7972.58,11.62,-3.93
Cards,2026-07-01,VSAM Storage,1,533.83,0.78,1.85
Cards,2026-07-01,WebSphere Application Server,1,98.62,0.14,7.88
Cards,2026-07-01,z/OS Connect,1,6777.69,9.88,-2.09
Cards,2026-08-01,API Gateway,1,89.44,0.14,-11.2
Cards,2026-08-01,CICS Transaction Server,2,6306.4,9.54,-3.04
Cards,2026-08-01,COBOL Batch,2,5174.75,7.83,-2.53
Cards,2026-08-01,Container Registry,1,182.79,0.28,2.96
Cards,2026-08-01,Db2 for z/OS,3,11740.33,17.77,-2.38
Cards,2026-08-01,F5 Load Balancing,1,342.76,0.52,-0.39
Cards,2026-08-01,JCL Scheduler,3,11492.52,17.39,-6.12
Cards,2026-08-01,Log Analytics,1,202.67,0.31,-6.84
Cards,2026-08-01,MQ for z/OS,1,3055.2,4.62,-2.96
Cards,2026-08-01,Machine Learning Platform,2,260.38,0.39,-3.09
Cards,2026-08-01,Managed PostgreSQL,1,108.97,0.16,0.26
Cards,2026-08-01,Managed Redis,1,550.38,0.83,-3.36
Cards,2026-08-01,Message Queue,2,244.48,0.37,-3.1
Cards,2026-08-01,Nagios Monitoring,1,63.14,0.1,-2.76
Cards,2026-08-01,NetApp Storage,1,210.62,0.32,-11.13
Cards,2026-08-01,Object Storage,2,480.44,0.73,-4.51
Cards,2026-08-01,RACF Security,2,7868.51,11.91,-1.5
Cards,2026-08-01,Red Hat Enterprise Linux,1,88.19,0.13,-2.03
Cards,2026-08-01,SMF Analytics,1,1771.43,2.68,-6.64
Cards,2026-08-01,SQL Server,2,948.47,1.44,1.9
Cards,2026-08-01,Secrets Manager,1,202.07,0.31,-6.32
Cards,2026-08-01,Streaming Ingest,1,50.15,0.08,-8.45
Cards,2026-08-01,Tape Virtualisation,2,7702.52,11.66,-3.39
Cards,2026-08-01,VSAM Storage,1,502.21,0.76,-5.92
Cards,2026-08-01,WebSphere Application Server,1,94.58,0.14,-4.1
Cards,2026-08-01,z/OS Connect,1,6353.17,9.61,-6.26
Cards,2026-09-01,API Gateway,1,94.93,0.14,6.14
Cards,2026-09-01,CICS Transaction Server,2,6779.1,9.73,7.5
Cards,2026-09-01,COBOL Batch,2,5475.15,7.86,5.81
Cards,2026-09-01,Container Registry,1,184.04,0.26,0.68
Cards,2026-09-01,Db2 for z/OS,3,11964.06,17.17,1.91
Cards,2026-09-01,F5 Load Balancing,1,333.08,0.48,-2.82
Cards,2026-09-01,JCL Scheduler,3,12442.54,17.86,8.27
Cards,2026-09-01,Log Analytics,1,205.99,0.3,1.64
Cards,2026-09-01,MQ for z/OS,1,3146.01,4.52,2.97
Cards,2026-09-01,Machine Learning Platform,2,249.57,0.36,-4.15
Cards,2026-09-01,Managed PostgreSQL,1,110.2,0.16,1.13
Cards,2026-09-01,Managed Redis,1,549.12,0.79,-0.23
Cards,2026-09-01,Message Queue,2,239.99,0.34,-1.84
Cards,2026-09-01,Nagios Monitoring,1,60.15,0.09,-4.74
Cards,2026-09-01,NetApp Storage,1,223.81,0.32,6.26
Cards,2026-09-01,Object Storage,2,492.77,0.71,2.57
Cards,2026-09-01,RACF Security,2,8101.9,11.63,2.97
Cards,2026-09-01,Red Hat Enterprise Linux,1,89.43,0.13,1.41
Cards,2026-09-01,SMF Analytics,1,1876.01,2.69,5.9
Cards,2026-09-01,SQL Server,2,947.53,1.36,-0.1
Cards,2026-09-01,Secrets Manager,1,200.26,0.29,-0.9
Cards,2026-09-01,Streaming Ingest,1,49.95,0.07,-0.4
Cards,2026-09-01,Tape Virtualisation,2,8366.16,12.01,8.62
Cards,2026-09-01,VSAM Storage,1,515.2,0.74,2.59
Cards,2026-09-01,WebSphere Application Server,1,91.41,0.13,-3.35
Cards,2026-09-01,z/OS Connect,1,6885.95,9.88,8.39
Collections,2025-10-01,API Gateway,1,62.14,0.11,
Collections,2025-10-01,Active Directory,1,323.9,0.59,
Collections,2025-10-01,Block Storage,1,142.61,0.26,
Collections,2025-10-01,CICS Transaction Server,4,14852.69,26.89,
Collections,2025-10-01,Compute Instances,1,51.84,0.09,
Collections,2025-10-01,Content Delivery,1,105.61,0.19,
Collections,2025-10-01,Data Warehouse,2,270.5,0.49,
Collections,2025-10-01,Db2 for z/OS,1,835.57,1.51,
Collections,2025-10-01,IMS Transaction Manager,3,7087.33,12.83,
Collections,2025-10-01,JCL Scheduler,3,9674.67,17.51,
Collections,2025-10-01,Kubernetes Service,1,203.49,0.37,
Collections,2025-10-01,Log Analytics,2,155.94,0.28,
Collections,2025-10-01,Machine Learning Platform,1,54.31,0.1,
Collections,2025-10-01,Managed Redis,2,443.27,0.8,
Collections,2025-10-01,Message Queue,1,46.89,0.08,
Collections,2025-10-01,Nagios Monitoring,2,634.69,1.15,
Collections,2025-10-01,NetApp Storage,3,475.85,0.86,
Collections,2025-10-01,Object Storage,2,385.51,0.7,
Collections,2025-10-01,Oracle Database,2,369.14,0.67,
Collections,2025-10-01,RACF Security,1,8972.36,16.24,
Collections,2025-10-01,Red Hat Enterprise Linux,2,485.31,0.88,
Collections,2025-10-01,SMF Analytics,1,688.01,1.25,
Collections,2025-10-01,SQL Server,2,500.58,0.91,
Collections,2025-10-01,Secrets Manager,1,139.87,0.25,
Collections,2025-10-01,Streaming Ingest,2,219.43,0.4,
Collections,2025-10-01,Sysplex Coupling,3,6000.62,10.86,
Collections,2025-10-01,Tomcat,3,673.43,1.22,
Collections,2025-10-01,VSAM Storage,1,649.01,1.17,
Collections,2025-10-01,Veeam Backup,2,735.75,1.33,
Collections,2025-11-01,API Gateway,1,57.24,0.11,-7.89
Collections,2025-11-01,Active Directory,1,306.08,0.6,-5.5
Collections,2025-11-01,Block Storage,1,130.55,0.25,-8.46
Collections,2025-11-01,CICS Transaction Server,4,14100.54,27.43,-5.06
Collections,2025-11-01,Compute Instances,1,48.16,0.09,-7.1
Collections,2025-11-01,Content Delivery,1,99.75,0.19,-5.55
Collections,2025-11-01,Data Warehouse,2,251.54,0.49,-7.01
Collections,2025-11-01,Db2 for z/OS,1,786.43,1.53,-5.88
Collections,2025-11-01,IMS Transaction Manager,3,6444.88,12.54,-9.06
Collections,2025-11-01,JCL Scheduler,3,9154.29,17.81,-5.38
Collections,2025-11-01,Kubernetes Service,1,189.02,0.37,-7.11
Collections,2025-11-01,Log Analytics,2,143.84,0.28,-7.76
Collections,2025-11-01,Machine Learning Platform,1,51.12,0.1,-5.87
Collections,2025-11-01,Managed Redis,2,424.5,0.83,-4.23
Collections,2025-11-01,Message Queue,1,42.76,0.08,-8.81
Collections,2025-11-01,Nagios Monitoring,2,601.66,1.17,-5.2
Collections,2025-11-01,NetApp Storage,3,427.68,0.83,-10.12
Collections,2025-11-01,Object Storage,2,371.81,0.72,-3.55
Collections,2025-11-01,Oracle Database,2,350.39,0.68,-5.08
Collections,2025-11-01,RACF Security,1,8037.28,15.64,-10.42
Collections,2025-11-01,Red Hat Enterprise Linux,2,449.39,0.87,-7.4
Collections,2025-11-01,SMF Analytics,1,614.22,1.19,-10.73
Collections,2025-11-01,SQL Server,2,464.78,0.9,-7.15
Collections,2025-11-01,Secrets Manager,1,128.68,0.25,-8.0
Collections,2025-11-01,Streaming Ingest,2,205.59,0.4,-6.31
Collections,2025-11-01,Sysplex Coupling,3,5589.39,10.87,-6.85
Collections,2025-11-01,Tomcat,3,628.87,1.22,-6.62
Collections,2025-11-01,VSAM Storage,1,595.57,1.16,-8.23
Collections,2025-11-01,Veeam Backup,2,707.46,1.38,-3.85
Collections,2025-12-01,API Gateway,1,63.2,0.11,10.41
Collections,2025-12-01,Active Directory,1,337.51,0.59,10.27
Collections,2025-12-01,Block Storage,1,138.47,0.24,6.07
Collections,2025-12-01,CICS Transaction Server,4,15631.82,27.44,10.86
Collections,2025-12-01,Compute Instances,1,50.7,0.09,5.27
Collections,2025-12-01,Content Delivery,1,98.96,0.17,-0.79
Collections,2025-12-01,Data Warehouse,2,268.14,0.47,6.6
Collections,2025-12-01,Db2 for z/OS,1,873.83,1.53,11.11
Collections,2025-12-01,IMS Transaction Manager,3,7485.89,13.14,16.15
Collections,2025-12-01,JCL Scheduler,3,9815.19,17.23,7.22
Collections,2025-12-01,Kubernetes Service,1,199.43,0.35,5.51
Collections,2025-12-01,Log Analytics,2,155.97,0.27,8.43
Collections,2025-12-01,Machine Learning Platform,1,50.7,0.09,-0.82
Collections,2025-12-01,Managed Redis,2,458.1,0.8,7.92
Collections,2025-12-01,Message Queue,1,45.79,0.08,7.09
Collections,2025-12-01,Nagios Monitoring,2,647.21,1.14,7.57
Collections,2025-12-01,NetApp Storage,3,468.63,0.82,9.57
Collections,2025-12-01,Object Storage,2,392.7,0.69,5.62
Collections,2025-12-01,Oracle Database,2,376.16,0.66,7.35
Collections,2025-12-01,RACF Security,1,9234.81,16.21,14.9
Collections,2025-12-01,Red Hat Enterprise Linux,2,487.59,0.86,8.5
Collections,2025-12-01,SMF Analytics,1,710.42,1.25,15.66
Collections,2025-12-01,SQL Server,2,495.79,0.87,6.67
Collections,2025-12-01,Secrets Manager,1,139.45,0.24,8.37
Collections,2025-12-01,Streaming Ingest,2,223.75,0.39,8.83
Collections,2025-12-01,Sysplex Coupling,3,6010.64,10.55,7.54
Collections,2025-12-01,Tomcat,3,666.24,1.17,5.94
Collections,2025-12-01,VSAM Storage,1,686.7,1.21,15.3
Collections,2025-12-01,Veeam Backup,2,760.28,1.33,7.47
Collections,2026-01-01,API Gateway,1,60.51,0.11,-4.26
Collections,2026-01-01,Active Directory,1,316.23,0.59,-6.3
Collections,2026-01-01,Block Storage,1,138.85,0.26,0.27
Collections,2026-01-01,CICS Transaction Server,4,14954.58,27.76,-4.33
Collections,2026-01-01,Compute Instances,1,52.04,0.1,2.64
Collections,2026-01-01,Content Delivery,1,99.5,0.18,0.55
Collections,2026-01-01,Data Warehouse,2,262.21,0.49,-2.21
Collections,2026-01-01,Db2 for z/OS,1,839.97,1.56,-3.87
Collections,2026-01-01,IMS Transaction Manager,3,7037.13,13.06,-5.99
Collections,2026-01-01,JCL Scheduler,3,9185.54,17.05,-6.42
Collections,2026-01-01,Kubernetes Service,1,197.52,0.37,-0.96
Collections,2026-01-01,Log Analytics,2,153.72,0.29,-1.44
Collections,2026-01-01,Machine Learning Platform,1,53.33,0.1,5.19
Collections,2026-01-01,Managed Redis,2,446.79,0.83,-2.47
Collections,2026-01-01,Message Queue,1,47.92,0.09,4.65
Collections,2026-01-01,Nagios Monitoring,2,645.44,1.2,-0.27
Collections,2026-01-01,NetApp Storage,3,461.87,0.86,-1.44
Collections,2026-01-01,Object Storage,2,370.14,0.69,-5.74
Collections,2026-01-01,Oracle Database,2,378.24,0.7,0.55
Collections,2026-01-01,RACF Security,1,8367.66,15.53,-9.39
Collections,2026-01-01,Red Hat Enterprise Linux,2,471.39,0.87,-3.32
Collections,2026-01-01,SMF Analytics,1,671.23,1.25,-5.52
Collections,2026-01-01,SQL Server,2,492.26,0.91,-0.71
Collections,2026-01-01,Secrets Manager,1,137.29,0.25,-1.55
Collections,2026-01-01,Streaming Ingest,2,219.45,0.41,-1.92
Collections,2026-01-01,Sysplex Coupling,3,5763.36,10.7,-4.11
Collections,2026-01-01,Tomcat,3,669.65,1.24,0.51
Collections,2026-01-01,VSAM Storage,1,636.3,1.18,-7.34
Collections,2026-01-01,Veeam Backup,2,750.11,1.39,-1.34
Collections,2026-02-01,API Gateway,1,57.52,0.12,-4.94
Collections,2026-02-01,Active Directory,1,293.81,0.61,-7.09
Collections,2026-02-01,Block Storage,1,128.31,0.26,-7.59
Collections,2026-02-01,CICS Transaction Server,4,13069.13,26.92,-12.61
Collections,2026-02-01,Compute Instances,1,45.62,0.09,-12.34
Collections,2026-02-01,Content Delivery,1,88.84,0.18,-10.71
Collections,2026-02-01,Data Warehouse,2,240.2,0.49,-8.39
Collections,2026-02-01,Db2 for z/OS,1,710.32,1.46,-15.44
Collections,2026-02-01,IMS Transaction Manager,3,6337.46,13.06,-9.94
Collections,2026-02-01,JCL Scheduler,3,8452.27,17.41,-7.98
Collections,2026-02-01,Kubernetes Service,1,182.08,0.38,-7.82
Collections,2026-02-01,Log Analytics,2,141.06,0.29,-8.24
Collections,2026-02-01,Machine Learning Platform,1,49.01,0.1,-8.1
Collections,2026-02-01,Managed Redis,2,404.58,0.83,-9.45
Collections,2026-02-01,Message Queue,1,40.77,0.08,-14.92
Collections,2026-02-01,Nagios Monitoring,2,576.26,1.19,-10.72
Collections,2026-02-01,NetApp Storage,3,412.75,0.85,-10.64
Collections,2026-02-01,Object Storage,2,340.42,0.7,-8.03
Collections,2026-02-01,Oracle Database,2,337.41,0.7,-10.79
Collections,2026-02-01,RACF Security,1,7679.32,15.82,-8.23
Collections,2026-02-01,Red Hat Enterprise Linux,2,424.71,0.87,-9.9
Collections,2026-02-01,SMF Analytics,1,595.43,1.23,-11.29
Collections,2026-02-01,SQL Server,2,452.85,0.93,-8.01
Collections,2026-02-01,Secrets Manager,1,126.24,0.26,-8.05
Collections,2026-02-01,Streaming Ingest,2,193.08,0.4,-12.02
Collections,2026-02-01,Sysplex Coupling,3,5313.18,10.95,-7.81
Collections,2026-02-01,Tomcat,3,594.55,1.22,-11.21
Collections,2026-02-01,VSAM Storage,1,571.62,1.18,-10.17
Collections,2026-02-01,Veeam Backup,2,681.77,1.4,-9.11
Collections,2026-03-01,API Gateway,1,62.53,0.11,8.71
Collections,2026-03-01,Active Directory,1,328.37,0.59,11.76
Collections,2026-03-01,Block Storage,1,140.41,0.25,9.43
Collections,2026-03-01,CICS Transaction Server,4,15239.84,27.27,16.61
Collections,2026-03-01,Compute Instances,1,50.48,0.09,10.65
Collections,2026-03-01,Content Delivery,1,99.69,0.18,12.21
Collections,2026-03-01,Data Warehouse,2,260.04,0.47,8.26
Collections,2026-03-01,Db2 for z/OS,1,875.09,1.57,23.2
Collections,2026-03-01,IMS Transaction Manager,3,7327.16,13.11,15.62
Collections,2026-03-01,JCL Scheduler,3,9837.09,17.6,16.38
Collections,2026-03-01,Kubernetes Service,1,204.87,0.37,12.52
Collections,2026-03-01,Log Analytics,2,153.46,0.27,8.79
Collections,2026-03-01,Machine Learning Platform,1,53.09,0.09,8.32
Collections,2026-03-01,Managed Redis,2,436.56,0.78,7.9
Collections,2026-03-01,Message Queue,1,46.36,0.08,13.71
Collections,2026-03-01,Nagios Monitoring,2,652.08,1.17,13.16
Collections,2026-03-01,NetApp Storage,3,467.34,0.84,13.23
Collections,2026-03-01,Object Storage,2,394.22,0.71,15.8
Collections,2026-03-01,Oracle Database,2,376.82,0.67,11.68
Collections,2026-03-01,RACF Security,1,8698.15,15.56,13.27
Collections,2026-03-01,Red Hat Enterprise Linux,2,464.61,0.83,9.39
Collections,2026-03-01,SMF Analytics,1,673.2,1.2,13.06
Collections,2026-03-01,SQL Server,2,481.52,0.86,6.33
Collections,2026-03-01,Secrets Manager,1,132.79,0.24,5.19
Collections,2026-03-01,Streaming Ingest,2,223.62,0.4,15.82
Collections,2026-03-01,Sysplex Coupling,3,6099.0,10.91,14.79
Collections,2026-03-01,Tomcat,3,662.29,1.18,11.39
Collections,2026-03-01,VSAM Storage,1,713.34,1.28,24.79
Collections,2026-03-01,Veeam Backup,2,738.76,1.32,8.36
Collections,2026-04-01,API Gateway,1,62.6,0.12,0.11
Collections,2026-04-01,Active Directory,1,310.37,0.58,-5.48
Collections,2026-04-01,Block Storage,1,131.61,0.25,-6.27
Collections,2026-04-01,CICS Transaction Server,4,14304.2,26.92,-6.14
Collections,2026-04-01,Compute Instances,1,47.99,0.09,-4.93
Collections,2026-04-01,Content Delivery,1,97.37,0.18,-2.33
Collections,2026-04-01,Data Warehouse,2,260.91,0.49,0.33
Collections,2026-04-01,Db2 for z/OS,1,827.54,1.56,-5.43
Collections,2026-04-01,IMS Transaction Manager,3,6855.82,12.9,-6.43
Collections,2026-04-01,JCL Scheduler,3,9469.4,17.82,-3.74
Collections,2026-04-01,Kubernetes Service,1,198.5,0.37,-3.11
Collections,2026-04-01,Log Analytics,2,150.76,0.28,-1.76
Collections,2026-04-01,Machine Learning Platform,1,49.89,0.09,-6.03
Collections,2026-04-01,Managed Redis,2,442.23,0.83,1.3
Collections,2026-04-01,Message Queue,1,44.62,0.08,-3.75
Collections,2026-04-01,Nagios Monitoring,2,617.03,1.16,-5.38
Collections,2026-04-01,NetApp Storage,3,458.48,0.86,-1.9
Collections,2026-04-01,Object Storage,2,375.36,0.71,-4.78
Collections,2026-04-01,Oracle Database,2,355.69,0.67,-5.61
Collections,2026-04-01,RACF Security,1,8364.11,15.74,-3.84
Collections,2026-04-01,Red Hat Enterprise Linux,2,460.28,0.87,-0.93
Collections,2026-04-01,SMF Analytics,1,653.87,1.23,-2.87
Collections,2026-04-01,SQL Server,2,467.65,0.88,-2.88
Collections,2026-04-01,Secrets Manager,1,133.93,0.25,0.86
Collections,2026-04-01,Streaming Ingest,2,216.35,0.41,-3.25
Collections,2026-04-01,Sysplex Coupling,3,5809.37,10.93,-4.75
Collections,2026-04-01,Tomcat,3,628.53,1.18,-5.1
Collections,2026-04-01,VSAM Storage,1,621.01,1.17,-12.94
Collections,2026-04-01,Veeam Backup,2,717.01,1.35,-2.94
Collections,2026-05-01,API Gateway,1,64.83,0.12,3.56
Collections,2026-05-01,Active Directory,1,320.79,0.61,3.36
Collections,2026-05-01,Block Storage,1,135.93,0.26,3.28
Collections,2026-05-01,CICS Transaction Server,4,14218.84,27.05,-0.6
Collections,2026-05-01,Compute Instances,1,49.73,0.09,3.63
Collections,2026-05-01,Content Delivery,1,101.27,0.19,4.01
Collections,2026-05-01,Data Warehouse,2,261.4,0.5,0.19
Collections,2026-05-01,Db2 for z/OS,1,824.15,1.57,-0.41
Collections,2026-05-01,IMS Transaction Manager,3,6842.94,13.02,-0.19
Collections,2026-05-01,JCL Scheduler,3,9239.21,17.58,-2.43
Collections,2026-05-01,Kubernetes Service,1,199.21,0.38,0.36
Collections,2026-05-01,Log Analytics,2,152.77,0.29,1.33
Collections,2026-05-01,Machine Learning Platform,1,52.24,0.1,4.71
Collections,2026-05-01,Managed Redis,2,440.92,0.84,-0.3
Collections,2026-05-01,Message Queue,1,44.54,0.08,-0.18
Collections,2026-05-01,Nagios Monitoring,2,640.32,1.22,3.77
Collections,2026-05-01,NetApp Storage,3,458.89,0.87,0.09
Collections,2026-05-01,Object Storage,2,381.23,0.73,1.56
Collections,2026-05-01,Oracle Database,2,369.43,0.7,3.86
Collections,2026-05-01,RACF Security,1,8239.39,15.68,-1.49
Collections,2026-05-01,Red Hat Enterprise Linux,2,467.69,0.89,1.61
Collections,2026-05-01,SMF Analytics,1,645.34,1.23,-1.3
Collections,2026-05-01,SQL Server,2,473.87,0.9,1.33
Collections,2026-05-01,Secrets Manager,1,134.87,0.26,0.7
Collections,2026-05-01,Streaming Ingest,2,221.26,0.42,2.27
Collections,2026-05-01,Sysplex Coupling,3,5582.33,10.62,-3.91
Collections,2026-05-01,Tomcat,3,643.01,1.22,2.3
Collections,2026-05-01,VSAM Storage,1,613.81,1.17,-1.16
Collections,2026-05-01,Veeam Backup,2,739.59,1.41,3.15
Collections,2026-06-01,API Gateway,1,61.17,0.11,-5.65
Collections,2026-06-01,Active Directory,1,317.0,0.57,-1.18
Collections,2026-06-01,Block Storage,1,130.26,0.23,-4.17
Collections,2026-06-01,CICS Transaction Server,4,15036.93,26.86,5.75
Collections,2026-06-01,Compute Instances,1,49.01,0.09,-1.45
Collections,2026-06-01,Content Delivery,1,95.08,0.17,-6.11
Collections,2026-06-01,Data Warehouse,2,255.01,0.46,-2.44
Collections,2026-06-01,Db2 for z/OS,1,824.82,1.47,0.08
Collections,2026-06-01,IMS Transaction Manager,3,7390.41,13.2,8.0
Collections,2026-06-01,JCL Scheduler,3,9978.65,17.83,8.0
Collections,2026-06-01,Kubernetes Service,1,194.48,0.35,-2.37
Collections,2026-06-01,Log Analytics,2,148.62,0.27,-2.72
Collections,2026-06-01,Machine Learning Platform,1,50.48,0.09,-3.37
Collections,2026-06-01,Managed Redis,2,432.86,0.77,-1.83
Collections,2026-06-01,Message Queue,1,43.96,0.08,-1.3
Collections,2026-06-01,Nagios Monitoring,2,616.55,1.1,-3.71
Collections,2026-06-01,NetApp Storage,3,467.97,0.84,1.98
Collections,2026-06-01,Object Storage,2,366.96,0.66,-3.74
Collections,2026-06-01,Oracle Database,2,371.13,0.66,0.46
Collections,2026-06-01,RACF Security,1,9121.64,16.29,10.71
Collections,2026-06-01,Red Hat Enterprise Linux,2,465.89,0.83,-0.38
Collections,2026-06-01,SMF Analytics,1,661.52,1.18,2.51
Collections,2026-06-01,SQL Server,2,486.67,0.87,2.7
Collections,2026-06-01,Secrets Manager,1,128.92,0.23,-4.41
Collections,2026-06-01,Streaming Ingest,2,214.77,0.38,-2.93
Collections,2026-06-01,Sysplex Coupling,3,6027.11,10.77,7.97
Collections,2026-06-01,Tomcat,3,646.09,1.15,0.48
Collections,2026-06-01,VSAM Storage,1,647.97,1.16,5.57
Collections,2026-06-01,Veeam Backup,2,748.21,1.34,1.17
Collections,2026-07-01,API Gateway,1,62.08,0.11,1.49
Collections,2026-07-01,Active Directory,1,332.05,0.6,4.75
Collections,2026-07-01,Block Storage,1,139.27,0.25,6.92
Collections,2026-07-01,CICS Transaction Server,4,15047.31,27.08,0.07
Collections,2026-07-01,Compute Instances,1,50.94,0.09,3.94
Collections,2026-07-01,Content Delivery,1,105.42,0.19,10.88
Collections,2026-07-01,Data Warehouse,2,267.36,0.48,4.84
Collections,2026-07-01,Db2 for z/OS,1,855.97,1.54,3.78
Collections,2026-07-01,IMS Transaction Manager,3,7212.92,12.98,-2.4
Collections,2026-07-01,JCL Scheduler,3,9767.33,17.58,-2.12
Collections,2026-07-01,Kubernetes Service,1,203.96,0.37,4.87
Collections,2026-07-01,Log Analytics,2,158.15,0.28,6.41
Collections,2026-07-01,Machine Learning Platform,1,53.97,0.1,6.91
Collections,2026-07-01,Managed Redis,2,430.6,0.77,-0.52
Collections,2026-07-01,Message Queue,1,46.4,0.08,5.55
Collections,2026-07-01,Nagios Monitoring,2,653.0,1.18,5.91
Collections,2026-07-01,NetApp Storage,3,474.54,0.85,1.4
Collections,2026-07-01,Object Storage,2,379.6,0.68,3.44
Collections,2026-07-01,Oracle Database,2,376.56,0.68,1.46
Collections,2026-07-01,RACF Security,1,8933.51,16.08,-2.06
Collections,2026-07-01,Red Hat Enterprise Linux,2,491.47,0.88,5.49
Collections,2026-07-01,SMF Analytics,1,660.53,1.19,-0.15
Collections,2026-07-01,SQL Server,2,494.05,0.89,1.52
Collections,2026-07-01,Secrets Manager,1,133.76,0.24,3.75
Collections,2026-07-01,Streaming Ingest,2,227.36,0.41,5.86
Collections,2026-07-01,Sysplex Coupling,3,5927.84,10.67,-1.65
Collections,2026-07-01,Tomcat,3,667.6,1.2,3.33
Collections,2026-07-01,VSAM Storage,1,646.95,1.16,-0.16
Collections,2026-07-01,Veeam Backup,2,769.93,1.39,2.9
Collections,2026-08-01,API Gateway,1,61.66,0.11,-0.68
Collections,2026-08-01,Active Directory,1,326.05,0.61,-1.81
Collections,2026-08-01,Block Storage,1,132.91,0.25,-4.57
Collections,2026-08-01,CICS Transaction Server,4,14561.23,27.16,-3.23
Collections,2026-08-01,Compute Instances,1,48.52,0.09,-4.75
Collections,2026-08-01,Content Delivery,1,100.03,0.19,-5.11
Collections,2026-08-01,Data Warehouse,2,261.28,0.49,-2.27
Collections,2026-08-01,Db2 for z/OS,1,825.34,1.54,-3.58
Collections,2026-08-01,IMS Transaction Manager,3,6931.43,12.93,-3.9
Collections,2026-08-01,JCL Scheduler,3,9377.96,17.49,-3.99
Collections,2026-08-01,Kubernetes Service,1,203.1,0.38,-0.42
Collections,2026-08-01,Log Analytics,2,147.99,0.28,-6.42
Collections,2026-08-01,Machine Learning Platform,1,52.0,0.1,-3.65
Collections,2026-08-01,Managed Redis,2,437.48,0.82,1.6
Collections,2026-08-01,Message Queue,1,47.08,0.09,1.47
Collections,2026-08-01,Nagios Monitoring,2,635.52,1.19,-2.68
Collections,2026-08-01,NetApp Storage,3,451.47,0.84,-4.86
Collections,2026-08-01,Object Storage,2,376.24,0.7,-0.89
Collections,2026-08-01,Oracle Database,2,371.03,0.69,-1.47
Collections,2026-08-01,RACF Security,1,8531.49,15.91,-4.5
Collections,2026-08-01,Red Hat Enterprise Linux,2,479.66,0.89,-2.4
Collections,2026-08-01,SMF Analytics,1,656.46,1.22,-0.62
Collections,2026-08-01,SQL Server,2,479.32,0.89,-2.98
Collections,2026-08-01,Secrets Manager,1,131.25,0.24,-1.88
Collections,2026-08-01,Streaming Ingest,2,220.1,0.41,-3.19
Collections,2026-08-01,Sysplex Coupling,3,5766.15,10.75,-2.73
Collections,2026-08-01,Tomcat,3,657.56,1.23,-1.5
Collections,2026-08-01,VSAM Storage,1,617.03,1.15,-4.62
Collections,2026-08-01,Veeam Backup,2,732.9,1.37,-4.81
Collections,2026-09-01,API Gateway,1,60.19,0.11,-2.38
Collections,2026-09-01,Active Directory,1,324.85,0.58,-0.37
Collections,2026-09-01,Block Storage,1,134.52,0.24,1.21
Collections,2026-09-01,CICS Transaction Server,4,15033.67,27.01,3.24
Collections,2026-09-01,Compute Instances,1,51.26,0.09,5.65
Collections,2026-09-01,Content Delivery,1,100.19,0.18,0.16
Collections,2026-09-01,Data Warehouse,2,252.69,0.45,-3.29
Collections,2026-09-01,Db2 for z/OS,1,851.46,1.53,3.16
Collections,2026-09-01,IMS Transaction Manager,3,7158.64,12.86,3.28
Collections,2026-09-01,JCL Scheduler,3,9905.85,17.8,5.63
Collections,2026-09-01,Kubernetes Service,1,202.74,0.36,-0.18
Collections,2026-09-01,Log Analytics,2,150.51,0.27,1.7
Collections,2026-09-01,Machine Learning Platform,1,50.81,0.09,-2.29
Collections,2026-09-01,Managed Redis,2,438.46,0.79,0.22
Collections,2026-09-01,Message Queue,1,41.84,0.08,-11.13
Collections,2026-09-01,Nagios Monitoring,2,605.78,1.09,-4.68
Collections,2026-09-01,NetApp Storage,3,446.96,0.8,-1.0
Collections,2026-09-01,Object Storage,2,375.32,0.67,-0.24
Collections,2026-09-01,Oracle Database,2,370.84,0.67,-0.05
Collections,2026-09-01,RACF Security,1,9130.38,16.41,7.02
Collections,2026-09-01,Red Hat Enterprise Linux,2,460.0,0.83,-4.1
Collections,2026-09-01,SMF Analytics,1,692.28,1.24,5.46
Collections,2026-09-01,SQL Server,2,474.4,0.85,-1.03
Collections,2026-09-01,Secrets Manager,1,136.63,0.25,4.1
Collections,2026-09-01,Streaming Ingest,2,216.15,0.39,-1.79
Collections,2026-09-01,Sysplex Coupling,3,5954.05,10.7,3.26
Collections,2026-09-01,Tomcat,3,634.44,1.14,-3.52
Collections,2026-09-01,VSAM Storage,1,659.52,1.19,6.89
Collections,2026-09-01,Veeam Backup,2,736.34,1.32,0.47
Commercial Banking,2025-10-01,API Gateway,1,237.22,0.53,
Commercial Banking,2025-10-01,COBOL Batch,2,4121.68,9.28,
Commercial Banking,2025-10-01,Compute Instances,1,69.75,0.16,
Commercial Banking,2025-10-01,Container Registry,2,477.64,1.08,
Commercial Banking,2025-10-01,Data Warehouse,2,347.64,0.78,
Commercial Banking,2025-10-01,IMS Transaction Manager,1,353.36,0.8,
Commercial Banking,2025-10-01,JCL Scheduler,2,2681.83,6.04,
Commercial Banking,2025-10-01,Kubernetes Service,2,213.16,0.48,
Commercial Banking,2025-10-01,Log Analytics,1,367.13,0.83,
Commercial Banking,2025-10-01,Machine Learning Platform,3,680.63,1.53,
Commercial Banking,2025-10-01,Managed PostgreSQL,1,102.25,0.23,
Commercial Banking,2025-10-01,Managed Redis,1,124.25,0.28,
Commercial Banking,2025-10-01,Message Queue,1,111.09,0.25,
Commercial Banking,2025-10-01,Nagios Monitoring,1,230.85,0.52,
Commercial Banking,2025-10-01,Object Storage,3,209.84,0.47,
Commercial Banking,2025-10-01,Oracle Database,1,233.5,0.53,
Commercial Banking,2025-10-01,RACF Security,1,2175.41,4.9,
Commercial Banking,2025-10-01,Red Hat Enterprise Linux,1,138.95,0.31,
Commercial Banking,2025-10-01,SMF Analytics,2,5736.11,12.91,
Commercial Banking,2025-10-01,SQL Server,2,399.4,0.9,
Commercial Banking,2025-10-01,Secrets Manager,2,667.65,1.5,
Commercial Banking,2025-10-01,Serverless Functions,3,1133.24,2.55,
Commercial Banking,2025-10-01,Sysplex Coupling,1,3750.27,8.44,
Commercial Banking,2025-10-01,Tape Virtualisation,2,3908.54,8.8,
Commercial Banking,2025-10-01,Tomcat,2,114.67,0.26,
Commercial Banking,2025-10-01,VMware vSphere,1,82.21,0.19,
Commercial Banking,2025-10-01,VSAM Storage,3,14550.36,32.75,
Commercial Banking,2025-10-01,Veeam Backup,1,181.7,0.41,
Commercial Banking,2025-10-01,WebSphere Application Server,2,1029.91,2.32,
Commercial Banking,2025-11-01,API Gateway,1,212.06,0.52,-10.61
Commercial Banking,2025-11-01,COBOL Batch,2,3791.27,9.27,-8.02
Commercial Banking,2025-11-01,Compute Instances,1,65.91,0.16,-5.51
Commercial Banking,2025-11-01,Container Registry,2,459.43,1.12,-3.81
Commercial Banking,2025-11-01,Data Warehouse,2,323.06,0.79,-7.07
Commercial Banking,2025-11-01,IMS Transaction Manager,1,307.01,0.75,-13.12
Commercial Banking,2025-11-01,JCL Scheduler,2,2356.45,5.76,-12.13
Commercial Banking,2025-11-01,Kubernetes Service,2,201.93,0.49,-5.27
Commercial Banking,2025-11-01,Log Analytics,1,344.99,0.84,-6.03
Commercial Banking,2025-11-01,Machine Learning Platform,3,646.85,1.58,-4.96
Commercial Banking,2025-11-01,Managed PostgreSQL,1,99.88,0.24,-2.32
Commercial Banking,2025-11-01,Managed Redis,1,122.83,0.3,-1.14
Commercial Banking,2025-11-01,Message Queue,1,100.99,0.25,-9.09
Commercial Banking,2025-11-01,Nagios Monitoring,1,213.78,0.52,-7.39
Commercial Banking,2025-11-01,Object Storage,3,197.63,0.48,-5.82
Commercial Banking,2025-11-01,Oracle Database,1,222.81,0.54,-4.58
Commercial Banking,2025-11-01,RACF Security,1,2009.29,4.91,-7.64
Commercial Banking,2025-11-01,Red Hat Enterprise Linux,1,126.23,0.31,-9.15
Commercial Banking,2025-11-01,SMF Analytics,2,5262.22,12.87,-8.26
Commercial Banking,2025-11-01,SQL Server,2,385.37,0.94,-3.51
Commercial Banking,2025-11-01,Secrets Manager,2,601.52,1.47,-9.9
Commercial Banking,2025-11-01,Serverless Functions,3,1044.9,2.55,-7.8
Commercial Banking,2025-11-01,Sysplex Coupling,1,3489.24,8.53,-6.96
Commercial Banking,2025-11-01,Tape Virtualisation,2,3651.5,8.93,-6.58
Commercial Banking,2025-11-01,Tomcat,2,112.0,0.27,-2.33
Commercial Banking,2025-11-01,VMware vSphere,1,71.83,0.18,-12.63
Commercial Banking,2025-11-01,VSAM Storage,3,13300.12,32.52,-8.59
Commercial Banking,2025-11-01,Veeam Backup,1,174.54,0.43,-3.94
Commercial Banking,2025-11-01,WebSphere Application Server,2,1001.78,2.45,-2.73
Commercial Banking,2025-12-01,API Gateway,1,242.4,0.52,14.31
Commercial Banking,2025-12-01,COBOL Batch,2,4438.51,9.57,17.07
Commercial Banking,2025-12-01,Compute Instances,1,69.02,0.15,4.72
Commercial Banking,2025-12-01,Container Registry,2,494.91,1.07,7.72
Commercial Banking,2025-12-01,Data Warehouse,2,342.77,0.74,6.1
Commercial Banking,2025-12-01,IMS Transaction Manager,1,373.07,0.8,21.52
Commercial Banking,2025-12-01,JCL Scheduler,2,2790.88,6.02,18.44
Commercial Banking,2025-12-01,Kubernetes Service,2,216.53,0.47,7.23
Commercial Banking,2025-12-01,Log Analytics,1,365.6,0.79,5.97
Commercial Banking,2025-12-01,Machine Learning Platform,3,685.08,1.48,5.91
Commercial Banking,2025-12-01,Managed PostgreSQL,1,102.81,0.22,2.93
Commercial Banking,2025-12-01,Managed Redis,1,133.1,0.29,8.36
Commercial Banking,2025-12-01,Message Queue,1,108.17,0.23,7.11
Commercial Banking,2025-12-01,Nagios Monitoring,1,225.79,0.49,5.62
Commercial Banking,2025-12-01,Object Storage,3,208.85,0.45,5.68
Commercial Banking,2025-12-01,Oracle Database,1,226.57,0.49,1.69
Commercial Banking,2025-12-01,RACF Security,1,2384.01,5.14,18.65
Commercial Banking,2025-12-01,Red Hat Enterprise Linux,1,139.01,0.3,10.12
Commercial Banking,2025-12-01,SMF Analytics,2,6019.56,12.98,14.39
Commercial Banking,2025-12-01,SQL Server,2,406.55,0.88,5.5
Commercial Banking,2025-12-01,Secrets Manager,2,644.39,1.39,7.13
Commercial Banking,2025-12-01,Serverless Functions,3,1118.92,2.41,7.08
Commercial Banking,2025-12-01,Sysplex Coupling,1,3856.87,8.32,10.54
Commercial Banking,2025-12-01,Tape Virtualisation,2,4113.18,8.87,12.64
Commercial Banking,2025-12-01,Tomcat,2,114.35,0.25,2.1
Commercial Banking,2025-12-01,VMware vSphere,1,79.44,0.17,10.59
Commercial Banking,2025-12-01,VSAM Storage,3,15267.22,32.92,14.79
Commercial Banking,2025-12-01,Veeam Backup,1,179.65,0.39,2.93
Commercial Banking,2025-12-01,WebSphere Application Server,2,1034.79,2.23,3.3
Commercial Banking,2026-01-01,API Gateway,1,235.9,0.55,-2.68
Commercial Banking,2026-01-01,COBOL Batch,2,3881.12,9.04,-12.56
Commercial Banking,2026-01-01,Compute Instances,1,67.85,0.16,-1.7
Commercial Banking,2026-01-01,Container Registry,2,477.69,1.11,-3.48
Commercial Banking,2026-01-01,Data Warehouse,2,337.45,0.79,-1.55
Commercial Banking,2026-01-01,IMS Transaction Manager,1,339.36,0.79,-9.04
Commercial Banking,2026-01-01,JCL Scheduler,2,2455.4,5.72,-12.02
Commercial Banking,2026-01-01,Kubernetes Service,2,200.54,0.47,-7.38
Commercial Banking,2026-01-01,Log Analytics,1,364.91,0.85,-0.19
Commercial Banking,2026-01-01,Machine Learning Platform,3,689.48,1.61,0.64
Commercial Banking,2026-01-01,Managed PostgreSQL,1,102.54,0.24,-0.26
Commercial Banking,2026-01-01,Managed Redis,1,128.48,0.3,-3.47
Commercial Banking,2026-01-01,Message Queue,1,108.17,0.25,0.0
Commercial Banking,2026-01-01,Nagios Monitoring,1,223.24,0.52,-1.13
Commercial Banking,2026-01-01,Object Storage,3,199.71,0.47,-4.38
Commercial Banking,2026-01-01,Oracle Database,1,230.31,0.54,1.65
Commercial Banking,2026-01-01,RACF Security,1,2106.62,4.91,-11.64
Commercial Banking,2026-01-01,Red Hat Enterprise Linux,1,134.37,0.31,-3.34
Commercial Banking,2026-01-01,SMF Analytics,2,5548.16,12.92,-7.83
Commercial Banking,2026-01-01,SQL Server,2,407.32,0.95,0.19
Commercial Banking,2026-01-01,Secrets Manager,2,633.73,1.48,-1.65
Commercial Banking,2026-01-01,Serverless Functions,3,1120.08,2.61,0.1
Commercial Banking,2026-01-01,Sysplex Coupling,1,3562.4,8.3,-7.63
Commercial Banking,2026-01-01,Tape Virtualisation,2,3795.19,8.84,-7.73
Commercial Banking,2026-01-01,Tomcat,2,117.68,0.27,2.91
Commercial Banking,2026-01-01,VMware vSphere,1,82.4,0.19,3.73
Commercial Banking,2026-01-01,VSAM Storage,3,14157.19,32.97,-7.27
Commercial Banking,2026-01-01,Veeam Backup,1,192.33,0.45,7.06
Commercial Banking,2026-01-01,WebSphere Application Server,2,1037.78,2.42,0.29
Commercial Banking,2026-02-01,API Gateway,1,215.93,0.55,-8.47
Commercial Banking,2026-02-01,COBOL Batch,2,3579.43,9.19,-7.77
Commercial Banking,2026-02-01,Compute Instances,1,61.9,0.16,-8.77
Commercial Banking,2026-02-01,Container Registry,2,447.9,1.15,-6.24
Commercial Banking,2026-02-01,Data Warehouse,2,304.47,0.78,-9.77
Commercial Banking,2026-02-01,IMS Transaction Manager,1,299.81,0.77,-11.65
Commercial Banking,2026-02-01,JCL Scheduler,2,2257.96,5.8,-8.04
Commercial Banking,2026-02-01,Kubernetes Service,2,181.05,0.47,-9.72
Commercial Banking,2026-02-01,Log Analytics,1,333.77,0.86,-8.53
Commercial Banking,2026-02-01,Machine Learning Platform,3,623.34,1.6,-9.59
Commercial Banking,2026-02-01,Managed PostgreSQL,1,90.7,0.23,-11.55
Commercial Banking,2026-02-01,Managed Redis,1,114.59,0.29,-10.81
Commercial Banking,2026-02-01,Message Queue,1,95.57,0.25,-11.65
Commercial Banking,2026-02-01,Nagios Monitoring,1,204.81,0.53,-8.26
Commercial Banking,2026-02-01,Object Storage,3,185.81,0.48,-6.96
Commercial Banking,2026-02-01,Oracle Database,1,199.5,0.51,-13.38
Commercial Banking,2026-02-01,RACF Security,1,1831.36,4.7,-13.07
Commercial Banking,2026-02-01,Red Hat Enterprise Linux,1,124.57,0.32,-7.29
Commercial Banking,2026-02-01,SMF Analytics,2,4983.78,12.8,-10.17
Commercial Banking,2026-02-01,SQL Server,2,366.91,0.94,-9.92
Commercial Banking,2026-02-01,Secrets Manager,2,595.54,1.53,-6.03
Commercial Banking,2026-02-01,Serverless Functions,3,1013.66,2.6,-9.5
Commercial Banking,2026-02-01,Sysplex Coupling,1,3299.85,8.48,-7.37
Commercial Banking,2026-02-01,Tape Virtualisation,2,3580.88,9.2,-5.65
Commercial Banking,2026-02-01,Tomcat,2,104.34,0.27,-11.34
Commercial Banking,2026-02-01,VMware vSphere,1,71.66,0.18,-13.03
Commercial Banking,2026-02-01,VSAM Storage,3,12666.4,32.53,-10.53
Commercial Banking,2026-02-01,Veeam Backup,1,171.28,0.44,-10.94
Commercial Banking,2026-02-01,WebSphere Application Server,2,927.69,2.38,-10.61
Commercial Banking,2026-03-01,API Gateway,1,238.65,0.52,10.52
Commercial Banking,2026-03-01,COBOL Batch,2,4138.19,9.02,15.61
Commercial Banking,2026-03-01,Compute Instances,1,70.57,0.15,14.01
Commercial Banking,2026-03-01,Container Registry,2,480.71,1.05,7.33
Commercial Banking,2026-03-01,Data Warehouse,2,335.63,0.73,10.23
Commercial Banking,2026-03-01,IMS Transaction Manager,1,364.74,0.79,21.66
Commercial Banking,2026-03-01,JCL Scheduler,2,2650.32,5.78,17.38
Commercial Banking,2026-03-01,Kubernetes Service,2,209.44,0.46,15.68
Commercial Banking,2026-03-01,Log Analytics,1,368.35,0.8,10.36
Commercial Banking,2026-03-01,Machine Learning Platform,3,669.78,1.46,7.45
Commercial Banking,2026-03-01,Managed PostgreSQL,1,101.94,0.22,12.39
Commercial Banking,2026-03-01,Managed Redis,1,130.69,0.28,14.05
Commercial Banking,2026-03-01,Message Queue,1,106.66,0.23,11.6
Commercial Banking,2026-03-01,Nagios Monitoring,1,226.18,0.49,10.43
Commercial Banking,2026-03-01,Object Storage,3,203.23,0.44,9.38
Commercial Banking,2026-03-01,Oracle Database,1,230.98,0.5,15.78
Commercial Banking,2026-03-01,RACF Security,1,2282.65,4.97,24.64
Commercial Banking,2026-03-01,Red Hat Enterprise Linux,1,130.87,0.29,5.06
Commercial Banking,2026-03-01,SMF Analytics,2,6018.74,13.12,20.77
Commercial Banking,2026-03-01,SQL Server,2,392.23,0.85,6.9
Commercial Banking,2026-03-01,Secrets Manager,2,641.72,1.4,7.75
Commercial Banking,2026-03-01,Serverless Functions,3,1135.65,2.47,12.03
Commercial Banking,2026-03-01,Sysplex Coupling,1,3882.57,8.46,17.66
Commercial Banking,2026-03-01,Tape Virtualisation,2,4337.53,9.45,21.13
Commercial Banking,2026-03-01,Tomcat,2,117.22,0.26,12.34
Commercial Banking,2026-03-01,VMware vSphere,1,77.05,0.17,7.52
Commercial Banking,2026-03-01,VSAM Storage,3,15155.72,33.03,19.65
Commercial Banking,2026-03-01,Veeam Backup,1,179.65,0.39,4.89
Commercial Banking,2026-03-01,WebSphere Application Server,2,1009.19,2.2,8.79
Commercial Banking,2026-04-01,API Gateway,1,233.81,0.55,-2.03
Commercial Banking,2026-04-01,COBOL Batch,2,3957.75,9.24,-4.36
Commercial Banking,2026-04-01,Compute Instances,1,67.4,0.16,-4.49
Commercial Banking,2026-04-01,Container Registry,2,473.86,1.11,-1.42
Commercial Banking,2026-04-01,Data Warehouse,2,333.88,0.78,-0.52
Commercial Banking,2026-04-01,IMS Transaction Manager,1,338.61,0.79,-7.16
Commercial Banking,2026-04-01,JCL Scheduler,2,2491.63,5.82,-5.99
Commercial Banking,2026-04-01,Kubernetes Service,2,194.75,0.45,-7.01
Commercial Banking,2026-04-01,Log Analytics,1,360.14,0.84,-2.23
Commercial Banking,2026-04-01,Machine Learning Platform,3,654.12,1.53,-2.34
Commercial Banking,2026-04-01,Managed PostgreSQL,1,98.83,0.23,-3.05
Commercial Banking,2026-04-01,Managed Redis,1,129.51,0.3,-0.9
Commercial Banking,2026-04-01,Message Queue,1,104.55,0.24,-1.98
Commercial Banking,2026-04-01,Nagios Monitoring,1,210.8,0.49,-6.8
Commercial Banking,2026-04-01,Object Storage,3,203.2,0.47,-0.01
Commercial Banking,2026-04-01,Oracle Database,1,216.66,0.51,-6.2
Commercial Banking,2026-04-01,RACF Security,1,2082.25,4.86,-8.78
Commercial Banking,2026-04-01,Red Hat Enterprise Linux,1,133.08,0.31,1.69
Commercial Banking,2026-04-01,SMF Analytics,2,5494.43,12.83,-8.71
Commercial Banking,2026-04-01,SQL Server,2,393.65,0.92,0.36
Commercial Banking,2026-04-01,Secrets Manager,2,622.85,1.45,-2.94
Commercial Banking,2026-04-01,Serverless Functions,3,1093.36,2.55,-3.72
Commercial Banking,2026-04-01,Sysplex Coupling,1,3728.2,8.71,-3.98
Commercial Banking,2026-04-01,Tape Virtualisation,2,3915.63,9.14,-9.73
Commercial Banking,2026-04-01,Tomcat,2,112.22,0.26,-4.27
Commercial Banking,2026-04-01,VMware vSphere,1,78.92,0.18,2.43
Commercial Banking,2026-04-01,VSAM Storage,3,13899.11,32.45,-8.29
Commercial Banking,2026-04-01,Veeam Backup,1,175.37,0.41,-2.38
Commercial Banking,2026-04-01,WebSphere Application Server,2,1028.9,2.4,1.95
Commercial Banking,2026-05-01,API Gateway,1,236.27,0.55,1.05
Commercial Banking,2026-05-01,COBOL Batch,2,3928.21,9.13,-0.75
Commercial Banking,2026-05-01,Compute Instances,1,66.14,0.15,-1.87
Commercial Banking,2026-05-01,Container Registry,2,477.68,1.11,0.81
Commercial Banking,2026-05-01,Data Warehouse,2,335.51,0.78,0.49
Commercial Banking,2026-05-01,IMS Transaction Manager,1,322.88,0.75,-4.65
Commercial Banking,2026-05-01,JCL Scheduler,2,2477.97,5.76,-0.55
Commercial Banking,2026-05-01,Kubernetes Service,2,200.59,0.47,3.0
Commercial Banking,2026-05-01,Log Analytics,1,360.08,0.84,-0.02
Commercial Banking,2026-05-01,Machine Learning Platform,3,672.22,1.56,2.77
Commercial Banking,2026-05-01,Managed PostgreSQL,1,101.11,0.23,2.31
Commercial Banking,2026-05-01,Managed Redis,1,125.41,0.29,-3.17
Commercial Banking,2026-05-01,Message Queue,1,100.27,0.23,-4.09
Commercial Banking,2026-05-01,Nagios Monitoring,1,217.39,0.51,3.13
Commercial Banking,2026-05-01,Object Storage,3,196.53,0.46,-3.28
Commercial Banking,2026-05-01,Oracle Database,1,228.92,0.53,5.66
Commercial Banking,2026-05-01,RACF Security,1,2124.97,4.94,2.05
Commercial Banking,2026-05-01,Red Hat Enterprise Linux,1,132.61,0.31,-0.35
Commercial Banking,2026-05-01,SMF Analytics,2,5469.48,12.71,-0.45
Commercial Banking,2026-05-01,SQL Server,2,386.8,0.9,-1.74
Commercial Banking,2026-05-01,Secrets Manager,2,616.82,1.43,-0.97
Commercial Banking,2026-05-01,Serverless Functions,3,1103.62,2.56,0.94
Commercial Banking,2026-05-01,Sysplex Coupling,1,3611.5,8.39,-3.13
Commercial Banking,2026-05-01,Tape Virtualisation,2,3803.46,8.84,-2.86
Commercial Banking,2026-05-01,Tomcat,2,112.61,0.26,0.35
Commercial Banking,2026-05-01,VMware vSphere,1,77.84,0.18,-1.37
Commercial Banking,2026-05-01,VSAM Storage,3,14354.47,33.35,3.28
Commercial Banking,2026-05-01,Veeam Backup,1,177.45,0.41,1.19
Commercial Banking,2026-05-01,WebSphere Application Server,2,1020.03,2.37,-0.86
Commercial Banking,2026-06-01,API Gateway,1,225.58,0.5,-4.52
Commercial Banking,2026-06-01,COBOL Batch,2,4134.63,9.25,5.25
Commercial Banking,2026-06-01,Compute Instances,1,68.26,0.15,3.21
Commercial Banking,2026-06-01,Container Registry,2,484.02,1.08,1.33
Commercial Banking,2026-06-01,Data Warehouse,2,332.58,0.74,-0.87
Commercial Banking,2026-06-01,IMS Transaction Manager,1,348.86,0.78,8.05
Commercial Banking,2026-06-01,JCL Scheduler,2,2573.12,5.76,3.84
Commercial Banking,2026-06-01,Kubernetes Service,2,204.85,0.46,2.12
Commercial Banking,2026-06-01,Log Analytics,1,347.93,0.78,-3.37
Commercial Banking,2026-06-01,Machine Learning Platform,3,670.66,1.5,-0.23
Commercial Banking,2026-06-01,Managed PostgreSQL,1,95.84,0.21,-5.21
Commercial Banking,2026-06-01,Managed Redis,1,128.07,0.29,2.12
Commercial Banking,2026-06-01,Message Queue,1,102.74,0.23,2.46
Commercial Banking,2026-06-01,Nagios Monitoring,1,212.71,0.48,-2.15
Commercial Banking,2026-06-01,Object Storage,3,200.17,0.45,1.85
Commercial Banking,2026-06-01,Oracle Database,1,212.86,0.48,-7.02
Commercial Banking,2026-06-01,RACF Security,1,2275.3,5.09,7.07
Commercial Banking,2026-06-01,Red Hat Enterprise Linux,1,132.49,0.3,-0.09
Commercial Banking,2026-06-01,SMF Analytics,2,5760.06,12.89,5.31
Commercial Banking,2026-06-01,SQL Server,2,394.61,0.88,2.02
Commercial Banking,2026-06-01,Secrets Manager,2,640.0,1.43,3.76
Commercial Banking,2026-06-01,Serverless Functions,3,1115.84,2.5,1.11
Commercial Banking,2026-06-01,Sysplex Coupling,1,3718.98,8.32,2.98
Commercial Banking,2026-06-01,Tape Virtualisation,2,4062.07,9.09,6.8
Commercial Banking,2026-06-01,Tomcat,2,112.04,0.25,-0.51
Commercial Banking,2026-06-01,VMware vSphere,1,77.29,0.17,-0.71
Commercial Banking,2026-06-01,VSAM Storage,3,14864.26,33.26,3.55
Commercial Banking,2026-06-01,Veeam Backup,1,177.31,0.4,-0.08
Commercial Banking,2026-06-01,WebSphere Application Server,2,1018.38,2.28,-0.16
Commercial Banking,2026-07-01,API Gateway,1,245.19,0.55,8.69
Commercial Banking,2026-07-01,COBOL Batch,2,4169.85,9.33,0.85
Commercial Banking,2026-07-01,Compute Instances,1,72.79,0.16,6.64
Commercial Banking,2026-07-01,Container Registry,2,504.16,1.13,4.16
Commercial Banking,2026-07-01,Data Warehouse,2,336.98,0.75,1.32
Commercial Banking,2026-07-01,IMS Transaction Manager,1,345.85,0.77,-0.86
Commercial Banking,2026-07-01,JCL Scheduler,2,2640.53,5.91,2.62
Commercial Banking,2026-07-01,Kubernetes Service,2,210.01,0.47,2.52
Commercial Banking,2026-07-01,Log Analytics,1,364.28,0.81,4.7
Commercial Banking,2026-07-01,Machine Learning Platform,3,681.1,1.52,1.56
Commercial Banking,2026-07-01,Managed PostgreSQL,1,105.34,0.24,9.91
Commercial Banking,2026-07-01,Managed Redis,1,136.6,0.31,6.66
Commercial Banking,2026-07-01,Message Queue,1,107.06,0.24,4.2
Commercial Banking,2026-07-01,Nagios Monitoring,1,217.68,0.49,2.34
Commercial Banking,2026-07-01,Object Storage,3,208.19,0.47,4.01
Commercial Banking,2026-07-01,Oracle Database,1,226.6,0.51,6.45
Commercial Banking,2026-07-01,RACF Security,1,2147.55,4.8,-5.61
Commercial Banking,2026-07-01,Red Hat Enterprise Linux,1,137.73,0.31,3.96
Commercial Banking,2026-07-01,SMF Analytics,2,5684.12,12.71,-1.32
Commercial Banking,2026-07-01,SQL Server,2,399.87,0.89,1.33
Commercial Banking,2026-07-01,Secrets Manager,2,644.58,1.44,0.72
Commercial Banking,2026-07-01,Serverless Functions,3,1121.62,2.51,0.52
Commercial Banking,2026-07-01,Sysplex Coupling,1,3736.38,8.36,0.47
Commercial Banking,2026-07-01,Tape Virtualisation,2,3961.11,8.86,-2.49
Commercial Banking,2026-07-01,Tomcat,2,115.81,0.26,3.36
Commercial Banking,2026-07-01,VMware vSphere,1,78.02,0.17,0.94
Commercial Banking,2026-07-01,VSAM Storage,3,14883.78,33.29,0.13
Commercial Banking,2026-07-01,Veeam Backup,1,186.57,0.42,5.22
Commercial Banking,2026-07-01,WebSphere Application Server,2,1041.63,2.33,2.28
Commercial Banking,2026-08-01,API Gateway,1,225.12,0.52,-8.19
Commercial Banking,2026-08-01,COBOL Batch,2,4112.02,9.55,-1.39
Commercial Banking,2026-08-01,Compute Instances,1,68.78,0.16,-5.51
Commercial Banking,2026-08-01,Container Registry,2,475.84,1.1,-5.62
Commercial Banking,2026-08-01,Data Warehouse,2,342.98,0.8,1.78
Commercial Banking,2026-08-01,IMS Transaction Manager,1,345.56,0.8,-0.08
Commercial Banking,2026-08-01,JCL Scheduler,2,2513.27,5.83,-4.82
Commercial Banking,2026-08-01,Kubernetes Service,2,200.06,0.46,-4.74
Commercial Banking,2026-08-01,Log Analytics,1,354.24,0.82,-2.76
Commercial Banking,2026-08-01,Machine Learning Platform,3,686.15,1.59,0.74
Commercial Banking,2026-08-01,Managed PostgreSQL,1,99.56,0.23,-5.49
Commercial Banking,2026-08-01,Managed Redis,1,128.01,0.3,-6.29
Commercial Banking,2026-08-01,Message Queue,1,107.24,0.25,0.17
Commercial Banking,2026-08-01,Nagios Monitoring,1,216.98,0.5,-0.32
Commercial Banking,2026-08-01,Object Storage,3,204.16,0.47,-1.94
Commercial Banking,2026-08-01,Oracle Database,1,223.1,0.52,-1.54
Commercial Banking,2026-08-01,RACF Security,1,2063.52,4.79,-3.91
Commercial Banking,2026-08-01,Red Hat Enterprise Linux,1,134.08,0.31,-2.65
Commercial Banking,2026-08-01,SMF Analytics,2,5598.36,13.0,-1.51
Commercial Banking,2026-08-01,SQL Server,2,397.29,0.92,-0.65
Commercial Banking,2026-08-01,Secrets Manager,2,624.18,1.45,-3.16
Commercial Banking,2026-08-01,Serverless Functions,3,1095.24,2.54,-2.35
Commercial Banking,2026-08-01,Sysplex Coupling,1,3672.73,8.53,-1.7
Commercial Banking,2026-08-01,Tape Virtualisation,2,3923.11,9.11,-0.96
Commercial Banking,2026-08-01,Tomcat,2,115.13,0.27,-0.59
Commercial Banking,2026-08-01,VMware vSphere,1,75.54,0.18,-3.18
Commercial Banking,2026-08-01,VSAM Storage,3,13858.13,32.17,-6.89
Commercial Banking,2026-08-01,Veeam Backup,1,176.11,0.41,-5.61
Commercial Banking,2026-08-01,WebSphere Application Server,2,1036.86,2.41,-0.46
Commercial Banking,2026-09-01,API Gateway,1,229.95,0.51,2.15
Commercial Banking,2026-09-01,COBOL Batch,2,4134.48,9.17,0.55
Commercial Banking,2026-09-01,Compute Instances,1,66.33,0.15,-3.56
Commercial Banking,2026-09-01,Container Registry,2,463.15,1.03,-2.67
Commercial Banking,2026-09-01,Data Warehouse,2,327.77,0.73,-4.43
Commercial Banking,2026-09-01,IMS Transaction Manager,1,354.38,0.79,2.55
Commercial Banking,2026-09-01,JCL Scheduler,2,2689.98,5.96,7.03
Commercial Banking,2026-09-01,Kubernetes Service,2,206.29,0.46,3.11
Commercial Banking,2026-09-01,Log Analytics,1,355.03,0.79,0.22
Commercial Banking,2026-09-01,Machine Learning Platform,3,663.11,1.47,-3.36
Commercial Banking,2026-09-01,Managed PostgreSQL,1,97.07,0.22,-2.5
Commercial Banking,2026-09-01,Managed Redis,1,123.77,0.27,-3.31
Commercial Banking,2026-09-01,Message Queue,1,104.71,0.23,-2.36
Commercial Banking,2026-09-01,Nagios Monitoring,1,215.83,0.48,-0.53
Commercial Banking,2026-09-01,Object Storage,3,201.52,0.45,-1.29
Commercial Banking,2026-09-01,Oracle Database,1,216.42,0.48,-2.99
Commercial Banking,2026-09-01,RACF Security,1,2139.52,4.74,3.68
Commercial Banking,2026-09-01,Red Hat Enterprise Linux,1,131.94,0.29,-1.6
Commercial Banking,2026-09-01,SMF Analytics,2,5776.23,12.81,3.18
Commercial Banking,2026-09-01,SQL Server,2,387.42,0.86,-2.48
Commercial Banking,2026-09-01,Secrets Manager,2,632.34,1.4,1.31
Commercial Banking,2026-09-01,Serverless Functions,3,1113.05,2.47,1.63
Commercial Banking,2026-09-01,Sysplex Coupling,1,3921.91,8.7,6.78
Commercial Banking,2026-09-01,Tape Virtualisation,2,4011.45,8.89,2.25
Commercial Banking,2026-09-01,Tomcat,2,115.54,0.26,0.36
Commercial Banking,2026-09-01,VMware vSphere,1,77.55,0.17,2.66
Commercial Banking,2026-09-01,VSAM Storage,3,15156.04,33.6,9.37
Commercial Banking,2026-09-01,Veeam Backup,1,181.17,0.4,2.87
Commercial Banking,2026-09-01,WebSphere Application Server,2,1007.09,2.23,-2.87
Compliance,2025-10-01,Block Storage,1,259.13,0.42,
Compliance,2025-10-01,CICS Transaction Server,1,8482.2,13.79,
Compliance,2025-10-01,COBOL Batch,1,838.02,1.36,
Compliance,2025-10-01,Compute Instances,1,57.27,0.09,
Compliance,2025-10-01,Data Warehouse,2,392.27,0.64,
Compliance,2025-10-01,Db2 for z/OS,1,8635.67,14.04,
Compliance,2025-10-01,F5 Load Balancing,4,1425.01,2.32,
Compliance,2025-10-01,IMS Transaction Manager,2,3178.95,5.17,
Compliance,2025-10-01,JCL Scheduler,2,7868.54,12.8,
Compliance,2025-10-01,Kubernetes Service,2,711.64,1.16,
Compliance,2025-10-01,Log Analytics,1,37.95,0.06,
Compliance,2025-10-01,MQ for z/OS,1,549.54,0.89,
Compliance,2025-10-01,Managed Redis,1,58.21,0.09,
Compliance,2025-10-01,NetApp Storage,1,349.92,0.57,
Compliance,2025-10-01,RACF Security,3,5682.35,9.24,
Compliance,2025-10-01,Red Hat Enterprise Linux,2,355.05,0.58,
Compliance,2025-10-01,SMF Analytics,3,13340.77,21.69,
Compliance,2025-10-01,SQL Server,2,141.71,0.23,
Compliance,2025-10-01,Secrets Manager,1,56.01,0.09,
Compliance,2025-10-01,Serverless Functions,1,34.78,0.06,
Compliance,2025-10-01,Tape Virtualisation,3,7155.31,11.64,
Compliance,2025-10-01,Tomcat,1,178.96,0.29,
Compliance,2025-10-01,VMware vSphere,3,746.08,1.21,
Compliance,2025-10-01,WebSphere Application Server,2,368.96,0.6,
Compliance,2025-10-01,Windows Server,3,589.2,0.96,
Compliance,2025-11-01,Block Storage,1,235.08,0.41,-9.28
Compliance,2025-11-01,CICS Transaction Server,1,7297.64,12.84,-13.97
Compliance,2025-11-01,COBOL Batch,1,821.21,1.44,-2.01
Compliance,2025-11-01,Compute Instances,1,55.89,0.1,-2.41
Compliance,2025-11-01,Data Warehouse,2,372.82,0.66,-4.96
Compliance,2025-11-01,Db2 for z/OS,1,8019.29,14.11,-7.14
Compliance,2025-11-01,F5 Load Balancing,4,1321.9,2.33,-7.24
Compliance,2025-11-01,IMS Transaction Manager,2,2951.36,5.19,-7.16
Compliance,2025-11-01,JCL Scheduler,2,7292.82,12.83,-7.32
Compliance,2025-11-01,Kubernetes Service,2,664.75,1.17,-6.59
Compliance,2025-11-01,Log Analytics,1,37.22,0.07,-1.92
Compliance,2025-11-01,MQ for z/OS,1,504.03,0.89,-8.28
Compliance,2025-11-01,Managed Redis,1,53.79,0.09,-7.59
Compliance,2025-11-01,NetApp Storage,1,320.41,0.56,-8.43
Compliance,2025-11-01,RACF Security,3,5359.94,9.43,-5.67
Compliance,2025-11-01,Red Hat Enterprise Linux,2,320.17,0.56,-9.82
Compliance,2025-11-01,SMF Analytics,3,12656.44,22.27,-5.13
Compliance,2025-11-01,SQL Server,2,134.63,0.24,-5.0
Compliance,2025-11-01,Secrets Manager,1,51.54,0.09,-7.98
Compliance,2025-11-01,Serverless Functions,1,33.52,0.06,-3.62
Compliance,2025-11-01,Tape Virtualisation,3,6608.44,11.63,-7.64
Compliance,2025-11-01,Tomcat,1,172.58,0.3,-3.57
Compliance,2025-11-01,VMware vSphere,3,673.76,1.19,-9.69
Compliance,2025-11-01,WebSphere Application Server,2,348.76,0.61,-5.47
Compliance,2025-11-01,Windows Server,3,536.39,0.94,-8.96
Compliance,2025-12-01,Block Storage,1,250.47,0.39,6.55
Compliance,2025-12-01,CICS Transaction Server,1,8864.83,13.68,21.48
Compliance,2025-12-01,COBOL Batch,1,981.56,1.51,19.53
Compliance,2025-12-01,Compute Instances,1,59.39,0.09,6.26
Compliance,2025-12-01,Data Warehouse,2,406.82,0.63,9.12
Compliance,2025-12-01,Db2 for z/OS,1,9080.66,14.01,13.24
Compliance,2025-12-01,F5 Load Balancing,4,1434.79,2.21,8.54
Compliance,2025-12-01,IMS Transaction Manager,2,3326.39,5.13,12.71
Compliance,2025-12-01,JCL Scheduler,2,8053.81,12.43,10.43
Compliance,2025-12-01,Kubernetes Service,2,710.56,1.1,6.89
Compliance,2025-12-01,Log Analytics,1,39.18,0.06,5.27
Compliance,2025-12-01,MQ for z/OS,1,562.69,0.87,11.64
Compliance,2025-12-01,Managed Redis,1,58.45,0.09,8.66
Compliance,2025-12-01,NetApp Storage,1,348.68,0.54,8.82
Compliance,2025-12-01,RACF Security,3,6244.93,9.64,16.51
Compliance,2025-12-01,Red Hat Enterprise Linux,2,351.9,0.54,9.91
Compliance,2025-12-01,SMF Analytics,3,14347.32,22.14,13.36
Compliance,2025-12-01,SQL Server,2,146.04,0.23,8.48
Compliance,2025-12-01,Secrets Manager,1,54.42,0.08,5.59
Compliance,2025-12-01,Serverless Functions,1,34.7,0.05,3.52
Compliance,2025-12-01,Tape Virtualisation,3,7617.55,11.75,15.27
Compliance,2025-12-01,Tomcat,1,172.59,0.27,0.01
Compliance,2025-12-01,VMware vSphere,3,713.47,1.1,5.89
Compliance,2025-12-01,WebSphere Application Server,2,377.6,0.58,8.27
Compliance,2025-12-01,Windows Server,3,568.03,0.88,5.9
Compliance,2026-01-01,Block Storage,1,258.51,0.43,3.21
Compliance,2026-01-01,CICS Transaction Server,1,7813.5,13.07,-11.86
Compliance,2026-01-01,COBOL Batch,1,835.17,1.4,-14.91
Compliance,2026-01-01,Compute Instances,1,56.48,0.09,-4.9
Compliance,2026-01-01,Data Warehouse,2,387.81,0.65,-4.67
Compliance,2026-01-01,Db2 for z/OS,1,8143.02,13.62,-10.33
Compliance,2026-01-01,F5 Load Balancing,4,1442.26,2.41,0.52
Compliance,2026-01-01,IMS Transaction Manager,2,3130.68,5.24,-5.88
Compliance,2026-01-01,JCL Scheduler,2,7501.71,12.55,-6.86
Compliance,2026-01-01,Kubernetes Service,2,702.13,1.17,-1.19
Compliance,2026-01-01,Log Analytics,1,38.82,0.06,-0.92
Compliance,2026-01-01,MQ for z/OS,1,525.23,0.88,-6.66
Compliance,2026-01-01,Managed Redis,1,55.82,0.09,-4.5
Compliance,2026-01-01,NetApp Storage,1,346.43,0.58,-0.65
Compliance,2026-01-01,RACF Security,3,5714.74,9.56,-8.49
Compliance,2026-01-01,Red Hat Enterprise Linux,2,342.98,0.57,-2.53
Compliance,2026-01-01,SMF Analytics,3,13430.99,22.47,-6.39
Compliance,2026-01-01,SQL Server,2,141.68,0.24,-2.99
Compliance,2026-01-01,Secrets Manager,1,53.77,0.09,-1.19
Compliance,2026-01-01,Serverless Functions,1,34.73,0.06,0.09
Compliance,2026-01-01,Tape Virtualisation,3,7006.18,11.72,-8.03
Compliance,2026-01-01,Tomcat,1,178.66,0.3,3.52
Compliance,2026-01-01,VMware vSphere,3,711.6,1.19,-0.26
Compliance,2026-01-01,WebSphere Application Server,2,364.29,0.61,-3.52
Compliance,2026-01-01,Windows Server,3,568.26,0.95,0.04
Compliance,2026-02-01,Block Storage,1,223.67,0.41,-13.48
Compliance,2026-02-01,CICS Transaction Server,1,7229.3,13.22,-7.48
Compliance,2026-02-01,COBOL Batch,1,781.71,1.43,-6.4
Compliance,2026-02-01,Compute Instances,1,51.41,0.09,-8.98
Compliance,2026-02-01,Data Warehouse,2,359.04,0.66,-7.42
Compliance,2026-02-01,Db2 for z/OS,1,7560.26,13.83,-7.16
Compliance,2026-02-01,F5 Load Balancing,4,1259.84,2.3,-12.65
Compliance,2026-02-01,IMS Transaction Manager,2,2889.18,5.28,-7.71
Compliance,2026-02-01,JCL Scheduler,2,6745.81,12.34,-10.08
Compliance,2026-02-01,Kubernetes Service,2,631.82,1.16,-10.01
Compliance,2026-02-01,Log Analytics,1,34.69,0.06,-10.64
Compliance,2026-02-01,MQ for z/OS,1,475.45,0.87,-9.48
Compliance,2026-02-01,Managed Redis,1,52.53,0.1,-5.89
Compliance,2026-02-01,NetApp Storage,1,310.1,0.57,-10.49
Compliance,2026-02-01,RACF Security,3,5173.52,9.46,-9.47
Compliance,2026-02-01,Red Hat Enterprise Linux,2,309.73,0.57,-9.69
Compliance,2026-02-01,SMF Analytics,3,12334.71,22.56,-8.16
Compliance,2026-02-01,SQL Server,2,127.48,0.23,-10.02
Compliance,2026-02-01,Secrets Manager,1,49.73,0.09,-7.51
Compliance,2026-02-01,Serverless Functions,1,32.07,0.06,-7.66
Compliance,2026-02-01,Tape Virtualisation,3,6405.48,11.72,-8.57
Compliance,2026-02-01,Tomcat,1,159.09,0.29,-10.95
Compliance,2026-02-01,VMware vSphere,3,632.88,1.16,-11.06
Compliance,2026-02-01,WebSphere Application Server,2,326.69,0.6,-10.32
Compliance,2026-02-01,Windows Server,3,519.98,0.95,-8.5
Compliance,2026-03-01,Block Storage,1,241.41,0.38,7.93
Compliance,2026-03-01,CICS Transaction Server,1,8551.79,13.54,18.29
Compliance,2026-03-01,COBOL Batch,1,935.98,1.48,19.73
Compliance,2026-03-01,Compute Instances,1,59.79,0.09,16.3
Compliance,2026-03-01,Data Warehouse,2,397.46,0.63,10.7
Compliance,2026-03-01,Db2 for z/OS,1,8558.45,13.55,13.2
Compliance,2026-03-01,F5 Load Balancing,4,1404.07,2.22,11.45
Compliance,2026-03-01,IMS Transaction Manager,2,3461.66,5.48,19.81
Compliance,2026-03-01,JCL Scheduler,2,8118.71,12.86,20.35
Compliance,2026-03-01,Kubernetes Service,2,699.26,1.11,10.67
Compliance,2026-03-01,Log Analytics,1,37.76,0.06,8.85
Compliance,2026-03-01,MQ for z/OS,1,580.48,0.92,22.09
Compliance,2026-03-01,Managed Redis,1,56.45,0.09,7.46
Compliance,2026-03-01,NetApp Storage,1,350.84,0.56,13.14
Compliance,2026-03-01,RACF Security,3,6041.2,9.57,16.77
Compliance,2026-03-01,Red Hat Enterprise Linux,2,345.3,0.55,11.48
Compliance,2026-03-01,SMF Analytics,3,13804.55,21.86,11.92
Compliance,2026-03-01,SQL Server,2,140.95,0.22,10.57
Compliance,2026-03-01,Secrets Manager,1,53.04,0.08,6.66
Compliance,2026-03-01,Serverless Functions,1,34.42,0.05,7.33
Compliance,2026-03-01,Tape Virtualisation,3,7460.8,11.81,16.48
Compliance,2026-03-01,Tomcat,1,177.0,0.28,11.26
Compliance,2026-03-01,VMware vSphere,3,720.67,1.14,13.87
Compliance,2026-03-01,WebSphere Application Server,2,363.93,0.58,11.4
Compliance,2026-03-01,Windows Server,3,556.16,0.88,6.96
Compliance,2026-04-01,Block Storage,1,231.55,0.39,-4.08
Compliance,2026-04-01,CICS Transaction Server,1,8201.81,13.81,-4.09
Compliance,2026-04-01,COBOL Batch,1,882.9,1.49,-5.67
Compliance,2026-04-01,Compute Instances,1,58.8,0.1,-1.66
Compliance,2026-04-01,Data Warehouse,2,370.27,0.62,-6.84
Compliance,2026-04-01,Db2 for z/OS,1,7898.71,13.3,-7.71
Compliance,2026-04-01,F5 Load Balancing,4,1387.31,2.34,-1.19
Compliance,2026-04-01,IMS Transaction Manager,2,3042.59,5.12,-12.11
Compliance,2026-04-01,JCL Scheduler,2,7295.21,12.29,-10.14
Compliance,2026-04-01,Kubernetes Service,2,671.97,1.13,-3.9
Compliance,2026-04-01,Log Analytics,1,38.31,0.06,1.46
Compliance,2026-04-01,MQ for z/OS,1,513.45,0.86,-11.55
Compliance,2026-04-01,Managed Redis,1,55.75,0.09,-1.24
Compliance,2026-04-01,NetApp Storage,1,332.13,0.56,-5.33
Compliance,2026-04-01,RACF Security,3,5641.37,9.5,-6.62
Compliance,2026-04-01,Red Hat Enterprise Linux,2,344.37,0.58,-0.27
Compliance,2026-04-01,SMF Analytics,3,13227.04,22.28,-4.18
Compliance,2026-04-01,SQL Server,2,138.12,0.23,-2.01
Compliance,2026-04-01,Secrets Manager,1,52.53,0.09,-0.96
Compliance,2026-04-01,Serverless Functions,1,34.79,0.06,1.07
Compliance,2026-04-01,Tape Virtualisation,3,7156.54,12.05,-4.08
Compliance,2026-04-01,Tomcat,1,171.81,0.29,-2.93
Compliance,2026-04-01,VMware vSphere,3,709.97,1.2,-1.48
Compliance,2026-04-01,WebSphere Application Server,2,358.57,0.6,-1.47
Compliance,2026-04-01,Windows Server,3,553.66,0.93,-0.45
Compliance,2026-05-01,Block Storage,1,246.14,0.42,6.3
Compliance,2026-05-01,CICS Transaction Server,1,7621.09,12.93,-7.08
Compliance,2026-05-01,COBOL Batch,1,828.05,1.41,-6.21
Compliance,2026-05-01,Compute Instances,1,56.03,0.1,-4.71
Compliance,2026-05-01,Data Warehouse,2,382.83,0.65,3.39
Compliance,2026-05-01,Db2 for z/OS,1,8375.28,14.21,6.03
Compliance,2026-05-01,F5 Load Balancing,4,1416.35,2.4,2.09
Compliance,2026-05-01,IMS Transaction Manager,2,3136.13,5.32,3.07
Compliance,2026-05-01,JCL Scheduler,2,7265.99,12.33,-0.4
Compliance,2026-05-01,Kubernetes Service,2,695.38,1.18,3.48
Compliance,2026-05-01,Log Analytics,1,38.91,0.07,1.57
Compliance,2026-05-01,MQ for z/OS,1,526.76,0.89,2.59
Compliance,2026-05-01,Managed Redis,1,55.39,0.09,-0.65
Compliance,2026-05-01,NetApp Storage,1,340.06,0.58,2.39
Compliance,2026-05-01,RACF Security,3,5523.21,9.37,-2.09
Compliance,2026-05-01,Red Hat Enterprise Linux,2,339.89,0.58,-1.3
Compliance,2026-05-01,SMF Analytics,3,13221.3,22.44,-0.04
Compliance,2026-05-01,SQL Server,2,142.44,0.24,3.13
Compliance,2026-05-01,Secrets Manager,1,51.67,0.09,-1.64
Compliance,2026-05-01,Serverless Functions,1,33.62,0.06,-3.36
Compliance,2026-05-01,Tape Virtualisation,3,6832.84,11.6,-4.52
Compliance,2026-05-01,Tomcat,1,170.29,0.29,-0.88
Compliance,2026-05-01,VMware vSphere,3,704.92,1.2,-0.71
Compliance,2026-05-01,WebSphere Application Server,2,355.63,0.6,-0.82
Compliance,2026-05-01,Windows Server,3,562.27,0.95,1.56
Compliance,2026-06-01,Block Storage,1,246.56,0.4,0.17
Compliance,2026-06-01,CICS Transaction Server,1,8388.59,13.55,10.07
Compliance,2026-06-01,COBOL Batch,1,900.23,1.45,8.72
Compliance,2026-06-01,Compute Instances,1,57.12,0.09,1.95
Compliance,2026-06-01,Data Warehouse,2,377.05,0.61,-1.51
Compliance,2026-06-01,Db2 for z/OS,1,8459.37,13.67,1.0
Compliance,2026-06-01,F5 Load Balancing,4,1382.43,2.23,-2.39
Compliance,2026-06-01,IMS Transaction Manager,2,3327.77,5.38,6.11
Compliance,2026-06-01,JCL Scheduler,2,7808.85,12.61,7.47
Compliance,2026-06-01,Kubernetes Service,2,686.94,1.11,-1.21
Compliance,2026-06-01,Log Analytics,1,35.85,0.06,-7.86
Compliance,2026-06-01,MQ for z/OS,1,539.74,0.87,2.46
Compliance,2026-06-01,Managed Redis,1,56.13,0.09,1.34
Compliance,2026-06-01,NetApp Storage,1,337.31,0.54,-0.81
Compliance,2026-06-01,RACF Security,3,5901.33,9.53,6.85
Compliance,2026-06-01,Red Hat Enterprise Linux,2,327.88,0.53,-3.53
Compliance,2026-06-01,SMF Analytics,3,13696.07,22.12,3.59
Compliance,2026-06-01,SQL Server,2,139.29,0.23,-2.21
Compliance,2026-06-01,Secrets Manager,1,49.73,0.08,-3.75
Compliance,2026-06-01,Serverless Functions,1,33.58,0.05,-0.12
Compliance,2026-06-01,Tape Virtualisation,3,7353.76,11.88,7.62
Compliance,2026-06-01,Tomcat,1,170.6,0.28,0.18
Compliance,2026-06-01,VMware vSphere,3,707.95,1.14,0.43
Compliance,2026-06-01,WebSphere Application Server,2,365.51,0.59,2.78
Compliance,2026-06-01,Windows Server,3,554.96,0.9,-1.3
Compliance,2026-07-01,Block Storage,1,245.23,0.4,-0.54
Compliance,2026-07-01,CICS Transaction Server,1,8312.36,13.52,-0.91
Compliance,2026-07-01,COBOL Batch,1,880.96,1.43,-2.14
Compliance,2026-07-01,Compute Instances,1,58.37,0.09,2.19
Compliance,2026-07-01,Data Warehouse,2,401.1,0.65,6.38
Compliance,2026-07-01,Db2 for z/OS,1,8515.4,13.85,0.66
Compliance,2026-07-01,F5 Load Balancing,4,1403.58,2.28,1.53
Compliance,2026-07-01,IMS Transaction Manager,2,3198.04,5.2,-3.9
Compliance,2026-07-01,JCL Scheduler,2,7753.73,12.61,-0.71
Compliance,2026-07-01,Kubernetes Service,2,701.96,1.14,2.19
Compliance,2026-07-01,Log Analytics,1,38.41,0.06,7.14
Compliance,2026-07-01,MQ for z/OS,1,538.03,0.88,-0.32
Compliance,2026-07-01,Managed Redis,1,56.77,0.09,1.14
Compliance,2026-07-01,NetApp Storage,1,344.95,0.56,2.26
Compliance,2026-07-01,RACF Security,3,5806.42,9.45,-1.61
Compliance,2026-07-01,Red Hat Enterprise Linux,2,350.94,0.57,7.03
Compliance,2026-07-01,SMF Analytics,3,13617.44,22.15,-0.57
Compliance,2026-07-01,SQL Server,2,145.96,0.24,4.79
Compliance,2026-07-01,Secrets Manager,1,53.14,0.09,6.86
Compliance,2026-07-01,Serverless Functions,1,34.38,0.06,2.38
Compliance,2026-07-01,Tape Virtualisation,3,7153.16,11.64,-2.73
Compliance,2026-07-01,Tomcat,1,185.08,0.3,8.49
Compliance,2026-07-01,VMware vSphere,3,743.45,1.21,5.01
Compliance,2026-07-01,WebSphere Application Server,2,366.3,0.6,0.22
Compliance,2026-07-01,Windows Server,3,569.93,0.93,2.7
Compliance,2026-08-01,Block Storage,1,244.97,0.42,-0.11
Compliance,2026-08-01,CICS Transaction Server,1,7742.49,13.14,-6.86
Compliance,2026-08-01,COBOL Batch,1,841.02,1.43,-4.53
Compliance,2026-08-01,Compute Instances,1,57.28,0.1,-1.87
Compliance,2026-08-01,Data Warehouse,2,393.45,0.67,-1.91
Compliance,2026-08-01,Db2 for z/OS,1,7966.44,13.52,-6.45
Compliance,2026-08-01,F5 Load Balancing,4,1365.54,2.32,-2.71
Compliance,2026-08-01,IMS Transaction Manager,2,3146.61,5.34,-1.61
Compliance,2026-08-01,JCL Scheduler,2,7442.61,12.63,-4.01
Compliance,2026-08-01,Kubernetes Service,2,696.74,1.18,-0.74
Compliance,2026-08-01,Log Analytics,1,38.31,0.07,-0.26
Compliance,2026-08-01,MQ for z/OS,1,531.55,0.9,-1.2
Compliance,2026-08-01,Managed Redis,1,55.43,0.09,-2.36
Compliance,2026-08-01,NetApp Storage,1,333.92,0.57,-3.2
Compliance,2026-08-01,RACF Security,3,5721.54,9.71,-1.46
Compliance,2026-08-01,Red Hat Enterprise Linux,2,341.87,0.58,-2.58
Compliance,2026-08-01,SMF Analytics,3,12964.51,22.0,-4.79
Compliance,2026-08-01,SQL Server,2,139.99,0.24,-4.09
Compliance,2026-08-01,Secrets Manager,1,52.35,0.09,-1.49
Compliance,2026-08-01,Serverless Functions,1,33.38,0.06,-2.91
Compliance,2026-08-01,Tape Virtualisation,3,7025.9,11.92,-1.78
Compliance,2026-08-01,Tomcat,1,168.87,0.29,-8.76
Compliance,2026-08-01,VMware vSphere,3,711.54,1.21,-4.29
Compliance,2026-08-01,WebSphere Application Server,2,360.83,0.61,-1.49
Compliance,2026-08-01,Windows Server,3,556.25,0.94,-2.4
Compliance,2026-09-01,Block Storage,1,241.12,0.39,-1.57
Compliance,2026-09-01,CICS Transaction Server,1,8207.27,13.28,6.0
Compliance,2026-09-01,COBOL Batch,1,877.17,1.42,4.3
Compliance,2026-09-01,Compute Instances,1,55.8,0.09,-2.58
Compliance,2026-09-01,Data Warehouse,2,381.44,0.62,-3.05
Compliance,2026-09-01,Db2 for z/OS,1,8788.15,14.22,10.31
Compliance,2026-09-01,F5 Load Balancing,4,1386.14,2.24,1.51
Compliance,2026-09-01,IMS Transaction Manager,2,3229.5,5.22,2.63
Compliance,2026-09-01,JCL Scheduler,2,7783.45,12.59,4.58
Compliance,2026-09-01,Kubernetes Service,2,703.01,1.14,0.9
Compliance,2026-09-01,Log Analytics,1,36.34,0.06,-5.14
Compliance,2026-09-01,MQ for z/OS,1,566.8,0.92,6.63
Compliance,2026-09-01,Managed Redis,1,55.58,0.09,0.27
Compliance,2026-09-01,NetApp Storage,1,332.95,0.54,-0.29
Compliance,2026-09-01,RACF Security,3,5973.28,9.66,4.4
Compliance,2026-09-01,Red Hat Enterprise Linux,2,338.17,0.55,-1.08
Compliance,2026-09-01,SMF Analytics,3,13542.02,21.91,4.45
Compliance,2026-09-01,SQL Server,2,137.89,0.22,-1.5
Compliance,2026-09-01,Secrets Manager,1,52.83,0.09,0.92
Compliance,2026-09-01,Serverless Functions,1,33.43,0.05,0.15
Compliance,2026-09-01,Tape Virtualisation,3,7323.68,11.85,4.24
Compliance,2026-09-01,Tomcat,1,170.94,0.28,1.23
Compliance,2026-09-01,VMware vSphere,3,687.42,1.11,-3.39
Compliance,2026-09-01,WebSphere Application Server,2,353.5,0.57,-2.03
Compliance,2026-09-01,Windows Server,3,553.97,0.9,-0.41
Customer Operations,2025-10-01,API Gateway,1,183.35,0.21,
Customer Operations,2025-10-01,Active Directory,3,871.89,1.01,
Customer Operations,2025-10-01,Block Storage,1,309.86,0.36,
Customer Operations,2025-10-01,CICS Transaction Server,1,1590.63,1.84,
Customer Operations,2025-10-01,COBOL Batch,2,9975.29,11.54,
Customer Operations,2025-10-01,Compute Instances,3,506.01,0.59,
Customer Operations,2025-10-01,Container Registry,1,40.38,0.05,
Customer Operations,2025-10-01,Data Warehouse,1,87.95,0.1,
Customer Operations,2025-10-01,Db2 for z/OS,2,3759.62,4.35,
Customer Operations,2025-10-01,F5 Load Balancing,1,215.02,0.25,
Customer Operations,2025-10-01,IMS Transaction Manager,5,11212.99,12.98,
Customer Operations,2025-10-01,JCL Scheduler,1,2038.47,2.36,
Customer Operations,2025-10-01,Machine Learning Platform,3,521.31,0.6,
Customer Operations,2025-10-01,Managed PostgreSQL,2,428.02,0.5,
Customer Operations,2025-10-01,Managed Redis,1,230.1,0.27,
Customer Operations,2025-10-01,Message Queue,2,716.45,0.83,
Customer Operations,2025-10-01,Nagios Monitoring,1,432.32,0.5,
Customer Operations,2025-10-01,NetApp Storage,3,974.76,1.13,
Customer Operations,2025-10-01,Oracle Database,1,90.07,0.1,
Customer Operations,2025-10-01,RACF Security,1,1268.83,1.47,
Customer Operations,2025-10-01,Red Hat Enterprise Linux,3,621.0,0.72,
Customer Operations,2025-10-01,SMF Analytics,2,24369.67,28.2,
Customer Operations,2025-10-01,SQL Server,1,92.8,0.11,
Customer Operations,2025-10-01,Secrets Manager,4,1524.28,1.76,
Customer Operations,2025-10-01,Serverless Functions,1,107.05,0.12,
Customer Operations,2025-10-01,Streaming Ingest,2,170.11,0.2,
Customer Operations,2025-10-01,Sysplex Coupling,1,572.47,0.66,
Customer Operations,2025-10-01,Tape Virtualisation,1,5403.32,6.25,
Customer Operations,2025-10-01,Tomcat,1,135.04,0.16,
Customer Operations,2025-10-01,VSAM Storage,5,10330.52,11.95,
Customer Operations,2025-10-01,Veeam Backup,1,115.23,0.13,
Customer Operations,2025-10-01,WebSphere Application Server,1,103.1,0.12,
Customer Operations,2025-10-01,Windows Server,1,135.99,0.16,
Customer Operations,2025-10-01,z/OS Connect,4,7285.44,8.43,
Customer Operations,2025-11-01,API Gateway,1,160.63,0.2,-12.39
Customer Operations,2025-11-01,Active Directory,3,830.96,1.04,-4.69
Customer Operations,2025-11-01,Block Storage,1,291.8,0.36,-5.83
Customer Operations,2025-11-01,CICS Transaction Server,1,1506.86,1.88,-5.27
Customer Operations,2025-11-01,COBOL Batch,2,9140.85,11.42,-8.37
Customer Operations,2025-11-01,Compute Instances,3,475.15,0.59,-6.1
Customer Operations,2025-11-01,Container Registry,1,38.3,0.05,-5.15
Customer Operations,2025-11-01,Data Warehouse,1,86.38,0.11,-1.79
Customer Operations,2025-11-01,Db2 for z/OS,2,3498.43,4.37,-6.95
Customer Operations,2025-11-01,F5 Load Balancing,1,202.34,0.25,-5.9
Customer Operations,2025-11-01,IMS Transaction Manager,5,10374.28,12.96,-7.48
Customer Operations,2025-11-01,JCL Scheduler,1,1858.11,2.32,-8.85
Customer Operations,2025-11-01,Machine Learning Platform,3,485.44,0.61,-6.88
Customer Operations,2025-11-01,Managed PostgreSQL,2,395.85,0.49,-7.52
Customer Operations,2025-11-01,Managed Redis,1,220.86,0.28,-4.02
Customer Operations,2025-11-01,Message Queue,2,705.37,0.88,-1.55
Customer Operations,2025-11-01,Nagios Monitoring,1,397.27,0.5,-8.11
Customer Operations,2025-11-01,NetApp Storage,3,917.85,1.15,-5.84
Customer Operations,2025-11-01,Oracle Database,1,86.68,0.11,-3.76
Customer Operations,2025-11-01,RACF Security,1,1213.83,1.52,-4.33
Customer Operations,2025-11-01,Red Hat Enterprise Linux,3,602.43,0.75,-2.99
Customer Operations,2025-11-01,SMF Analytics,2,22821.73,28.52,-6.35
Customer Operations,2025-11-01,SQL Server,1,89.48,0.11,-3.58
Customer Operations,2025-11-01,Secrets Manager,4,1465.52,1.83,-3.85
Customer Operations,2025-11-01,Serverless Functions,1,96.05,0.12,-10.28
Customer Operations,2025-11-01,Streaming Ingest,2,160.51,0.2,-5.64
Customer Operations,2025-11-01,Sysplex Coupling,1,525.79,0.66,-8.15
Customer Operations,2025-11-01,Tape Virtualisation,1,5065.96,6.33,-6.24
Customer Operations,2025-11-01,Tomcat,1,129.77,0.16,-3.9
Customer Operations,2025-11-01,VSAM Storage,5,9207.08,11.51,-10.87
Customer Operations,2025-11-01,Veeam Backup,1,110.47,0.14,-4.13
Customer Operations,2025-11-01,WebSphere Application Server,1,96.09,0.12,-6.8
Customer Operations,2025-11-01,Windows Server,1,126.94,0.16,-6.65
Customer Operations,2025-11-01,z/OS Connect,4,6636.16,8.29,-8.91
Customer Operations,2025-12-01,API Gateway,1,183.76,0.2,14.4
Customer Operations,2025-12-01,Active Directory,3,867.29,0.95,4.37
Customer Operations,2025-12-01,Block Storage,1,318.36,0.35,9.1
Customer Operations,2025-12-01,CICS Transaction Server,1,1699.88,1.87,12.81
Customer Operations,2025-12-01,COBOL Batch,2,10440.1,11.48,14.21
Customer Operations,2025-12-01,Compute Instances,3,516.59,0.57,8.72
Customer Operations,2025-12-01,Container Registry,1,41.47,0.05,8.28
Customer Operations,2025-12-01,Data Warehouse,1,88.98,0.1,3.01
Customer Operations,2025-12-01,Db2 for z/OS,2,3946.83,4.34,12.82
Customer Operations,2025-12-01,F5 Load Balancing,1,220.12,0.24,8.79
Customer Operations,2025-12-01,IMS Transaction Manager,5,11908.89,13.1,14.79
Customer Operations,2025-12-01,JCL Scheduler,1,2121.32,2.33,14.17
Customer Operations,2025-12-01,Machine Learning Platform,3,520.33,0.57,7.19
Customer Operations,2025-12-01,Managed PostgreSQL,2,417.64,0.46,5.5
Customer Operations,2025-12-01,Managed Redis,1,238.95,0.26,8.19
Customer Operations,2025-12-01,Message Queue,2,719.06,0.79,1.94
Customer Operations,2025-12-01,Nagios Monitoring,1,410.05,0.45,3.22
Customer Operations,2025-12-01,NetApp Storage,3,973.86,1.07,6.1
Customer Operations,2025-12-01,Oracle Database,1,92.34,0.1,6.53
Customer Operations,2025-12-01,RACF Security,1,1434.8,1.58,18.2
Customer Operations,2025-12-01,Red Hat Enterprise Linux,3,634.65,0.7,5.35
Customer Operations,2025-12-01,SMF Analytics,2,26134.71,28.75,14.52
Customer Operations,2025-12-01,SQL Server,1,91.01,0.1,1.71
Customer Operations,2025-12-01,Secrets Manager,4,1545.55,1.7,5.46
Customer Operations,2025-12-01,Serverless Functions,1,111.82,0.12,16.42
Customer Operations,2025-12-01,Streaming Ingest,2,168.84,0.19,5.19
Customer Operations,2025-12-01,Sysplex Coupling,1,588.75,0.65,11.97
Customer Operations,2025-12-01,Tape Virtualisation,1,5701.6,6.27,12.55
Customer Operations,2025-12-01,Tomcat,1,132.47,0.15,2.08
Customer Operations,2025-12-01,VSAM Storage,5,10494.46,11.54,13.98
Customer Operations,2025-12-01,Veeam Backup,1,113.78,0.13,3.0
Customer Operations,2025-12-01,WebSphere Application Server,1,101.54,0.11,5.67
Customer Operations,2025-12-01,Windows Server,1,137.54,0.15,8.35
Customer Operations,2025-12-01,z/OS Connect,4,7801.59,8.58,17.56
Customer Operations,2026-01-01,API Gateway,1,176.97,0.21,-3.7
Customer Operations,2026-01-01,Active Directory,3,878.08,1.05,1.24
Customer Operations,2026-01-01,Block Storage,1,305.14,0.37,-4.15
Customer Operations,2026-01-01,CICS Transaction Server,1,1572.12,1.89,-7.52
Customer Operations,2026-01-01,COBOL Batch,2,9515.98,11.42,-8.85
Customer Operations,2026-01-01,Compute Instances,3,496.16,0.6,-3.95
Customer Operations,2026-01-01,Container Registry,1,40.97,0.05,-1.21
Customer Operations,2026-01-01,Data Warehouse,1,90.15,0.11,1.31
Customer Operations,2026-01-01,Db2 for z/OS,2,3600.37,4.32,-8.78
Customer Operations,2026-01-01,F5 Load Balancing,1,217.52,0.26,-1.18
Customer Operations,2026-01-01,IMS Transaction Manager,5,10759.19,12.91,-9.65
Customer Operations,2026-01-01,JCL Scheduler,1,1897.39,2.28,-10.56
Customer Operations,2026-01-01,Machine Learning Platform,3,509.15,0.61,-2.15
Customer Operations,2026-01-01,Managed PostgreSQL,2,417.43,0.5,-0.05
Customer Operations,2026-01-01,Managed Redis,1,236.71,0.28,-0.94
Customer Operations,2026-01-01,Message Queue,2,716.19,0.86,-0.4
Customer Operations,2026-01-01,Nagios Monitoring,1,401.55,0.48,-2.07
Customer Operations,2026-01-01,NetApp Storage,3,981.46,1.18,0.78
Customer Operations,2026-01-01,Oracle Database,1,91.09,0.11,-1.35
Customer Operations,2026-01-01,RACF Security,1,1260.49,1.51,-12.15
Customer Operations,2026-01-01,Red Hat Enterprise Linux,3,616.48,0.74,-2.86
Customer Operations,2026-01-01,SMF Analytics,2,23744.29,28.49,-9.15
Customer Operations,2026-01-01,SQL Server,1,90.57,0.11,-0.48
Customer Operations,2026-01-01,Secrets Manager,4,1558.2,1.87,0.82
Customer Operations,2026-01-01,Serverless Functions,1,106.26,0.13,-4.97
Customer Operations,2026-01-01,Streaming Ingest,2,167.4,0.2,-0.85
Customer Operations,2026-01-01,Sysplex Coupling,1,539.08,0.65,-8.44
Customer Operations,2026-01-01,Tape Virtualisation,1,5170.96,6.2,-9.31
Customer Operations,2026-01-01,Tomcat,1,135.31,0.16,2.14
Customer Operations,2026-01-01,VSAM Storage,5,9601.44,11.52,-8.51
Customer Operations,2026-01-01,Veeam Backup,1,114.69,0.14,0.8
Customer Operations,2026-01-01,WebSphere Application Server,1,102.13,0.12,0.58
Customer Operations,2026-01-01,Windows Server,1,136.61,0.16,-0.68
Customer Operations,2026-01-01,z/OS Connect,4,7092.68,8.51,-9.09
Customer Operations,2026-02-01,API Gateway,1,162.64,0.22,-8.1
Customer Operations,2026-02-01,Active Directory,3,772.29,1.02,-12.05
Customer Operations,2026-02-01,Block Storage,1,279.33,0.37,-8.46
Customer Operations,2026-02-01,CICS Transaction Server,1,1399.56,1.85,-10.98
Customer Operations,2026-02-01,COBOL Batch,2,8728.22,11.56,-8.28
Customer Operations,2026-02-01,Compute Instances,3,458.27,0.61,-7.64
Customer Operations,2026-02-01,Container Registry,1,36.17,0.05,-11.72
Customer Operations,2026-02-01,Data Warehouse,1,81.94,0.11,-9.11
Customer Operations,2026-02-01,Db2 for z/OS,2,3232.59,4.28,-10.22
Customer Operations,2026-02-01,F5 Load Balancing,1,187.3,0.25,-13.89
Customer Operations,2026-02-01,IMS Transaction Manager,5,9833.98,13.03,-8.6
Customer Operations,2026-02-01,JCL Scheduler,1,1792.7,2.37,-5.52
Customer Operations,2026-02-01,Machine Learning Platform,3,457.78,0.61,-10.09
Customer Operations,2026-02-01,Managed PostgreSQL,2,385.53,0.51,-7.64
Customer Operations,2026-02-01,Managed Redis,1,215.27,0.29,-9.06
Customer Operations,2026-02-01,Message Queue,2,647.05,0.86,-9.65
Customer Operations,2026-02-01,Nagios Monitoring,1,362.6,0.48,-9.7
Customer Operations,2026-02-01,NetApp Storage,3,873.65,1.16,-10.98
Customer Operations,2026-02-01,Oracle Database,1,80.4,0.11,-11.74
Customer Operations,2026-02-01,RACF Security,1,1097.12,1.45,-12.96
Customer Operations,2026-02-01,Red Hat Enterprise Linux,3,562.4,0.75,-8.77
Customer Operations,2026-02-01,SMF Analytics,2,21339.27,28.27,-10.13
Customer Operations,2026-02-01,SQL Server,1,80.77,0.11,-10.82
Customer Operations,2026-02-01,Secrets Manager,4,1411.41,1.87,-9.42
Customer Operations,2026-02-01,Serverless Functions,1,91.92,0.12,-13.5
Customer Operations,2026-02-01,Streaming Ingest,2,153.96,0.2,-8.03
Customer Operations,2026-02-01,Sysplex Coupling,1,483.41,0.64,-10.33
Customer Operations,2026-02-01,Tape Virtualisation,1,4717.5,6.25,-8.77
Customer Operations,2026-02-01,Tomcat,1,122.52,0.16,-9.45
Customer Operations,2026-02-01,VSAM Storage,5,8784.96,11.64,-8.5
Customer Operations,2026-02-01,Veeam Backup,1,98.87,0.13,-13.79
Customer Operations,2026-02-01,WebSphere Application Server,1,89.46,0.12,-12.41
Customer Operations,2026-02-01,Windows Server,1,122.37,0.16,-10.42
Customer Operations,2026-02-01,z/OS Connect,4,6344.25,8.4,-10.55
Customer Operations,2026-03-01,API Gateway,1,178.33,0.2,9.65
Customer Operations,2026-03-01,Active Directory,3,877.65,0.98,13.64
Customer Operations,2026-03-01,Block Storage,1,309.84,0.35,10.92
Customer Operations,2026-03-01,CICS Transaction Server,1,1738.29,1.95,24.2
Customer Operations,2026-03-01,COBOL Batch,2,10065.32,11.27,15.32
Customer Operations,2026-03-01,Compute Instances,3,505.13,0.57,10.23
Customer Operations,2026-03-01,Container Registry,1,39.78,0.04,9.98
Customer Operations,2026-03-01,Data Warehouse,1,88.13,0.1,7.55
Customer Operations,2026-03-01,Db2 for z/OS,2,3863.19,4.33,19.51
Customer Operations,2026-03-01,F5 Load Balancing,1,216.66,0.24,15.68
Customer Operations,2026-03-01,IMS Transaction Manager,5,11707.55,13.11,19.05
Customer Operations,2026-03-01,JCL Scheduler,1,2028.96,2.27,13.18
Customer Operations,2026-03-01,Machine Learning Platform,3,512.85,0.57,12.03
Customer Operations,2026-03-01,Managed PostgreSQL,2,417.11,0.47,8.19
Customer Operations,2026-03-01,Managed Redis,1,234.08,0.26,8.74
Customer Operations,2026-03-01,Message Queue,2,746.04,0.84,15.3
Customer Operations,2026-03-01,Nagios Monitoring,1,405.01,0.45,11.7
Customer Operations,2026-03-01,NetApp Storage,3,960.56,1.08,9.95
Customer Operations,2026-03-01,Oracle Database,1,90.85,0.1,13.0
Customer Operations,2026-03-01,RACF Security,1,1388.49,1.56,26.56
Customer Operations,2026-03-01,Red Hat Enterprise Linux,3,632.35,0.71,12.44
Customer Operations,2026-03-01,SMF Analytics,2,25282.49,28.32,18.48
Customer Operations,2026-03-01,SQL Server,1,91.21,0.1,12.93
Customer Operations,2026-03-01,Secrets Manager,4,1540.95,1.73,9.18
Customer Operations,2026-03-01,Serverless Functions,1,104.24,0.12,13.4
Customer Operations,2026-03-01,Streaming Ingest,2,168.08,0.19,9.17
Customer Operations,2026-03-01,Sysplex Coupling,1,586.15,0.66,21.25
Customer Operations,2026-03-01,Tape Virtualisation,1,5921.59,6.63,25.52
Customer Operations,2026-03-01,Tomcat,1,135.19,0.15,10.34
Customer Operations,2026-03-01,VSAM Storage,5,10701.37,11.99,21.81
Customer Operations,2026-03-01,Veeam Backup,1,114.94,0.13,16.25
Customer Operations,2026-03-01,WebSphere Application Server,1,102.42,0.11,14.49
Customer Operations,2026-03-01,Windows Server,1,134.64,0.15,10.03
Customer Operations,2026-03-01,z/OS Connect,4,7392.16,8.28,16.52
Customer Operations,2026-04-01,API Gateway,1,162.04,0.19,-9.13
Customer Operations,2026-04-01,Active Directory,3,865.78,1.04,-1.35
Customer Operations,2026-04-01,Block Storage,1,302.13,0.36,-2.49
Customer Operations,2026-04-01,CICS Transaction Server,1,1553.73,1.86,-10.62
Customer Operations,2026-04-01,COBOL Batch,2,9362.13,11.21,-6.99
Customer Operations,2026-04-01,Compute Instances,3,487.79,0.58,-3.43
Customer Operations,2026-04-01,Container Registry,1,40.07,0.05,0.73
Customer Operations,2026-04-01,Data Warehouse,1,85.36,0.1,-3.14
Customer Operations,2026-04-01,Db2 for z/OS,2,3565.32,4.27,-7.71
Customer Operations,2026-04-01,F5 Load Balancing,1,209.15,0.25,-3.47
Customer Operations,2026-04-01,IMS Transaction Manager,5,10494.38,12.57,-10.36
Customer Operations,2026-04-01,JCL Scheduler,1,2003.01,2.4,-1.28
Customer Operations,2026-04-01,Machine Learning Platform,3,499.68,0.6,-2.57
Customer Operations,2026-04-01,Managed PostgreSQL,2,407.54,0.49,-2.29
Customer Operations,2026-04-01,Managed Redis,1,228.21,0.27,-2.51
Customer Operations,2026-04-01,Message Queue,2,693.88,0.83,-6.99
Customer Operations,2026-04-01,Nagios Monitoring,1,382.9,0.46,-5.46
Customer Operations,2026-04-01,NetApp Storage,3,936.63,1.12,-2.49
Customer Operations,2026-04-01,Oracle Database,1,87.24,0.1,-3.97
Customer Operations,2026-04-01,RACF Security,1,1223.7,1.47,-11.87
Customer Operations,2026-04-01,Red Hat Enterprise Linux,3,609.47,0.73,-3.62
Customer Operations,2026-04-01,SMF Analytics,2,24360.51,29.17,-3.65
Customer Operations,2026-04-01,SQL Server,1,89.22,0.11,-2.18
Customer Operations,2026-04-01,Secrets Manager,4,1466.09,1.76,-4.86
Customer Operations,2026-04-01,Serverless Functions,1,97.39,0.12,-6.57
Customer Operations,2026-04-01,Streaming Ingest,2,169.31,0.2,0.73
Customer Operations,2026-04-01,Sysplex Coupling,1,548.13,0.66,-6.49
Customer Operations,2026-04-01,Tape Virtualisation,1,5338.87,6.39,-9.84
Customer Operations,2026-04-01,Tomcat,1,133.01,0.16,-1.61
Customer Operations,2026-04-01,VSAM Storage,5,9852.01,11.8,-7.94
Customer Operations,2026-04-01,Veeam Backup,1,113.41,0.14,-1.33
Customer Operations,2026-04-01,WebSphere Application Server,1,98.32,0.12,-4.0
Customer Operations,2026-04-01,Windows Server,1,130.3,0.16,-3.22
Customer Operations,2026-04-01,z/OS Connect,4,6910.53,8.28,-6.52
Customer Operations,2026-05-01,API Gateway,1,176.42,0.21,8.87
Customer Operations,2026-05-01,Active Directory,3,863.54,1.04,-0.26
Customer Operations,2026-05-01,Block Storage,1,290.78,0.35,-3.76
Customer Operations,2026-05-01,CICS Transaction Server,1,1548.2,1.86,-0.36
Customer Operations,2026-05-01,COBOL Batch,2,9424.35,11.31,0.66
Customer Operations,2026-05-01,Compute Instances,3,498.49,0.6,2.19
Customer Operations,2026-05-01,Container Registry,1,40.86,0.05,1.97
Customer Operations,2026-05-01,Data Warehouse,1,89.92,0.11,5.34
Customer Operations,2026-05-01,Db2 for z/OS,2,3519.05,4.22,-1.3
Customer Operations,2026-05-01,F5 Load Balancing,1,209.18,0.25,0.01
Customer Operations,2026-05-01,IMS Transaction Manager,5,10572.62,12.69,0.75
Customer Operations,2026-05-01,JCL Scheduler,1,1908.94,2.29,-4.7
Customer Operations,2026-05-01,Machine Learning Platform,3,503.74,0.6,0.81
Customer Operations,2026-05-01,Managed PostgreSQL,2,403.95,0.48,-0.88
Customer Operations,2026-05-01,Managed Redis,1,239.19,0.29,4.81
Customer Operations,2026-05-01,Message Queue,2,699.98,0.84,0.88
Customer Operations,2026-05-01,Nagios Monitoring,1,385.82,0.46,0.76
Customer Operations,2026-05-01,NetApp Storage,3,961.97,1.15,2.71
Customer Operations,2026-05-01,Oracle Database,1,90.68,0.11,3.94
Customer Operations,2026-05-01,RACF Security,1,1288.78,1.55,5.32
Customer Operations,2026-05-01,Red Hat Enterprise Linux,3,619.2,0.74,1.6
Customer Operations,2026-05-01,SMF Analytics,2,24235.39,29.09,-0.51
Customer Operations,2026-05-01,SQL Server,1,90.17,0.11,1.06
Customer Operations,2026-05-01,Secrets Manager,4,1483.43,1.78,1.18
Customer Operations,2026-05-01,Serverless Functions,1,106.49,0.13,9.34
Customer Operations,2026-05-01,Streaming Ingest,2,163.6,0.2,-3.37
Customer Operations,2026-05-01,Sysplex Coupling,1,540.99,0.65,-1.3
Customer Operations,2026-05-01,Tape Virtualisation,1,5278.71,6.34,-1.13
Customer Operations,2026-05-01,Tomcat,1,136.06,0.16,2.29
Customer Operations,2026-05-01,VSAM Storage,5,9653.88,11.59,-2.01
Customer Operations,2026-05-01,Veeam Backup,1,119.82,0.14,5.65
Customer Operations,2026-05-01,WebSphere Application Server,1,99.95,0.12,1.66
Customer Operations,2026-05-01,Windows Server,1,131.21,0.16,0.7
Customer Operations,2026-05-01,z/OS Connect,4,6922.54,8.31,0.17
Customer Operations,2026-06-01,API Gateway,1,170.06,0.2,-3.61
Customer Operations,2026-06-01,Active Directory,3,841.88,0.97,-2.51
Customer Operations,2026-06-01,Block Storage,1,308.93,0.35,6.24
Customer Operations,2026-06-01,CICS Transaction Server,1,1669.05,1.92,7.81
Customer Operations,2026-06-01,COBOL Batch,2,9803.83,11.25,4.03
Customer Operations,2026-06-01,Compute Instances,3,497.34,0.57,-0.23
Customer Operations,2026-06-01,Container Registry,1,40.13,0.05,-1.79
Customer Operations,2026-06-01,Data Warehouse,1,86.5,0.1,-3.8
Customer Operations,2026-06-01,Db2 for z/OS,2,3680.49,4.22,4.59
Customer Operations,2026-06-01,F5 Load Balancing,1,210.14,0.24,0.46
Customer Operations,2026-06-01,IMS Transaction Manager,5,11469.64,13.16,8.48
Customer Operations,2026-06-01,JCL Scheduler,1,1937.69,2.22,1.51
Customer Operations,2026-06-01,Machine Learning Platform,3,501.84,0.58,-0.38
Customer Operations,2026-06-01,Managed PostgreSQL,2,412.71,0.47,2.17
Customer Operations,2026-06-01,Managed Redis,1,229.52,0.26,-4.04
Customer Operations,2026-06-01,Message Queue,2,726.82,0.83,3.83
Customer Operations,2026-06-01,Nagios Monitoring,1,420.05,0.48,8.87
Customer Operations,2026-06-01,NetApp Storage,3,951.72,1.09,-1.07
Customer Operations,2026-06-01,Oracle Database,1,93.07,0.11,2.64
Customer Operations,2026-06-01,RACF Security,1,1323.26,1.52,2.68
Customer Operations,2026-06-01,Red Hat Enterprise Linux,3,607.24,0.7,-1.93
Customer Operations,2026-06-01,SMF Analytics,2,25294.98,29.03,4.37
Customer Operations,2026-06-01,SQL Server,1,88.45,0.1,-1.91
Customer Operations,2026-06-01,Secrets Manager,4,1557.68,1.79,5.01
Customer Operations,2026-06-01,Serverless Functions,1,102.6,0.12,-3.65
Customer Operations,2026-06-01,Streaming Ingest,2,161.11,0.18,-1.52
Customer Operations,2026-06-01,Sysplex Coupling,1,598.35,0.69,10.6
Customer Operations,2026-06-01,Tape Virtualisation,1,5458.42,6.26,3.4
Customer Operations,2026-06-01,Tomcat,1,127.11,0.15,-6.58
Customer Operations,2026-06-01,VSAM Storage,5,10136.26,11.63,5.0
Customer Operations,2026-06-01,Veeam Backup,1,113.21,0.13,-5.52
Customer Operations,2026-06-01,WebSphere Application Server,1,100.69,0.12,0.74
Customer Operations,2026-06-01,Windows Server,1,132.79,0.15,1.2
Customer Operations,2026-06-01,z/OS Connect,4,7294.06,8.37,5.37
Customer Operations,2026-07-01,API Gateway,1,177.14,0.2,4.16
Customer Operations,2026-07-01,Active Directory,3,872.23,1.0,3.61
Customer Operations,2026-07-01,Block Storage,1,314.3,0.36,1.74
Customer Operations,2026-07-01,CICS Transaction Server,1,1597.24,1.83,-4.3
Customer Operations,2026-07-01,COBOL Batch,2,9998.13,11.48,1.98
Customer Operations,2026-07-01,Compute Instances,3,495.68,0.57,-0.33
Customer Operations,2026-07-01,Container Registry,1,41.08,0.05,2.37
Customer Operations,2026-07-01,Data Warehouse,1,90.36,0.1,4.46
Customer Operations,2026-07-01,Db2 for z/OS,2,3730.27,4.28,1.35
Customer Operations,2026-07-01,F5 Load Balancing,1,220.28,0.25,4.83
Customer Operations,2026-07-01,IMS Transaction Manager,5,11044.61,12.69,-3.71
Customer Operations,2026-07-01,JCL Scheduler,1,2027.73,2.33,4.65
Customer Operations,2026-07-01,Machine Learning Platform,3,520.69,0.6,3.76
Customer Operations,2026-07-01,Managed PostgreSQL,2,422.57,0.49,2.39
Customer Operations,2026-07-01,Managed Redis,1,235.88,0.27,2.77
Customer Operations,2026-07-01,Message Queue,2,715.09,0.82,-1.61
Customer Operations,2026-07-01,Nagios Monitoring,1,406.0,0.47,-3.34
Customer Operations,2026-07-01,NetApp Storage,3,984.14,1.13,3.41
Customer Operations,2026-07-01,Oracle Database,1,92.05,0.11,-1.1
Customer Operations,2026-07-01,RACF Security,1,1324.56,1.52,0.1
Customer Operations,2026-07-01,Red Hat Enterprise Linux,3,611.38,0.7,0.68
Customer Operations,2026-07-01,SMF Analytics,2,25380.09,29.15,0.34
Customer Operations,2026-07-01,SQL Server,1,92.14,0.11,4.17
Customer Operations,2026-07-01,Secrets Manager,4,1629.48,1.87,4.61
Customer Operations,2026-07-01,Serverless Functions,1,105.41,0.12,2.74
Customer Operations,2026-07-01,Streaming Ingest,2,170.53,0.2,5.85
Customer Operations,2026-07-01,Sysplex Coupling,1,545.68,0.63,-8.8
Customer Operations,2026-07-01,Tape Virtualisation,1,5503.08,6.32,0.82
Customer Operations,2026-07-01,Tomcat,1,138.77,0.16,9.17
Customer Operations,2026-07-01,VSAM Storage,5,9987.55,11.47,-1.47
Customer Operations,2026-07-01,Veeam Backup,1,116.54,0.13,2.94
Customer Operations,2026-07-01,WebSphere Application Server,1,99.34,0.11,-1.34
Customer Operations,2026-07-01,Windows Server,1,136.65,0.16,2.91
Customer Operations,2026-07-01,z/OS Connect,4,7232.0,8.31,-0.85
Customer Operations,2026-08-01,API Gateway,1,178.74,0.21,0.9
Customer Operations,2026-08-01,Active Directory,3,851.13,1.01,-2.42
Customer Operations,2026-08-01,Block Storage,1,296.27,0.35,-5.74
Customer Operations,2026-08-01,CICS Transaction Server,1,1529.21,1.82,-4.26
Customer Operations,2026-08-01,COBOL Batch,2,9605.78,11.44,-3.92
Customer Operations,2026-08-01,Compute Instances,3,489.66,0.58,-1.21
Customer Operations,2026-08-01,Container Registry,1,40.87,0.05,-0.51
Customer Operations,2026-08-01,Data Warehouse,1,84.4,0.1,-6.6
Customer Operations,2026-08-01,Db2 for z/OS,2,3630.19,4.32,-2.68
Customer Operations,2026-08-01,F5 Load Balancing,1,210.95,0.25,-4.24
Customer Operations,2026-08-01,IMS Transaction Manager,5,11036.26,13.14,-0.08
Customer Operations,2026-08-01,JCL Scheduler,1,1961.01,2.34,-3.29
Customer Operations,2026-08-01,Machine Learning Platform,3,509.04,0.61,-2.24
Customer Operations,2026-08-01,Managed PostgreSQL,2,409.58,0.49,-3.07
Customer Operations,2026-08-01,Managed Redis,1,225.34,0.27,-4.47
Customer Operations,2026-08-01,Message Queue,2,715.57,0.85,0.07
Customer Operations,2026-08-01,Nagios Monitoring,1,392.86,0.47,-3.24
Customer Operations,2026-08-01,NetApp Storage,3,942.58,1.12,-4.22
Customer Operations,2026-08-01,Oracle Database,1,89.55,0.11,-2.72
Customer Operations,2026-08-01,RACF Security,1,1247.72,1.49,-5.8
Customer Operations,2026-08-01,Red Hat Enterprise Linux,3,611.62,0.73,0.04
Customer Operations,2026-08-01,SMF Analytics,2,23908.39,28.47,-5.8
Customer Operations,2026-08-01,SQL Server,1,92.16,0.11,0.02
Customer Operations,2026-08-01,Secrets Manager,4,1504.66,1.79,-7.66
Customer Operations,2026-08-01,Serverless Functions,1,102.68,0.12,-2.59
Customer Operations,2026-08-01,Streaming Ingest,2,167.85,0.2,-1.57
Customer Operations,2026-08-01,Sysplex Coupling,1,548.15,0.65,0.45
Customer Operations,2026-08-01,Tape Virtualisation,1,5364.44,6.39,-2.52
Customer Operations,2026-08-01,Tomcat,1,133.69,0.16,-3.66
Customer Operations,2026-08-01,VSAM Storage,5,9695.59,11.54,-2.92
Customer Operations,2026-08-01,Veeam Backup,1,116.0,0.14,-0.46
Customer Operations,2026-08-01,WebSphere Application Server,1,96.96,0.12,-2.4
Customer Operations,2026-08-01,Windows Server,1,130.87,0.16,-4.23
Customer Operations,2026-08-01,z/OS Connect,4,7062.83,8.41,-2.34
Customer Operations,2026-09-01,API Gateway,1,169.45,0.19,-5.2
Customer Operations,2026-09-01,Active Directory,3,835.71,0.95,-1.81
Customer Operations,2026-09-01,Block Storage,1,298.71,0.34,0.82
Customer Operations,2026-09-01,CICS Transaction Server,1,1640.93,1.87,7.31
Customer Operations,2026-09-01,COBOL Batch,2,9969.97,11.38,3.79
Customer Operations,2026-09-01,Compute Instances,3,500.44,0.57,2.2
Customer Operations,2026-09-01,Container Registry,1,39.33,0.04,-3.77
Customer Operations,2026-09-01,Data Warehouse,1,84.84,0.1,0.52
Customer Operations,2026-09-01,Db2 for z/OS,2,3791.37,4.33,4.44
Customer Operations,2026-09-01,F5 Load Balancing,1,212.06,0.24,0.53
Customer Operations,2026-09-01,IMS Transaction Manager,5,11315.55,12.91,2.53
Customer Operations,2026-09-01,JCL Scheduler,1,2067.21,2.36,5.42
Customer Operations,2026-09-01,Machine Learning Platform,3,498.33,0.57,-2.1
Customer Operations,2026-09-01,Managed PostgreSQL,2,407.27,0.46,-0.56
Customer Operations,2026-09-01,Managed Redis,1,227.36,0.26,0.9
Customer Operations,2026-09-01,Message Queue,2,704.17,0.8,-1.59
Customer Operations,2026-09-01,Nagios Monitoring,1,398.7,0.46,1.49
Customer Operations,2026-09-01,NetApp Storage,3,937.69,1.07,-0.52
Customer Operations,2026-09-01,Oracle Database,1,91.89,0.1,2.61
Customer Operations,2026-09-01,RACF Security,1,1261.13,1.44,1.07
Customer Operations,2026-09-01,Red Hat Enterprise Linux,3,605.37,0.69,-1.02
Customer Operations,2026-09-01,SMF Analytics,2,25414.71,29.0,6.3
Customer Operations,2026-09-01,SQL Server,1,89.75,0.1,-2.62
Customer Operations,2026-09-01,Secrets Manager,4,1509.65,1.72,0.33
Customer Operations,2026-09-01,Serverless Functions,1,104.05,0.12,1.33
Customer Operations,2026-09-01,Streaming Ingest,2,165.26,0.19,-1.54
Customer Operations,2026-09-01,Sysplex Coupling,1,585.81,0.67,6.87
Customer Operations,2026-09-01,Tape Virtualisation,1,5705.75,6.51,6.36
Customer Operations,2026-09-01,Tomcat,1,132.38,0.15,-0.98
Customer Operations,2026-09-01,VSAM Storage,5,10107.12,11.53,4.24
Customer Operations,2026-09-01,Veeam Backup,1,110.31,0.13,-4.91
Customer Operations,2026-09-01,WebSphere Application Server,1,101.62,0.12,4.81
Customer Operations,2026-09-01,Windows Server,1,128.11,0.15,-2.11
Customer Operations,2026-09-01,z/OS Connect,4,7413.33,8.46,4.96
Cyber Security,2025-10-01,API Gateway,2,157.35,0.44,
Cyber Security,2025-10-01,Active Directory,2,917.33,2.58,
Cyber Security,2025-10-01,Block Storage,4,799.79,2.25,
Cyber Security,2025-10-01,CICS Transaction Server,1,1354.51,3.8,
Cyber Security,2025-10-01,COBOL Batch,2,4615.79,12.96,
Cyber Security,2025-10-01,Container Registry,1,446.08,1.25,
Cyber Security,2025-10-01,Content Delivery,3,284.48,0.8,
Cyber Security,2025-10-01,Data Warehouse,1,341.47,0.96,
Cyber Security,2025-10-01,Db2 for z/OS,1,882.74,2.48,
Cyber Security,2025-10-01,F5 Load Balancing,2,1495.31,4.2,
Cyber Security,2025-10-01,IMS Transaction Manager,1,339.72,0.95,
Cyber Security,2025-10-01,JCL Scheduler,1,1701.22,4.78,
Cyber Security,2025-10-01,Kubernetes Service,1,111.69,0.31,
Cyber Security,2025-10-01,Log Analytics,2,153.15,0.43,
Cyber Security,2025-10-01,Managed PostgreSQL,1,65.21,0.18,
Cyber Security,2025-10-01,Managed Redis,1,168.2,0.47,
Cyber Security,2025-10-01,Message Queue,2,159.72,0.45,
Cyber Security,2025-10-01,NetApp Storage,1,85.17,0.24,
Cyber Security,2025-10-01,Oracle Database,1,122.3,0.34,
Cyber Security,2025-10-01,RACF Security,3,12488.57,35.06,
Cyber Security,2025-10-01,Red Hat Enterprise Linux,2,586.88,1.65,
Cyber Security,2025-10-01,SQL Server,2,674.51,1.89,
Cyber Security,2025-10-01,Secrets Manager,1,345.88,0.97,
Cyber Security,2025-10-01,Serverless Functions,1,109.22,0.31,
Cyber Security,2025-10-01,Streaming Ingest,1,644.82,1.81,
Cyber Security,2025-10-01,Tape Virtualisation,1,1513.36,4.25,
Cyber Security,2025-10-01,Tomcat,3,493.06,1.38,
Cyber Security,2025-10-01,VMware vSphere,2,597.4,1.68,
Cyber Security,2025-10-01,VSAM Storage,1,3282.73,9.22,
Cyber Security,2025-10-01,WebSphere Application Server,1,219.77,0.62,
Cyber Security,2025-10-01,Windows Server,2,459.63,1.29,
Cyber Security,2025-11-01,API Gateway,2,147.24,0.46,-6.43
Cyber Security,2025-11-01,Active Directory,2,857.78,2.66,-6.49
Cyber Security,2025-11-01,Block Storage,4,760.88,2.36,-4.87
Cyber Security,2025-11-01,CICS Transaction Server,1,1255.66,3.89,-7.3
Cyber Security,2025-11-01,COBOL Batch,2,4199.29,13.01,-9.02
Cyber Security,2025-11-01,Container Registry,1,415.09,1.29,-6.95
Cyber Security,2025-11-01,Content Delivery,3,266.19,0.82,-6.43
Cyber Security,2025-11-01,Data Warehouse,1,320.59,0.99,-6.11
Cyber Security,2025-11-01,Db2 for z/OS,1,775.25,2.4,-12.18
Cyber Security,2025-11-01,F5 Load Balancing,2,1361.87,4.22,-8.92
Cyber Security,2025-11-01,IMS Transaction Manager,1,323.25,1.0,-4.85
Cyber Security,2025-11-01,JCL Scheduler,1,1651.53,5.12,-2.92
Cyber Security,2025-11-01,Kubernetes Service,1,103.7,0.32,-7.15
Cyber Security,2025-11-01,Log Analytics,2,143.01,0.44,-6.62
Cyber Security,2025-11-01,Managed PostgreSQL,1,60.37,0.19,-7.42
Cyber Security,2025-11-01,Managed Redis,1,150.0,0.46,-10.82
Cyber Security,2025-11-01,Message Queue,2,150.1,0.47,-6.02
Cyber Security,2025-11-01,NetApp Storage,1,79.92,0.25,-6.16
Cyber Security,2025-11-01,Oracle Database,1,113.26,0.35,-7.39
Cyber Security,2025-11-01,RACF Security,3,11063.77,34.28,-11.41
Cyber Security,2025-11-01,Red Hat Enterprise Linux,2,553.39,1.71,-5.71
Cyber Security,2025-11-01,SQL Server,2,642.96,1.99,-4.68
Cyber Security,2025-11-01,Secrets Manager,1,322.95,1.0,-6.63
Cyber Security,2025-11-01,Serverless Functions,1,105.96,0.33,-2.98
Cyber Security,2025-11-01,Streaming Ingest,1,589.18,1.83,-8.63
Cyber Security,2025-11-01,Tape Virtualisation,1,1342.84,4.16,-11.27
Cyber Security,2025-11-01,Tomcat,3,460.61,1.43,-6.58
Cyber Security,2025-11-01,VMware vSphere,2,546.54,1.69,-8.51
Cyber Security,2025-11-01,VSAM Storage,1,2878.16,8.92,-12.32
Cyber Security,2025-11-01,WebSphere Application Server,1,208.57,0.65,-5.1
Cyber Security,2025-11-01,Windows Server,2,422.6,1.31,-8.06
Cyber Security,2025-12-01,API Gateway,2,158.61,0.44,7.72
Cyber Security,2025-12-01,Active Directory,2,891.48,2.46,3.93
Cyber Security,2025-12-01,Block Storage,4,816.67,2.25,7.33
Cyber Security,2025-12-01,CICS Transaction Server,1,1460.72,4.03,16.33
Cyber Security,2025-12-01,COBOL Batch,2,4736.72,13.06,12.8
Cyber Security,2025-12-01,Container Registry,1,443.85,1.22,6.93
Cyber Security,2025-12-01,Content Delivery,3,279.42,0.77,4.97
Cyber Security,2025-12-01,Data Warehouse,1,326.27,0.9,1.77
Cyber Security,2025-12-01,Db2 for z/OS,1,945.13,2.61,21.91
Cyber Security,2025-12-01,F5 Load Balancing,2,1408.87,3.89,3.45
Cyber Security,2025-12-01,IMS Transaction Manager,1,357.03,0.98,10.45
Cyber Security,2025-12-01,JCL Scheduler,1,1804.5,4.98,9.26
Cyber Security,2025-12-01,Kubernetes Service,1,106.33,0.29,2.54
Cyber Security,2025-12-01,Log Analytics,2,157.07,0.43,9.83
Cyber Security,2025-12-01,Managed PostgreSQL,1,66.38,0.18,9.96
Cyber Security,2025-12-01,Managed Redis,1,162.75,0.45,8.5
Cyber Security,2025-12-01,Message Queue,2,159.96,0.44,6.57
Cyber Security,2025-12-01,NetApp Storage,1,87.45,0.24,9.42
Cyber Security,2025-12-01,Oracle Database,1,124.38,0.34,9.82
Cyber Security,2025-12-01,RACF Security,3,12796.64,35.29,15.66
Cyber Security,2025-12-01,Red Hat Enterprise Linux,2,579.95,1.6,4.8
Cyber Security,2025-12-01,SQL Server,2,677.17,1.87,5.32
Cyber Security,2025-12-01,Secrets Manager,1,342.38,0.94,6.02
Cyber Security,2025-12-01,Serverless Functions,1,110.36,0.3,4.15
Cyber Security,2025-12-01,Streaming Ingest,1,637.56,1.76,8.21
Cyber Security,2025-12-01,Tape Virtualisation,1,1584.4,4.37,17.99
Cyber Security,2025-12-01,Tomcat,3,494.37,1.36,7.33
Cyber Security,2025-12-01,VMware vSphere,2,593.53,1.64,8.6
Cyber Security,2025-12-01,VSAM Storage,1,3268.35,9.01,13.56
Cyber Security,2025-12-01,WebSphere Application Server,1,220.32,0.61,5.63
Cyber Security,2025-12-01,Windows Server,2,462.38,1.28,9.41
Cyber Security,2026-01-01,API Gateway,2,154.32,0.45,-2.7
Cyber Security,2026-01-01,Active Directory,2,899.32,2.64,0.88
Cyber Security,2026-01-01,Block Storage,4,809.74,2.38,-0.85
Cyber Security,2026-01-01,CICS Transaction Server,1,1315.11,3.87,-9.97
Cyber Security,2026-01-01,COBOL Batch,2,4447.26,13.07,-6.11
Cyber Security,2026-01-01,Container Registry,1,441.2,1.3,-0.6
Cyber Security,2026-01-01,Content Delivery,3,277.82,0.82,-0.57
Cyber Security,2026-01-01,Data Warehouse,1,331.7,0.98,1.66
Cyber Security,2026-01-01,Db2 for z/OS,1,854.99,2.51,-9.54
Cyber Security,2026-01-01,F5 Load Balancing,2,1453.26,4.27,3.15
Cyber Security,2026-01-01,IMS Transaction Manager,1,331.76,0.98,-7.08
Cyber Security,2026-01-01,JCL Scheduler,1,1640.22,4.82,-9.1
Cyber Security,2026-01-01,Kubernetes Service,1,107.73,0.32,1.32
Cyber Security,2026-01-01,Log Analytics,2,152.81,0.45,-2.71
Cyber Security,2026-01-01,Managed PostgreSQL,1,64.27,0.19,-3.18
Cyber Security,2026-01-01,Managed Redis,1,163.49,0.48,0.45
Cyber Security,2026-01-01,Message Queue,2,161.2,0.47,0.78
Cyber Security,2026-01-01,NetApp Storage,1,81.61,0.24,-6.68
Cyber Security,2026-01-01,Oracle Database,1,122.18,0.36,-1.77
Cyber Security,2026-01-01,RACF Security,3,11774.06,34.61,-7.99
Cyber Security,2026-01-01,Red Hat Enterprise Linux,2,573.98,1.69,-1.03
Cyber Security,2026-01-01,SQL Server,2,665.91,1.96,-1.66
Cyber Security,2026-01-01,Secrets Manager,1,343.08,1.01,0.2
Cyber Security,2026-01-01,Serverless Functions,1,111.48,0.33,1.01
Cyber Security,2026-01-01,Streaming Ingest,1,624.42,1.84,-2.06
Cyber Security,2026-01-01,Tape Virtualisation,1,1438.88,4.23,-9.18
Cyber Security,2026-01-01,Tomcat,3,472.25,1.39,-4.47
Cyber Security,2026-01-01,VMware vSphere,2,572.4,1.68,-3.56
Cyber Security,2026-01-01,VSAM Storage,1,2958.14,8.7,-9.49
Cyber Security,2026-01-01,WebSphere Application Server,1,211.13,0.62,-4.17
Cyber Security,2026-01-01,Windows Server,2,460.16,1.35,-0.48
Cyber Security,2026-02-01,API Gateway,2,140.38,0.46,-9.03
Cyber Security,2026-02-01,Active Directory,2,813.27,2.65,-9.57
Cyber Security,2026-02-01,Block Storage,4,726.94,2.37,-10.23
Cyber Security,2026-02-01,CICS Transaction Server,1,1197.49,3.9,-8.94
Cyber Security,2026-02-01,COBOL Batch,2,3949.05,12.87,-11.2
Cyber Security,2026-02-01,Container Registry,1,390.96,1.27,-11.39
Cyber Security,2026-02-01,Content Delivery,3,251.37,0.82,-9.52
Cyber Security,2026-02-01,Data Warehouse,1,313.93,1.02,-5.36
Cyber Security,2026-02-01,Db2 for z/OS,1,784.27,2.56,-8.27
Cyber Security,2026-02-01,F5 Load Balancing,2,1292.46,4.21,-11.06
Cyber Security,2026-02-01,IMS Transaction Manager,1,309.5,1.01,-6.71
Cyber Security,2026-02-01,JCL Scheduler,1,1487.62,4.85,-9.3
Cyber Security,2026-02-01,Kubernetes Service,1,97.15,0.32,-9.82
Cyber Security,2026-02-01,Log Analytics,2,136.85,0.45,-10.44
Cyber Security,2026-02-01,Managed PostgreSQL,1,57.57,0.19,-10.42
Cyber Security,2026-02-01,Managed Redis,1,155.51,0.51,-4.88
Cyber Security,2026-02-01,Message Queue,2,141.04,0.46,-12.51
Cyber Security,2026-02-01,NetApp Storage,1,74.28,0.24,-8.98
Cyber Security,2026-02-01,Oracle Database,1,114.97,0.37,-5.9
Cyber Security,2026-02-01,RACF Security,3,10502.41,34.22,-10.8
Cyber Security,2026-02-01,Red Hat Enterprise Linux,2,518.05,1.69,-9.74
Cyber Security,2026-02-01,SQL Server,2,619.37,2.02,-6.99
Cyber Security,2026-02-01,Secrets Manager,1,312.21,1.02,-9.0
Cyber Security,2026-02-01,Serverless Functions,1,100.59,0.33,-9.77
Cyber Security,2026-02-01,Streaming Ingest,1,555.28,1.81,-11.07
Cyber Security,2026-02-01,Tape Virtualisation,1,1275.8,4.16,-11.33
Cyber Security,2026-02-01,Tomcat,3,433.15,1.41,-8.28
Cyber Security,2026-02-01,VMware vSphere,2,513.65,1.67,-10.26
Cyber Security,2026-02-01,VSAM Storage,1,2810.47,9.16,-4.99
Cyber Security,2026-02-01,WebSphere Application Server,1,196.94,0.64,-6.72
Cyber Security,2026-02-01,Windows Server,2,414.47,1.35,-9.93
Cyber Security,2026-03-01,API Gateway,2,155.5,0.44,10.77
Cyber Security,2026-03-01,Active Directory,2,904.96,2.55,11.27
Cyber Security,2026-03-01,Block Storage,4,801.46,2.26,10.25
Cyber Security,2026-03-01,CICS Transaction Server,1,1382.77,3.89,15.47
Cyber Security,2026-03-01,COBOL Batch,2,4674.3,13.16,18.37
Cyber Security,2026-03-01,Container Registry,1,437.05,1.23,11.79
Cyber Security,2026-03-01,Content Delivery,3,280.15,0.79,11.45
Cyber Security,2026-03-01,Data Warehouse,1,335.31,0.94,6.81
Cyber Security,2026-03-01,Db2 for z/OS,1,898.44,2.53,14.56
Cyber Security,2026-03-01,F5 Load Balancing,2,1450.79,4.08,12.25
Cyber Security,2026-03-01,IMS Transaction Manager,1,359.91,1.01,16.29
Cyber Security,2026-03-01,JCL Scheduler,1,1828.6,5.15,22.92
Cyber Security,2026-03-01,Kubernetes Service,1,111.26,0.31,14.52
Cyber Security,2026-03-01,Log Analytics,2,150.52,0.42,9.99
Cyber Security,2026-03-01,Managed PostgreSQL,1,63.87,0.18,10.94
Cyber Security,2026-03-01,Managed Redis,1,160.6,0.45,3.27
Cyber Security,2026-03-01,Message Queue,2,155.74,0.44,10.42
Cyber Security,2026-03-01,NetApp Storage,1,82.74,0.23,11.39
Cyber Security,2026-03-01,Oracle Database,1,120.92,0.34,5.18
Cyber Security,2026-03-01,RACF Security,3,12487.21,35.15,18.9
Cyber Security,2026-03-01,Red Hat Enterprise Linux,2,582.99,1.64,12.54
Cyber Security,2026-03-01,SQL Server,2,663.58,1.87,7.14
Cyber Security,2026-03-01,Secrets Manager,1,335.51,0.94,7.46
Cyber Security,2026-03-01,Serverless Functions,1,115.18,0.32,14.5
Cyber Security,2026-03-01,Streaming Ingest,1,623.83,1.76,12.35
Cyber Security,2026-03-01,Tape Virtualisation,1,1496.88,4.21,17.33
Cyber Security,2026-03-01,Tomcat,3,496.13,1.4,14.54
Cyber Security,2026-03-01,VMware vSphere,2,575.58,1.62,12.06
Cyber Security,2026-03-01,VSAM Storage,1,3125.38,8.8,11.2
Cyber Security,2026-03-01,WebSphere Application Server,1,212.53,0.6,7.92
Cyber Security,2026-03-01,Windows Server,2,453.84,1.28,9.5
Cyber Security,2026-04-01,API Gateway,2,153.2,0.45,-1.48
Cyber Security,2026-04-01,Active Directory,2,882.81,2.62,-2.45
Cyber Security,2026-04-01,Block Storage,4,777.39,2.31,-3.0
Cyber Security,2026-04-01,CICS Transaction Server,1,1308.48,3.88,-5.37
Cyber Security,2026-04-01,COBOL Batch,2,4341.09,12.87,-7.13
Cyber Security,2026-04-01,Container Registry,1,435.56,1.29,-0.34
Cyber Security,2026-04-01,Content Delivery,3,269.72,0.8,-3.72
Cyber Security,2026-04-01,Data Warehouse,1,328.47,0.97,-2.04
Cyber Security,2026-04-01,Db2 for z/OS,1,854.19,2.53,-4.93
Cyber Security,2026-04-01,F5 Load Balancing,2,1364.77,4.05,-5.93
Cyber Security,2026-04-01,IMS Transaction Manager,1,340.64,1.01,-5.35
Cyber Security,2026-04-01,JCL Scheduler,1,1609.78,4.77,-11.97
Cyber Security,2026-04-01,Kubernetes Service,1,103.25,0.31,-7.2
Cyber Security,2026-04-01,Log Analytics,2,148.69,0.44,-1.22
Cyber Security,2026-04-01,Managed PostgreSQL,1,62.82,0.19,-1.64
Cyber Security,2026-04-01,Managed Redis,1,156.71,0.46,-2.42
Cyber Security,2026-04-01,Message Queue,2,150.08,0.45,-3.63
Cyber Security,2026-04-01,NetApp Storage,1,82.95,0.25,0.25
Cyber Security,2026-04-01,Oracle Database,1,115.92,0.34,-4.13
Cyber Security,2026-04-01,RACF Security,3,11785.92,34.95,-5.62
Cyber Security,2026-04-01,Red Hat Enterprise Linux,2,571.1,1.69,-2.04
Cyber Security,2026-04-01,SQL Server,2,673.08,2.0,1.43
Cyber Security,2026-04-01,Secrets Manager,1,326.87,0.97,-2.58
Cyber Security,2026-04-01,Serverless Functions,1,107.23,0.32,-6.9
Cyber Security,2026-04-01,Streaming Ingest,1,598.59,1.78,-4.05
Cyber Security,2026-04-01,Tape Virtualisation,1,1391.32,4.13,-7.05
Cyber Security,2026-04-01,Tomcat,3,489.82,1.45,-1.27
Cyber Security,2026-04-01,VMware vSphere,2,577.42,1.71,0.32
Cyber Security,2026-04-01,VSAM Storage,1,3064.69,9.09,-1.94
Cyber Security,2026-04-01,WebSphere Application Server,1,210.35,0.62,-1.03
Cyber Security,2026-04-01,Windows Server,2,440.12,1.31,-3.02
Cyber Security,2026-05-01,API Gateway,2,158.17,0.46,3.24
Cyber Security,2026-05-01,Active Directory,2,910.45,2.67,3.13
Cyber Security,2026-05-01,Block Storage,4,809.47,2.38,4.13
Cyber Security,2026-05-01,CICS Transaction Server,1,1369.96,4.02,4.7
Cyber Security,2026-05-01,COBOL Batch,2,4239.36,12.45,-2.34
Cyber Security,2026-05-01,Container Registry,1,428.72,1.26,-1.57
Cyber Security,2026-05-01,Content Delivery,3,271.15,0.8,0.53
Cyber Security,2026-05-01,Data Warehouse,1,343.2,1.01,4.48
Cyber Security,2026-05-01,Db2 for z/OS,1,865.56,2.54,1.33
Cyber Security,2026-05-01,F5 Load Balancing,2,1423.63,4.18,4.31
Cyber Security,2026-05-01,IMS Transaction Manager,1,336.18,0.99,-1.31
Cyber Security,2026-05-01,JCL Scheduler,1,1636.24,4.81,1.64
Cyber Security,2026-05-01,Kubernetes Service,1,109.67,0.32,6.22
Cyber Security,2026-05-01,Log Analytics,2,149.86,0.44,0.79
Cyber Security,2026-05-01,Managed PostgreSQL,1,61.82,0.18,-1.59
Cyber Security,2026-05-01,Managed Redis,1,161.76,0.48,3.22
Cyber Security,2026-05-01,Message Queue,2,158.61,0.47,5.68
Cyber Security,2026-05-01,NetApp Storage,1,83.04,0.24,0.11
Cyber Security,2026-05-01,Oracle Database,1,118.96,0.35,2.62
Cyber Security,2026-05-01,RACF Security,3,12038.26,35.36,2.14
Cyber Security,2026-05-01,Red Hat Enterprise Linux,2,572.86,1.68,0.31
Cyber Security,2026-05-01,SQL Server,2,667.11,1.96,-0.89
Cyber Security,2026-05-01,Secrets Manager,1,335.63,0.99,2.68
Cyber Security,2026-05-01,Serverless Functions,1,108.86,0.32,1.52
Cyber Security,2026-05-01,Streaming Ingest,1,621.45,1.83,3.82
Cyber Security,2026-05-01,Tape Virtualisation,1,1386.19,4.07,-0.37
Cyber Security,2026-05-01,Tomcat,3,495.08,1.45,1.07
Cyber Security,2026-05-01,VMware vSphere,2,563.0,1.65,-2.5
Cyber Security,2026-05-01,VSAM Storage,1,2952.9,8.67,-3.65
Cyber Security,2026-05-01,WebSphere Application Server,1,210.52,0.62,0.08
Cyber Security,2026-05-01,Windows Server,2,461.03,1.35,4.75
Cyber Security,2026-06-01,API Gateway,2,150.48,0.43,-4.86
Cyber Security,2026-06-01,Active Directory,2,896.89,2.57,-1.49
Cyber Security,2026-06-01,Block Storage,4,777.19,2.23,-3.99
Cyber Security,2026-06-01,CICS Transaction Server,1,1420.02,4.07,3.65
Cyber Security,2026-06-01,COBOL Batch,2,4653.21,13.32,9.76
Cyber Security,2026-06-01,Container Registry,1,434.7,1.24,1.39
Cyber Security,2026-06-01,Content Delivery,3,270.35,0.77,-0.3
Cyber Security,2026-06-01,Data Warehouse,1,328.8,0.94,-4.2
Cyber Security,2026-06-01,Db2 for z/OS,1,876.92,2.51,1.31
Cyber Security,2026-06-01,F5 Load Balancing,2,1408.89,4.03,-1.04
Cyber Security,2026-06-01,IMS Transaction Manager,1,353.37,1.01,5.11
Cyber Security,2026-06-01,JCL Scheduler,1,1743.75,4.99,6.57
Cyber Security,2026-06-01,Kubernetes Service,1,107.92,0.31,-1.6
Cyber Security,2026-06-01,Log Analytics,2,147.63,0.42,-1.49
Cyber Security,2026-06-01,Managed PostgreSQL,1,62.31,0.18,0.79
Cyber Security,2026-06-01,Managed Redis,1,166.02,0.48,2.63
Cyber Security,2026-06-01,Message Queue,2,157.7,0.45,-0.57
Cyber Security,2026-06-01,NetApp Storage,1,81.4,0.23,-1.97
Cyber Security,2026-06-01,Oracle Database,1,114.53,0.33,-3.72
Cyber Security,2026-06-01,RACF Security,3,12040.66,34.48,0.02
Cyber Security,2026-06-01,Red Hat Enterprise Linux,2,577.73,1.65,0.85
Cyber Security,2026-06-01,SQL Server,2,666.96,1.91,-0.02
Cyber Security,2026-06-01,Secrets Manager,1,330.56,0.95,-1.51
Cyber Security,2026-06-01,Serverless Functions,1,107.14,0.31,-1.58
Cyber Security,2026-06-01,Streaming Ingest,1,628.33,1.8,1.11
Cyber Security,2026-06-01,Tape Virtualisation,1,1527.29,4.37,10.18
Cyber Security,2026-06-01,Tomcat,3,474.76,1.36,-4.1
Cyber Security,2026-06-01,VMware vSphere,2,567.93,1.63,0.88
Cyber Security,2026-06-01,VSAM Storage,1,3189.32,9.13,8.01
Cyber Security,2026-06-01,WebSphere Application Server,1,215.05,0.62,2.15
Cyber Security,2026-06-01,Windows Server,2,445.34,1.28,-3.4
Cyber Security,2026-07-01,API Gateway,2,157.9,0.45,4.93
Cyber Security,2026-07-01,Active Directory,2,934.53,2.68,4.2
Cyber Security,2026-07-01,Block Storage,4,812.28,2.33,4.51
Cyber Security,2026-07-01,CICS Transaction Server,1,1377.81,3.95,-2.97
Cyber Security,2026-07-01,COBOL Batch,2,4448.27,12.74,-4.4
Cyber Security,2026-07-01,Container Registry,1,454.78,1.3,4.62
Cyber Security,2026-07-01,Content Delivery,3,280.78,0.8,3.86
Cyber Security,2026-07-01,Data Warehouse,1,352.7,1.01,7.27
Cyber Security,2026-07-01,Db2 for z/OS,1,892.43,2.56,1.77
Cyber Security,2026-07-01,F5 Load Balancing,2,1422.53,4.07,0.97
Cyber Security,2026-07-01,IMS Transaction Manager,1,346.97,0.99,-1.81
Cyber Security,2026-07-01,JCL Scheduler,1,1755.03,5.03,0.65
Cyber Security,2026-07-01,Kubernetes Service,1,113.28,0.32,4.97
Cyber Security,2026-07-01,Log Analytics,2,154.16,0.44,4.42
Cyber Security,2026-07-01,Managed PostgreSQL,1,64.1,0.18,2.87
Cyber Security,2026-07-01,Managed Redis,1,165.44,0.47,-0.35
Cyber Security,2026-07-01,Message Queue,2,159.85,0.46,1.36
Cyber Security,2026-07-01,NetApp Storage,1,84.34,0.24,3.61
Cyber Security,2026-07-01,Oracle Database,1,123.93,0.35,8.21
Cyber Security,2026-07-01,RACF Security,3,12197.34,34.94,1.3
Cyber Security,2026-07-01,Red Hat Enterprise Linux,2,584.77,1.67,1.22
Cyber Security,2026-07-01,SQL Server,2,679.9,1.95,1.94
Cyber Security,2026-07-01,Secrets Manager,1,340.55,0.98,3.02
Cyber Security,2026-07-01,Serverless Functions,1,109.44,0.31,2.15
Cyber Security,2026-07-01,Streaming Ingest,1,617.07,1.77,-1.79
Cyber Security,2026-07-01,Tape Virtualisation,1,1435.55,4.11,-6.01
Cyber Security,2026-07-01,Tomcat,3,494.78,1.42,4.22
Cyber Security,2026-07-01,VMware vSphere,2,573.01,1.64,0.89
Cyber Security,2026-07-01,VSAM Storage,1,3096.1,8.87,-2.92
Cyber Security,2026-07-01,WebSphere Application Server,1,221.21,0.63,2.86
Cyber Security,2026-07-01,Windows Server,2,461.66,1.32,3.66
Cyber Security,2026-08-01,API Gateway,2,150.14,0.44,-4.91
Cyber Security,2026-08-01,Active Directory,2,883.66,2.58,-5.44
Cyber Security,2026-08-01,Block Storage,4,795.23,2.32,-2.1
Cyber Security,2026-08-01,CICS Transaction Server,1,1351.73,3.95,-1.89
Cyber Security,2026-08-01,COBOL Batch,2,4321.18,12.61,-2.86
Cyber Security,2026-08-01,Container Registry,1,434.94,1.27,-4.36
Cyber Security,2026-08-01,Content Delivery,3,274.03,0.8,-2.4
Cyber Security,2026-08-01,Data Warehouse,1,334.51,0.98,-5.16
Cyber Security,2026-08-01,Db2 for z/OS,1,859.58,2.51,-3.68
Cyber Security,2026-08-01,F5 Load Balancing,2,1448.19,4.23,1.8
Cyber Security,2026-08-01,IMS Transaction Manager,1,334.22,0.98,-3.67
Cyber Security,2026-08-01,JCL Scheduler,1,1641.13,4.79,-6.49
Cyber Security,2026-08-01,Kubernetes Service,1,109.6,0.32,-3.25
Cyber Security,2026-08-01,Log Analytics,2,152.42,0.44,-1.13
Cyber Security,2026-08-01,Managed PostgreSQL,1,63.35,0.18,-1.17
Cyber Security,2026-08-01,Managed Redis,1,160.23,0.47,-3.15
Cyber Security,2026-08-01,Message Queue,2,156.89,0.46,-1.85
Cyber Security,2026-08-01,NetApp Storage,1,79.76,0.23,-5.43
Cyber Security,2026-08-01,Oracle Database,1,117.59,0.34,-5.12
Cyber Security,2026-08-01,RACF Security,3,12087.04,35.28,-0.9
Cyber Security,2026-08-01,Red Hat Enterprise Linux,2,558.99,1.63,-4.41
Cyber Security,2026-08-01,SQL Server,2,673.53,1.97,-0.94
Cyber Security,2026-08-01,Secrets Manager,1,338.32,0.99,-0.65
Cyber Security,2026-08-01,Serverless Functions,1,109.16,0.32,-0.26
Cyber Security,2026-08-01,Streaming Ingest,1,607.1,1.77,-1.62
Cyber Security,2026-08-01,Tape Virtualisation,1,1446.86,4.22,0.79
Cyber Security,2026-08-01,Tomcat,3,478.27,1.4,-3.34
Cyber Security,2026-08-01,VMware vSphere,2,569.85,1.66,-0.55
Cyber Security,2026-08-01,VSAM Storage,1,3060.74,8.93,-1.14
Cyber Security,2026-08-01,WebSphere Application Server,1,207.83,0.61,-6.05
Cyber Security,2026-08-01,Windows Server,2,450.1,1.31,-2.5
Cyber Security,2026-09-01,API Gateway,2,155.8,0.45,3.77
Cyber Security,2026-09-01,Active Directory,2,888.94,2.55,0.6
Cyber Security,2026-09-01,Block Storage,4,781.48,2.24,-1.73
Cyber Security,2026-09-01,CICS Transaction Server,1,1339.87,3.85,-0.88
Cyber Security,2026-09-01,COBOL Batch,2,4541.83,13.03,5.11
Cyber Security,2026-09-01,Container Registry,1,442.74,1.27,1.79
Cyber Security,2026-09-01,Content Delivery,3,272.96,0.78,-0.39
Cyber Security,2026-09-01,Data Warehouse,1,331.77,0.95,-0.82
Cyber Security,2026-09-01,Db2 for z/OS,1,903.9,2.59,5.16
Cyber Security,2026-09-01,F5 Load Balancing,2,1484.76,4.26,2.53
Cyber Security,2026-09-01,IMS Transaction Manager,1,365.89,1.05,9.48
Cyber Security,2026-09-01,JCL Scheduler,1,1734.46,4.98,5.69
Cyber Security,2026-09-01,Kubernetes Service,1,107.53,0.31,-1.89
Cyber Security,2026-09-01,Log Analytics,2,145.09,0.42,-4.81
Cyber Security,2026-09-01,Managed PostgreSQL,1,61.31,0.18,-3.22
Cyber Security,2026-09-01,Managed Redis,1,168.0,0.48,4.85
Cyber Security,2026-09-01,Message Queue,2,159.6,0.46,1.73
Cyber Security,2026-09-01,NetApp Storage,1,82.66,0.24,3.64
Cyber Security,2026-09-01,Oracle Database,1,115.96,0.33,-1.39
Cyber Security,2026-09-01,RACF Security,3,12096.24,34.71,0.08
Cyber Security,2026-09-01,Red Hat Enterprise Linux,2,570.83,1.64,2.12
Cyber Security,2026-09-01,SQL Server,2,671.95,1.93,-0.23
Cyber Security,2026-09-01,Secrets Manager,1,326.74,0.94,-3.42
Cyber Security,2026-09-01,Serverless Functions,1,107.15,0.31,-1.84
Cyber Security,2026-09-01,Streaming Ingest,1,611.93,1.76,0.8
Cyber Security,2026-09-01,Tape Virtualisation,1,1498.58,4.3,3.57
Cyber Security,2026-09-01,Tomcat,3,486.18,1.4,1.65
Cyber Security,2026-09-01,VMware vSphere,2,554.16,1.59,-2.75
Cyber Security,2026-09-01,VSAM Storage,1,3177.36,9.12,3.81
Cyber Security,2026-09-01,WebSphere Application Server,1,213.3,0.61,2.63
Cyber Security,2026-09-01,Windows Server,2,446.09,1.28,-0.89
Data and Analytics,2025-10-01,Block Storage,1,349.72,0.6,
Data and Analytics,2025-10-01,CICS Transaction Server,1,945.61,1.63,
Data and Analytics,2025-10-01,Container Registry,1,136.4,0.24,
Data and Analytics,2025-10-01,Db2 for z/OS,1,11465.95,19.77,
Data and Analytics,2025-10-01,F5 Load Balancing,1,62.69,0.11,
Data and Analytics,2025-10-01,IMS Transaction Manager,1,1799.64,3.1,
Data and Analytics,2025-10-01,JCL Scheduler,1,2099.17,3.62,
Data and Analytics,2025-10-01,Kubernetes Service,1,46.22,0.08,
Data and Analytics,2025-10-01,Log Analytics,1,40.22,0.07,
Data and Analytics,2025-10-01,MQ for z/OS,1,7965.36,13.73,
Data and Analytics,2025-10-01,Machine Learning Platform,2,725.03,1.25,
Data and Analytics,2025-10-01,Managed Redis,2,212.21,0.37,
Data and Analytics,2025-10-01,Message Queue,2,140.57,0.24,
Data and Analytics,2025-10-01,Nagios Monitoring,1,67.48,0.12,
Data and Analytics,2025-10-01,NetApp Storage,2,313.0,0.54,
Data and Analytics,2025-10-01,Oracle Database,3,746.87,1.29,
Data and Analytics,2025-10-01,RACF Security,2,6239.54,10.76,
Data and Analytics,2025-10-01,Red Hat Enterprise Linux,1,93.41,0.16,
Data and Analytics,2025-10-01,SMF Analytics,1,2980.07,5.14,
Data and Analytics,2025-10-01,Serverless Functions,3,426.84,0.74,
Data and Analytics,2025-10-01,Streaming Ingest,2,173.2,0.3,
Data and Analytics,2025-10-01,Sysplex Coupling,2,8595.91,14.82,
Data and Analytics,2025-10-01,Tape Virtualisation,1,1900.53,3.28,
Data and Analytics,2025-10-01,Tomcat,2,173.48,0.3,
Data and Analytics,2025-10-01,VMware vSphere,1,499.75,0.86,
Data and Analytics,2025-10-01,VSAM Storage,2,9186.84,15.84,
Data and Analytics,2025-10-01,Veeam Backup,1,237.33,0.41,
Data and Analytics,2025-10-01,WebSphere Application Server,1,155.73,0.27,
Data and Analytics,2025-10-01,Windows Server,1,229.98,0.4,
Data and Analytics,2025-11-01,Block Storage,1,324.44,0.59,-7.23
Data and Analytics,2025-11-01,CICS Transaction Server,1,908.63,1.66,-3.91
Data and Analytics,2025-11-01,Container Registry,1,126.98,0.23,-6.91
Data and Analytics,2025-11-01,Db2 for z/OS,1,10852.33,19.87,-5.35
Data and Analytics,2025-11-01,F5 Load Balancing,1,58.26,0.11,-7.07
Data and Analytics,2025-11-01,IMS Transaction Manager,1,1729.01,3.17,-3.92
Data and Analytics,2025-11-01,JCL Scheduler,1,1894.76,3.47,-9.74
Data and Analytics,2025-11-01,Kubernetes Service,1,43.56,0.08,-5.76
Data and Analytics,2025-11-01,Log Analytics,1,39.66,0.07,-1.39
Data and Analytics,2025-11-01,MQ for z/OS,1,7364.47,13.48,-7.54
Data and Analytics,2025-11-01,Machine Learning Platform,2,679.92,1.24,-6.22
Data and Analytics,2025-11-01,Managed Redis,2,202.26,0.37,-4.69
Data and Analytics,2025-11-01,Message Queue,2,130.88,0.24,-6.89
Data and Analytics,2025-11-01,Nagios Monitoring,1,63.71,0.12,-5.59
Data and Analytics,2025-11-01,NetApp Storage,2,292.13,0.53,-6.67
Data and Analytics,2025-11-01,Oracle Database,3,680.46,1.25,-8.89
Data and Analytics,2025-11-01,RACF Security,2,6088.33,11.15,-2.42
Data and Analytics,2025-11-01,Red Hat Enterprise Linux,1,87.35,0.16,-6.49
Data and Analytics,2025-11-01,SMF Analytics,1,2765.96,5.06,-7.18
Data and Analytics,2025-11-01,Serverless Functions,3,392.93,0.72,-7.94
Data and Analytics,2025-11-01,Streaming Ingest,2,161.56,0.3,-6.72
Data and Analytics,2025-11-01,Sysplex Coupling,2,7967.41,14.58,-7.31
Data and Analytics,2025-11-01,Tape Virtualisation,1,1773.81,3.25,-6.67
Data and Analytics,2025-11-01,Tomcat,2,165.93,0.3,-4.35
Data and Analytics,2025-11-01,VMware vSphere,1,460.93,0.84,-7.77
Data and Analytics,2025-11-01,VSAM Storage,2,8786.1,16.08,-4.36
Data and Analytics,2025-11-01,Veeam Backup,1,219.36,0.4,-7.57
Data and Analytics,2025-11-01,WebSphere Application Server,1,146.25,0.27,-6.09
Data and Analytics,2025-11-01,Windows Server,1,220.68,0.4,-4.04
Data and Analytics,2025-12-01,Block Storage,1,352.82,0.58,8.75
Data and Analytics,2025-12-01,CICS Transaction Server,1,976.66,1.6,7.49
Data and Analytics,2025-12-01,Container Registry,1,137.5,0.22,8.28
Data and Analytics,2025-12-01,Db2 for z/OS,1,12227.36,19.97,12.67
Data and Analytics,2025-12-01,F5 Load Balancing,1,62.46,0.1,7.21
Data and Analytics,2025-12-01,IMS Transaction Manager,1,1906.28,3.11,10.25
Data and Analytics,2025-12-01,JCL Scheduler,1,2205.33,3.6,16.39
Data and Analytics,2025-12-01,Kubernetes Service,1,45.81,0.07,5.17
Data and Analytics,2025-12-01,Log Analytics,1,41.87,0.07,5.57
Data and Analytics,2025-12-01,MQ for z/OS,1,8372.01,13.68,13.68
Data and Analytics,2025-12-01,Machine Learning Platform,2,743.86,1.22,9.4
Data and Analytics,2025-12-01,Managed Redis,2,209.85,0.34,3.75
Data and Analytics,2025-12-01,Message Queue,2,139.93,0.23,6.91
Data and Analytics,2025-12-01,Nagios Monitoring,1,67.51,0.11,5.96
Data and Analytics,2025-12-01,NetApp Storage,2,311.08,0.51,6.49
Data and Analytics,2025-12-01,Oracle Database,3,729.32,1.19,7.18
Data and Analytics,2025-12-01,RACF Security,2,7037.23,11.5,15.59
Data and Analytics,2025-12-01,Red Hat Enterprise Linux,1,93.45,0.15,6.98
Data and Analytics,2025-12-01,SMF Analytics,1,3056.14,4.99,10.49
Data and Analytics,2025-12-01,Serverless Functions,3,422.51,0.69,7.53
Data and Analytics,2025-12-01,Streaming Ingest,2,174.77,0.29,8.18
Data and Analytics,2025-12-01,Sysplex Coupling,2,8676.78,14.17,8.9
Data and Analytics,2025-12-01,Tape Virtualisation,1,1993.69,3.26,12.4
Data and Analytics,2025-12-01,Tomcat,2,176.59,0.29,6.42
Data and Analytics,2025-12-01,VMware vSphere,1,471.33,0.77,2.26
Data and Analytics,2025-12-01,VSAM Storage,2,9963.17,16.28,13.4
Data and Analytics,2025-12-01,Veeam Backup,1,238.71,0.39,8.82
Data and Analytics,2025-12-01,WebSphere Application Server,1,152.73,0.25,4.43
Data and Analytics,2025-12-01,Windows Server,1,230.79,0.38,4.58
Data and Analytics,2026-01-01,Block Storage,1,341.27,0.6,-3.27
Data and Analytics,2026-01-01,CICS Transaction Server,1,904.53,1.59,-7.39
Data and Analytics,2026-01-01,Container Registry,1,137.07,0.24,-0.31
Data and Analytics,2026-01-01,Db2 for z/OS,1,11193.0,19.71,-8.46
Data and Analytics,2026-01-01,F5 Load Balancing,1,60.41,0.11,-3.28
Data and Analytics,2026-01-01,IMS Transaction Manager,1,1756.6,3.09,-7.85
Data and Analytics,2026-01-01,JCL Scheduler,1,2000.09,3.52,-9.31
Data and Analytics,2026-01-01,Kubernetes Service,1,44.19,0.08,-3.54
Data and Analytics,2026-01-01,Log Analytics,1,41.59,0.07,-0.67
Data and Analytics,2026-01-01,MQ for z/OS,1,7739.34,13.63,-7.56
Data and Analytics,2026-01-01,Machine Learning Platform,2,729.87,1.29,-1.88
Data and Analytics,2026-01-01,Managed Redis,2,211.28,0.37,0.68
Data and Analytics,2026-01-01,Message Queue,2,138.57,0.24,-0.97
Data and Analytics,2026-01-01,Nagios Monitoring,1,67.03,0.12,-0.71
Data and Analytics,2026-01-01,NetApp Storage,2,318.29,0.56,2.32
Data and Analytics,2026-01-01,Oracle Database,3,713.83,1.26,-2.12
Data and Analytics,2026-01-01,RACF Security,2,6577.0,11.58,-6.54
Data and Analytics,2026-01-01,Red Hat Enterprise Linux,1,91.56,0.16,-2.02
Data and Analytics,2026-01-01,SMF Analytics,1,2848.12,5.02,-6.81
Data and Analytics,2026-01-01,Serverless Functions,3,420.56,0.74,-0.46
Data and Analytics,2026-01-01,Streaming Ingest,2,167.66,0.3,-4.07
Data and Analytics,2026-01-01,Sysplex Coupling,2,8038.81,14.16,-7.35
Data and Analytics,2026-01-01,Tape Virtualisation,1,1891.51,3.33,-5.13
Data and Analytics,2026-01-01,Tomcat,2,167.06,0.29,-5.4
Data and Analytics,2026-01-01,VMware vSphere,1,480.67,0.85,1.98
Data and Analytics,2026-01-01,VSAM Storage,2,9089.76,16.01,-8.77
Data and Analytics,2026-01-01,Veeam Backup,1,234.45,0.41,-1.78
Data and Analytics,2026-01-01,WebSphere Application Server,1,149.57,0.26,-2.07
Data and Analytics,2026-01-01,Windows Server,1,223.84,0.39,-3.01
Data and Analytics,2026-02-01,Block Storage,1,301.81,0.58,-11.56
Data and Analytics,2026-02-01,CICS Transaction Server,1,839.14,1.62,-7.23
Data and Analytics,2026-02-01,Container Registry,1,129.18,0.25,-5.76
Data and Analytics,2026-02-01,Db2 for z/OS,1,10161.94,19.61,-9.21
Data and Analytics,2026-02-01,F5 Load Balancing,1,55.35,0.11,-8.38
Data and Analytics,2026-02-01,IMS Transaction Manager,1,1653.27,3.19,-5.88
Data and Analytics,2026-02-01,JCL Scheduler,1,1844.15,3.56,-7.8
Data and Analytics,2026-02-01,Kubernetes Service,1,41.43,0.08,-6.25
Data and Analytics,2026-02-01,Log Analytics,1,37.24,0.07,-10.46
Data and Analytics,2026-02-01,MQ for z/OS,1,7202.99,13.9,-6.93
Data and Analytics,2026-02-01,Machine Learning Platform,2,648.04,1.25,-11.21
Data and Analytics,2026-02-01,Managed Redis,2,191.44,0.37,-9.39
Data and Analytics,2026-02-01,Message Queue,2,125.41,0.24,-9.5
Data and Analytics,2026-02-01,Nagios Monitoring,1,59.51,0.11,-11.22
Data and Analytics,2026-02-01,NetApp Storage,2,277.46,0.54,-12.83
Data and Analytics,2026-02-01,Oracle Database,3,650.75,1.26,-8.84
Data and Analytics,2026-02-01,RACF Security,2,5799.47,11.19,-11.82
Data and Analytics,2026-02-01,Red Hat Enterprise Linux,1,80.92,0.16,-11.62
Data and Analytics,2026-02-01,SMF Analytics,1,2500.86,4.83,-12.19
Data and Analytics,2026-02-01,Serverless Functions,3,366.73,0.71,-12.8
Data and Analytics,2026-02-01,Streaming Ingest,2,153.56,0.3,-8.41
Data and Analytics,2026-02-01,Sysplex Coupling,2,7411.88,14.3,-7.8
Data and Analytics,2026-02-01,Tape Virtualisation,1,1755.79,3.39,-7.18
Data and Analytics,2026-02-01,Tomcat,2,156.35,0.3,-6.41
Data and Analytics,2026-02-01,VMware vSphere,1,438.05,0.85,-8.87
Data and Analytics,2026-02-01,VSAM Storage,2,8380.65,16.17,-7.8
Data and Analytics,2026-02-01,Veeam Backup,1,213.52,0.41,-8.93
Data and Analytics,2026-02-01,WebSphere Application Server,1,136.44,0.26,-8.78
Data and Analytics,2026-02-01,Windows Server,1,212.1,0.41,-5.24
Data and Analytics,2026-03-01,Block Storage,1,338.05,0.56,12.01
Data and Analytics,2026-03-01,CICS Transaction Server,1,1003.55,1.66,19.59
Data and Analytics,2026-03-01,Container Registry,1,133.7,0.22,3.5
Data and Analytics,2026-03-01,Db2 for z/OS,1,12307.6,20.3,21.11
Data and Analytics,2026-03-01,F5 Load Balancing,1,61.53,0.1,11.17
Data and Analytics,2026-03-01,IMS Transaction Manager,1,1864.2,3.07,12.76
Data and Analytics,2026-03-01,JCL Scheduler,1,2219.52,3.66,20.35
Data and Analytics,2026-03-01,Kubernetes Service,1,46.35,0.08,11.88
Data and Analytics,2026-03-01,Log Analytics,1,39.31,0.06,5.56
Data and Analytics,2026-03-01,MQ for z/OS,1,8281.17,13.66,14.97
Data and Analytics,2026-03-01,Machine Learning Platform,2,714.69,1.18,10.28
Data and Analytics,2026-03-01,Managed Redis,2,213.47,0.35,11.51
Data and Analytics,2026-03-01,Message Queue,2,136.92,0.23,9.18
Data and Analytics,2026-03-01,Nagios Monitoring,1,69.24,0.11,16.35
Data and Analytics,2026-03-01,NetApp Storage,2,307.33,0.51,10.77
Data and Analytics,2026-03-01,Oracle Database,3,715.6,1.18,9.97
Data and Analytics,2026-03-01,RACF Security,2,6724.63,11.09,15.95
Data and Analytics,2026-03-01,Red Hat Enterprise Linux,1,93.36,0.15,15.37
Data and Analytics,2026-03-01,SMF Analytics,1,3086.27,5.09,23.41
Data and Analytics,2026-03-01,Serverless Functions,3,414.11,0.68,12.92
Data and Analytics,2026-03-01,Streaming Ingest,2,173.16,0.29,12.76
Data and Analytics,2026-03-01,Sysplex Coupling,2,8740.14,14.42,17.92
Data and Analytics,2026-03-01,Tape Virtualisation,1,2064.94,3.41,17.61
Data and Analytics,2026-03-01,Tomcat,2,168.79,0.28,7.96
Data and Analytics,2026-03-01,VMware vSphere,1,479.73,0.79,9.51
Data and Analytics,2026-03-01,VSAM Storage,2,9616.93,15.86,14.75
Data and Analytics,2026-03-01,Veeam Backup,1,231.31,0.38,8.33
Data and Analytics,2026-03-01,WebSphere Application Server,1,152.01,0.25,11.41
Data and Analytics,2026-03-01,Windows Server,1,232.82,0.38,9.77
Data and Analytics,2026-04-01,Block Storage,1,343.45,0.61,1.6
Data and Analytics,2026-04-01,CICS Transaction Server,1,879.38,1.55,-12.37
Data and Analytics,2026-04-01,Container Registry,1,133.57,0.24,-0.1
Data and Analytics,2026-04-01,Db2 for z/OS,1,11348.55,20.03,-7.79
Data and Analytics,2026-04-01,F5 Load Balancing,1,59.77,0.11,-2.86
Data and Analytics,2026-04-01,IMS Transaction Manager,1,1814.76,3.2,-2.65
Data and Analytics,2026-04-01,JCL Scheduler,1,2000.01,3.53,-9.89
Data and Analytics,2026-04-01,Kubernetes Service,1,44.95,0.08,-3.02
Data and Analytics,2026-04-01,Log Analytics,1,40.26,0.07,2.42
Data and Analytics,2026-04-01,MQ for z/OS,1,7615.06,13.44,-8.04
Data and Analytics,2026-04-01,Machine Learning Platform,2,687.83,1.21,-3.76
Data and Analytics,2026-04-01,Managed Redis,2,207.37,0.37,-2.86
Data and Analytics,2026-04-01,Message Queue,2,133.12,0.23,-2.78
Data and Analytics,2026-04-01,Nagios Monitoring,1,65.51,0.12,-5.39
Data and Analytics,2026-04-01,NetApp Storage,2,306.2,0.54,-0.37
Data and Analytics,2026-04-01,Oracle Database,3,715.01,1.26,-0.08
Data and Analytics,2026-04-01,RACF Security,2,6177.79,10.9,-8.13
Data and Analytics,2026-04-01,Red Hat Enterprise Linux,1,93.19,0.16,-0.18
Data and Analytics,2026-04-01,SMF Analytics,1,2899.0,5.12,-6.07
Data and Analytics,2026-04-01,Serverless Functions,3,400.04,0.71,-3.4
Data and Analytics,2026-04-01,Streaming Ingest,2,171.42,0.3,-1.0
Data and Analytics,2026-04-01,Sysplex Coupling,2,8307.97,14.66,-4.94
Data and Analytics,2026-04-01,Tape Virtualisation,1,1839.99,3.25,-10.89
Data and Analytics,2026-04-01,Tomcat,2,170.54,0.3,1.04
Data and Analytics,2026-04-01,VMware vSphere,1,470.34,0.83,-1.96
Data and Analytics,2026-04-01,VSAM Storage,2,9148.44,16.14,-4.87
Data and Analytics,2026-04-01,Veeam Backup,1,232.86,0.41,0.67
Data and Analytics,2026-04-01,WebSphere Application Server,1,144.13,0.25,-5.18
Data and Analytics,2026-04-01,Windows Server,1,217.43,0.38,-6.61
Data and Analytics,2026-05-01,Block Storage,1,344.27,0.61,0.24
Data and Analytics,2026-05-01,CICS Transaction Server,1,877.4,1.57,-0.23
Data and Analytics,2026-05-01,Container Registry,1,135.03,0.24,1.09
Data and Analytics,2026-05-01,Db2 for z/OS,1,11098.54,19.81,-2.2
Data and Analytics,2026-05-01,F5 Load Balancing,1,61.93,0.11,3.61
Data and Analytics,2026-05-01,IMS Transaction Manager,1,1763.77,3.15,-2.81
Data and Analytics,2026-05-01,JCL Scheduler,1,1936.18,3.46,-3.19
Data and Analytics,2026-05-01,Kubernetes Service,1,45.54,0.08,1.31
Data and Analytics,2026-05-01,Log Analytics,1,39.54,0.07,-1.79
Data and Analytics,2026-05-01,MQ for z/OS,1,7308.33,13.05,-4.03
Data and Analytics,2026-05-01,Machine Learning Platform,2,705.73,1.26,2.6
Data and Analytics,2026-05-01,Managed Redis,2,209.95,0.37,1.24
Data and Analytics,2026-05-01,Message Queue,2,136.71,0.24,2.7
Data and Analytics,2026-05-01,Nagios Monitoring,1,65.78,0.12,0.41
Data and Analytics,2026-05-01,NetApp Storage,2,299.35,0.53,-2.24
Data and Analytics,2026-05-01,Oracle Database,3,717.49,1.28,0.35
Data and Analytics,2026-05-01,RACF Security,2,6221.09,11.11,0.7
Data and Analytics,2026-05-01,Red Hat Enterprise Linux,1,91.12,0.16,-2.22
Data and Analytics,2026-05-01,SMF Analytics,1,2932.85,5.24,1.17
Data and Analytics,2026-05-01,Serverless Functions,3,409.49,0.73,2.36
Data and Analytics,2026-05-01,Streaming Ingest,2,173.15,0.31,1.01
Data and Analytics,2026-05-01,Sysplex Coupling,2,8217.77,14.67,-1.09
Data and Analytics,2026-05-01,Tape Virtualisation,1,1874.85,3.35,1.89
Data and Analytics,2026-05-01,Tomcat,2,170.85,0.3,0.18
Data and Analytics,2026-05-01,VMware vSphere,1,494.07,0.88,5.05
Data and Analytics,2026-05-01,VSAM Storage,2,9075.44,16.2,-0.8
Data and Analytics,2026-05-01,Veeam Backup,1,233.8,0.42,0.4
Data and Analytics,2026-05-01,WebSphere Application Server,1,151.34,0.27,5.0
Data and Analytics,2026-05-01,Windows Server,1,227.33,0.41,4.55
Data and Analytics,2026-06-01,Block Storage,1,337.49,0.57,-1.97
Data and Analytics,2026-06-01,CICS Transaction Server,1,986.3,1.66,12.41
Data and Analytics,2026-06-01,Container Registry,1,131.95,0.22,-2.28
Data and Analytics,2026-06-01,Db2 for z/OS,1,11965.64,20.17,7.81
Data and Analytics,2026-06-01,F5 Load Balancing,1,60.63,0.1,-2.1
Data and Analytics,2026-06-01,IMS Transaction Manager,1,1905.39,3.21,8.03
Data and Analytics,2026-06-01,JCL Scheduler,1,2145.41,3.62,10.81
Data and Analytics,2026-06-01,Kubernetes Service,1,44.42,0.07,-2.46
Data and Analytics,2026-06-01,Log Analytics,1,39.14,0.07,-1.01
Data and Analytics,2026-06-01,MQ for z/OS,1,8349.08,14.07,14.24
Data and Analytics,2026-06-01,Machine Learning Platform,2,721.3,1.22,2.21
Data and Analytics,2026-06-01,Managed Redis,2,202.07,0.34,-3.75
Data and Analytics,2026-06-01,Message Queue,2,131.82,0.22,-3.58
Data and Analytics,2026-06-01,Nagios Monitoring,1,65.76,0.11,-0.03
Data and Analytics,2026-06-01,NetApp Storage,2,300.68,0.51,0.44
Data and Analytics,2026-06-01,Oracle Database,3,711.59,1.2,-0.82
Data and Analytics,2026-06-01,RACF Security,2,6618.72,11.16,6.39
Data and Analytics,2026-06-01,Red Hat Enterprise Linux,1,90.03,0.15,-1.2
Data and Analytics,2026-06-01,SMF Analytics,1,2951.69,4.98,0.64
Data and Analytics,2026-06-01,Serverless Functions,3,407.94,0.69,-0.38
Data and Analytics,2026-06-01,Streaming Ingest,2,166.86,0.28,-3.63
Data and Analytics,2026-06-01,Sysplex Coupling,2,8451.77,14.25,2.85
Data and Analytics,2026-06-01,Tape Virtualisation,1,1980.41,3.34,5.63
Data and Analytics,2026-06-01,Tomcat,2,164.95,0.28,-3.45
Data and Analytics,2026-06-01,VMware vSphere,1,462.41,0.78,-6.41
Data and Analytics,2026-06-01,VSAM Storage,2,9330.0,15.73,2.8
Data and Analytics,2026-06-01,Veeam Backup,1,227.35,0.38,-2.76
Data and Analytics,2026-06-01,WebSphere Application Server,1,145.83,0.25,-3.64
Data and Analytics,2026-06-01,Windows Server,1,226.88,0.38,-0.2
Data and Analytics,2026-07-01,Block Storage,1,345.02,0.58,2.23
Data and Analytics,2026-07-01,CICS Transaction Server,1,937.96,1.58,-4.9
Data and Analytics,2026-07-01,Container Registry,1,136.34,0.23,3.33
Data and Analytics,2026-07-01,Db2 for z/OS,1,11963.57,20.12,-0.02
Data and Analytics,2026-07-01,F5 Load Balancing,1,62.68,0.11,3.38
Data and Analytics,2026-07-01,IMS Transaction Manager,1,1828.35,3.08,-4.04
Data and Analytics,2026-07-01,JCL Scheduler,1,2066.55,3.48,-3.68
Data and Analytics,2026-07-01,Kubernetes Service,1,46.25,0.08,4.12
Data and Analytics,2026-07-01,Log Analytics,1,42.4,0.07,8.33
Data and Analytics,2026-07-01,MQ for z/OS,1,8099.63,13.62,-2.99
Data and Analytics,2026-07-01,Machine Learning Platform,2,732.86,1.23,1.6
Data and Analytics,2026-07-01,Managed Redis,2,212.46,0.36,5.14
Data and Analytics,2026-07-01,Message Queue,2,142.19,0.24,7.87
Data and Analytics,2026-07-01,Nagios Monitoring,1,66.37,0.11,0.93
Data and Analytics,2026-07-01,NetApp Storage,2,312.18,0.53,3.82
Data and Analytics,2026-07-01,Oracle Database,3,745.61,1.25,4.78
Data and Analytics,2026-07-01,RACF Security,2,6453.16,10.85,-2.5
Data and Analytics,2026-07-01,Red Hat Enterprise Linux,1,95.27,0.16,5.82
Data and Analytics,2026-07-01,SMF Analytics,1,2885.38,4.85,-2.25
Data and Analytics,2026-07-01,Serverless Functions,3,423.82,0.71,3.89
Data and Analytics,2026-07-01,Streaming Ingest,2,174.04,0.29,4.3
Data and Analytics,2026-07-01,Sysplex Coupling,2,8733.41,14.69,3.33
Data and Analytics,2026-07-01,Tape Virtualisation,1,1979.49,3.33,-0.05
Data and Analytics,2026-07-01,Tomcat,2,170.55,0.29,3.39
Data and Analytics,2026-07-01,VMware vSphere,1,478.39,0.8,3.46
Data and Analytics,2026-07-01,VSAM Storage,2,9695.67,16.31,3.92
Data and Analytics,2026-07-01,Veeam Backup,1,243.72,0.41,7.2
Data and Analytics,2026-07-01,WebSphere Application Server,1,150.17,0.25,2.98
Data and Analytics,2026-07-01,Windows Server,1,225.58,0.38,-0.57
Data and Analytics,2026-08-01,Block Storage,1,345.37,0.6,0.1
Data and Analytics,2026-08-01,CICS Transaction Server,1,921.45,1.61,-1.76
Data and Analytics,2026-08-01,Container Registry,1,130.93,0.23,-3.97
Data and Analytics,2026-08-01,Db2 for z/OS,1,11642.33,20.35,-2.69
Data and Analytics,2026-08-01,F5 Load Balancing,1,61.75,0.11,-1.48
Data and Analytics,2026-08-01,IMS Transaction Manager,1,1732.8,3.03,-5.23
Data and Analytics,2026-08-01,JCL Scheduler,1,2031.52,3.55,-1.7
Data and Analytics,2026-08-01,Kubernetes Service,1,44.39,0.08,-4.02
Data and Analytics,2026-08-01,Log Analytics,1,41.37,0.07,-2.43
Data and Analytics,2026-08-01,MQ for z/OS,1,7820.58,13.67,-3.45
Data and Analytics,2026-08-01,Machine Learning Platform,2,725.54,1.27,-1.0
Data and Analytics,2026-08-01,Managed Redis,2,206.35,0.36,-2.88
Data and Analytics,2026-08-01,Message Queue,2,137.81,0.24,-3.08
Data and Analytics,2026-08-01,Nagios Monitoring,1,64.81,0.11,-2.35
Data and Analytics,2026-08-01,NetApp Storage,2,303.23,0.53,-2.87
Data and Analytics,2026-08-01,Oracle Database,3,716.59,1.25,-3.89
Data and Analytics,2026-08-01,RACF Security,2,6223.02,10.88,-3.57
Data and Analytics,2026-08-01,Red Hat Enterprise Linux,1,90.36,0.16,-5.15
Data and Analytics,2026-08-01,SMF Analytics,1,2982.45,5.21,3.36
Data and Analytics,2026-08-01,Serverless Functions,3,411.63,0.72,-2.88
Data and Analytics,2026-08-01,Streaming Ingest,2,167.91,0.29,-3.52
Data and Analytics,2026-08-01,Sysplex Coupling,2,8460.49,14.79,-3.13
Data and Analytics,2026-08-01,Tape Virtualisation,1,1914.18,3.35,-3.3
Data and Analytics,2026-08-01,Tomcat,2,169.47,0.3,-0.63
Data and Analytics,2026-08-01,VMware vSphere,1,470.84,0.82,-1.58
Data and Analytics,2026-08-01,VSAM Storage,2,8784.41,15.35,-9.4
Data and Analytics,2026-08-01,Veeam Backup,1,224.58,0.39,-7.85
Data and Analytics,2026-08-01,WebSphere Application Server,1,150.08,0.26,-0.06
Data and Analytics,2026-08-01,Windows Server,1,233.89,0.41,3.68
Data and Analytics,2026-09-01,Block Storage,1,344.82,0.57,-0.16
Data and Analytics,2026-09-01,CICS Transaction Server,1,943.42,1.57,2.38
Data and Analytics,2026-09-01,Container Registry,1,134.95,0.22,3.07
Data and Analytics,2026-09-01,Db2 for z/OS,1,12387.86,20.55,6.4
Data and Analytics,2026-09-01,F5 Load Balancing,1,59.05,0.1,-4.37
Data and Analytics,2026-09-01,IMS Transaction Manager,1,1854.35,3.08,7.01
Data and Analytics,2026-09-01,JCL Scheduler,1,2245.62,3.73,10.54
Data and Analytics,2026-09-01,Kubernetes Service,1,45.05,0.07,1.49
Data and Analytics,2026-09-01,Log Analytics,1,38.43,0.06,-7.11
Data and Analytics,2026-09-01,MQ for z/OS,1,8032.92,13.33,2.72
Data and Analytics,2026-09-01,Machine Learning Platform,2,718.27,1.19,-1.0
Data and Analytics,2026-09-01,Managed Redis,2,204.02,0.34,-1.13
Data and Analytics,2026-09-01,Message Queue,2,135.9,0.23,-1.39
Data and Analytics,2026-09-01,Nagios Monitoring,1,65.49,0.11,1.05
Data and Analytics,2026-09-01,NetApp Storage,2,299.51,0.5,-1.23
Data and Analytics,2026-09-01,Oracle Database,3,700.83,1.16,-2.2
Data and Analytics,2026-09-01,RACF Security,2,6774.31,11.24,8.86
Data and Analytics,2026-09-01,Red Hat Enterprise Linux,1,89.57,0.15,-0.87
Data and Analytics,2026-09-01,SMF Analytics,1,3067.34,5.09,2.85
Data and Analytics,2026-09-01,Serverless Functions,3,397.32,0.66,-3.48
Data and Analytics,2026-09-01,Streaming Ingest,2,164.26,0.27,-2.17
Data and Analytics,2026-09-01,Sysplex Coupling,2,8941.09,14.83,5.68
Data and Analytics,2026-09-01,Tape Virtualisation,1,2052.1,3.4,7.21
Data and Analytics,2026-09-01,Tomcat,2,167.77,0.28,-1.0
Data and Analytics,2026-09-01,VMware vSphere,1,483.55,0.8,2.7
Data and Analytics,2026-09-01,VSAM Storage,2,9321.89,15.47,6.12
Data and Analytics,2026-09-01,Veeam Backup,1,226.35,0.38,0.79
Data and Analytics,2026-09-01,WebSphere Application Server,1,148.64,0.25,-0.96
Data and Analytics,2026-09-01,Windows Server,1,226.74,0.38,-3.06
Digital Channels,2025-10-01,Active Directory,2,502.16,1.0,
Digital Channels,2025-10-01,CICS Transaction Server,4,12587.5,25.15,
Digital Channels,2025-10-01,COBOL Batch,3,8548.26,17.08,
Digital Channels,2025-10-01,Container Registry,1,314.18,0.63,
Digital Channels,2025-10-01,Content Delivery,1,794.82,1.59,
Digital Channels,2025-10-01,Data Warehouse,1,172.58,0.34,
Digital Channels,2025-10-01,F5 Load Balancing,1,410.15,0.82,
Digital Channels,2025-10-01,JCL Scheduler,1,4465.56,8.92,
Digital Channels,2025-10-01,MQ for z/OS,2,5267.18,10.53,
Digital Channels,2025-10-01,Machine Learning Platform,1,175.17,0.35,
Digital Channels,2025-10-01,Managed PostgreSQL,1,44.45,0.09,
Digital Channels,2025-10-01,Managed Redis,1,229.56,0.46,
Digital Channels,2025-10-01,Nagios Monitoring,2,530.93,1.06,
Digital Channels,2025-10-01,NetApp Storage,3,2394.03,4.78,
Digital Channels,2025-10-01,Red Hat Enterprise Linux,1,54.0,0.11,
Digital Channels,2025-10-01,SMF Analytics,2,3025.2,6.05,
Digital Channels,2025-10-01,SQL Server,1,414.05,0.83,
Digital Channels,2025-10-01,Streaming Ingest,1,169.65,0.34,
Digital Channels,2025-10-01,Sysplex Coupling,2,4877.83,9.75,
Digital Channels,2025-10-01,Tape Virtualisation,1,2775.04,5.55,
Digital Channels,2025-10-01,Tomcat,2,680.92,1.36,
Digital Channels,2025-10-01,Veeam Backup,1,76.08,0.15,
Digital Channels,2025-10-01,WebSphere Application Server,1,188.61,0.38,
Digital Channels,2025-10-01,Windows Server,1,525.52,1.05,
Digital Channels,2025-10-01,z/OS Connect,1,820.15,1.64,
Digital Channels,2025-11-01,Active Directory,2,475.39,1.02,-5.33
Digital Channels,2025-11-01,CICS Transaction Server,4,11659.48,25.0,-7.37
Digital Channels,2025-11-01,COBOL Batch,3,7920.7,16.98,-7.34
Digital Channels,2025-11-01,Container Registry,1,293.22,0.63,-6.67
Digital Channels,2025-11-01,Content Delivery,1,759.78,1.63,-4.41
Digital Channels,2025-11-01,Data Warehouse,1,150.07,0.32,-13.04
Digital Channels,2025-11-01,F5 Load Balancing,1,365.94,0.78,-10.78
Digital Channels,2025-11-01,JCL Scheduler,1,4251.75,9.12,-4.79
Digital Channels,2025-11-01,MQ for z/OS,2,4827.39,10.35,-8.35
Digital Channels,2025-11-01,Machine Learning Platform,1,161.22,0.35,-7.96
Digital Channels,2025-11-01,Managed PostgreSQL,1,40.98,0.09,-7.81
Digital Channels,2025-11-01,Managed Redis,1,212.24,0.46,-7.54
Digital Channels,2025-11-01,Nagios Monitoring,2,509.51,1.09,-4.03
Digital Channels,2025-11-01,NetApp Storage,3,2268.9,4.87,-5.23
Digital Channels,2025-11-01,Red Hat Enterprise Linux,1,50.78,0.11,-5.96
Digital Channels,2025-11-01,SMF Analytics,2,2657.68,5.7,-12.15
Digital Channels,2025-11-01,SQL Server,1,383.89,0.82,-7.28
Digital Channels,2025-11-01,Streaming Ingest,1,158.69,0.34,-6.46
Digital Channels,2025-11-01,Sysplex Coupling,2,4749.08,10.18,-2.64
Digital Channels,2025-11-01,Tape Virtualisation,1,2565.68,5.5,-7.54
Digital Channels,2025-11-01,Tomcat,2,643.54,1.38,-5.49
Digital Channels,2025-11-01,Veeam Backup,1,70.48,0.15,-7.36
Digital Channels,2025-11-01,WebSphere Application Server,1,177.14,0.38,-6.08
Digital Channels,2025-11-01,Windows Server,1,515.79,1.11,-1.85
Digital Channels,2025-11-01,z/OS Connect,1,764.56,1.64,-6.78
Digital Channels,2025-12-01,Active Directory,2,488.1,0.94,2.67
Digital Channels,2025-12-01,CICS Transaction Server,4,13242.88,25.38,13.58
Digital Channels,2025-12-01,COBOL Batch,3,8938.25,17.13,12.85
Digital Channels,2025-12-01,Container Registry,1,306.87,0.59,4.66
Digital Channels,2025-12-01,Content Delivery,1,793.67,1.52,4.46
Digital Channels,2025-12-01,Data Warehouse,1,163.8,0.31,9.15
Digital Channels,2025-12-01,F5 Load Balancing,1,398.54,0.76,8.91
Digital Channels,2025-12-01,JCL Scheduler,1,4724.91,9.06,11.13
Digital Channels,2025-12-01,MQ for z/OS,2,5321.53,10.2,10.24
Digital Channels,2025-12-01,Machine Learning Platform,1,174.31,0.33,8.12
Digital Channels,2025-12-01,Managed PostgreSQL,1,42.96,0.08,4.83
Digital Channels,2025-12-01,Managed Redis,1,229.84,0.44,8.29
Digital Channels,2025-12-01,Nagios Monitoring,2,537.05,1.03,5.41
Digital Channels,2025-12-01,NetApp Storage,3,2385.85,4.57,5.15
Digital Channels,2025-12-01,Red Hat Enterprise Linux,1,54.38,0.1,7.09
Digital Channels,2025-12-01,SMF Analytics,2,3191.75,6.12,20.1
Digital Channels,2025-12-01,SQL Server,1,419.5,0.8,9.28
Digital Channels,2025-12-01,Streaming Ingest,1,169.8,0.33,7.0
Digital Channels,2025-12-01,Sysplex Coupling,2,5254.41,10.07,10.64
Digital Channels,2025-12-01,Tape Virtualisation,1,2966.06,5.68,15.61
Digital Channels,2025-12-01,Tomcat,2,688.18,1.32,6.94
Digital Channels,2025-12-01,Veeam Backup,1,76.51,0.15,8.56
Digital Channels,2025-12-01,WebSphere Application Server,1,192.19,0.37,8.5
Digital Channels,2025-12-01,Windows Server,1,536.09,1.03,3.94
Digital Channels,2025-12-01,z/OS Connect,1,881.7,1.69,15.32
Digital Channels,2026-01-01,Active Directory,2,487.72,1.0,-0.08
Digital Channels,2026-01-01,CICS Transaction Server,4,12116.81,24.81,-8.5
Digital Channels,2026-01-01,COBOL Batch,3,8496.24,17.4,-4.95
Digital Channels,2026-01-01,Container Registry,1,306.58,0.63,-0.09
Digital Channels,2026-01-01,Content Delivery,1,807.41,1.65,1.73
Digital Channels,2026-01-01,Data Warehouse,1,165.02,0.34,0.74
Digital Channels,2026-01-01,F5 Load Balancing,1,394.33,0.81,-1.06
Digital Channels,2026-01-01,JCL Scheduler,1,4454.14,9.12,-5.73
Digital Channels,2026-01-01,MQ for z/OS,2,4918.14,10.07,-7.58
Digital Channels,2026-01-01,Machine Learning Platform,1,174.68,0.36,0.21
Digital Channels,2026-01-01,Managed PostgreSQL,1,42.96,0.09,0.0
Digital Channels,2026-01-01,Managed Redis,1,234.95,0.48,2.22
Digital Channels,2026-01-01,Nagios Monitoring,2,529.9,1.09,-1.33
Digital Channels,2026-01-01,NetApp Storage,3,2339.51,4.79,-1.94
Digital Channels,2026-01-01,Red Hat Enterprise Linux,1,52.36,0.11,-3.71
Digital Channels,2026-01-01,SMF Analytics,2,2932.94,6.01,-8.11
Digital Channels,2026-01-01,SQL Server,1,397.1,0.81,-5.34
Digital Channels,2026-01-01,Streaming Ingest,1,163.66,0.34,-3.62
Digital Channels,2026-01-01,Sysplex Coupling,2,4961.47,10.16,-5.58
Digital Channels,2026-01-01,Tape Virtualisation,1,2567.5,5.26,-13.44
Digital Channels,2026-01-01,Tomcat,2,678.85,1.39,-1.36
Digital Channels,2026-01-01,Veeam Backup,1,73.32,0.15,-4.17
Digital Channels,2026-01-01,WebSphere Application Server,1,189.37,0.39,-1.47
Digital Channels,2026-01-01,Windows Server,1,522.83,1.07,-2.47
Digital Channels,2026-01-01,z/OS Connect,1,824.3,1.69,-6.51
Digital Channels,2026-02-01,Active Directory,2,448.97,1.03,-7.95
Digital Channels,2026-02-01,CICS Transaction Server,4,10999.81,25.14,-9.22
Digital Channels,2026-02-01,COBOL Batch,3,7419.12,16.96,-12.68
Digital Channels,2026-02-01,Container Registry,1,287.76,0.66,-6.14
Digital Channels,2026-02-01,Content Delivery,1,682.76,1.56,-15.44
Digital Channels,2026-02-01,Data Warehouse,1,148.84,0.34,-9.8
Digital Channels,2026-02-01,F5 Load Balancing,1,344.75,0.79,-12.57
Digital Channels,2026-02-01,JCL Scheduler,1,3928.69,8.98,-11.8
Digital Channels,2026-02-01,MQ for z/OS,2,4426.89,10.12,-9.99
Digital Channels,2026-02-01,Machine Learning Platform,1,150.86,0.34,-13.64
Digital Channels,2026-02-01,Managed PostgreSQL,1,39.53,0.09,-7.98
Digital Channels,2026-02-01,Managed Redis,1,215.13,0.49,-8.44
Digital Channels,2026-02-01,Nagios Monitoring,2,488.68,1.12,-7.78
Digital Channels,2026-02-01,NetApp Storage,3,2159.41,4.94,-7.7
Digital Channels,2026-02-01,Red Hat Enterprise Linux,1,46.94,0.11,-10.35
Digital Channels,2026-02-01,SMF Analytics,2,2596.49,5.94,-11.47
Digital Channels,2026-02-01,SQL Server,1,364.85,0.83,-8.12
Digital Channels,2026-02-01,Streaming Ingest,1,149.65,0.34,-8.56
Digital Channels,2026-02-01,Sysplex Coupling,2,4389.11,10.03,-11.54
Digital Channels,2026-02-01,Tape Virtualisation,1,2448.89,5.6,-4.62
Digital Channels,2026-02-01,Tomcat,2,621.91,1.42,-8.39
Digital Channels,2026-02-01,Veeam Backup,1,66.26,0.15,-9.63
Digital Channels,2026-02-01,WebSphere Application Server,1,167.48,0.38,-11.56
Digital Channels,2026-02-01,Windows Server,1,453.81,1.04,-13.2
Digital Channels,2026-02-01,z/OS Connect,1,701.91,1.6,-14.85
Digital Channels,2026-03-01,Active Directory,2,492.11,0.97,9.61
Digital Channels,2026-03-01,CICS Transaction Server,4,12680.51,24.94,15.28
Digital Channels,2026-03-01,COBOL Batch,3,8711.22,17.13,17.42
Digital Channels,2026-03-01,Container Registry,1,311.77,0.61,8.34
Digital Channels,2026-03-01,Content Delivery,1,781.72,1.54,14.49
Digital Channels,2026-03-01,Data Warehouse,1,165.17,0.32,10.97
Digital Channels,2026-03-01,F5 Load Balancing,1,396.63,0.78,15.05
Digital Channels,2026-03-01,JCL Scheduler,1,4751.69,9.34,20.95
Digital Channels,2026-03-01,MQ for z/OS,2,5245.6,10.32,18.49
Digital Channels,2026-03-01,Machine Learning Platform,1,173.4,0.34,14.94
Digital Channels,2026-03-01,Managed PostgreSQL,1,42.83,0.08,8.35
Digital Channels,2026-03-01,Managed Redis,1,224.74,0.44,4.47
Digital Channels,2026-03-01,Nagios Monitoring,2,532.4,1.05,8.95
Digital Channels,2026-03-01,NetApp Storage,3,2405.21,4.73,11.38
Digital Channels,2026-03-01,Red Hat Enterprise Linux,1,53.82,0.11,14.66
Digital Channels,2026-03-01,SMF Analytics,2,3048.42,5.99,17.41
Digital Channels,2026-03-01,SQL Server,1,400.78,0.79,9.85
Digital Channels,2026-03-01,Streaming Ingest,1,164.36,0.32,9.83
Digital Channels,2026-03-01,Sysplex Coupling,2,5175.39,10.18,17.91
Digital Channels,2026-03-01,Tape Virtualisation,1,2784.83,5.48,13.72
Digital Channels,2026-03-01,Tomcat,2,677.05,1.33,8.87
Digital Channels,2026-03-01,Veeam Backup,1,72.83,0.14,9.92
Digital Channels,2026-03-01,WebSphere Application Server,1,188.93,0.37,12.81
Digital Channels,2026-03-01,Windows Server,1,520.91,1.02,14.79
Digital Channels,2026-03-01,z/OS Connect,1,847.76,1.67,20.78
Digital Channels,2026-04-01,Active Directory,2,467.26,0.98,-5.05
Digital Channels,2026-04-01,CICS Transaction Server,4,11930.81,25.01,-5.91
Digital Channels,2026-04-01,COBOL Batch,3,8172.1,17.13,-6.19
Digital Channels,2026-04-01,Container Registry,1,301.42,0.63,-3.32
Digital Channels,2026-04-01,Content Delivery,1,781.6,1.64,-0.02
Digital Channels,2026-04-01,Data Warehouse,1,154.79,0.32,-6.28
Digital Channels,2026-04-01,F5 Load Balancing,1,366.47,0.77,-7.6
Digital Channels,2026-04-01,JCL Scheduler,1,4303.61,9.02,-9.43
Digital Channels,2026-04-01,MQ for z/OS,2,4904.13,10.28,-6.51
Digital Channels,2026-04-01,Machine Learning Platform,1,167.13,0.35,-3.62
Digital Channels,2026-04-01,Managed PostgreSQL,1,42.84,0.09,0.02
Digital Channels,2026-04-01,Managed Redis,1,221.2,0.46,-1.58
Digital Channels,2026-04-01,Nagios Monitoring,2,519.38,1.09,-2.45
Digital Channels,2026-04-01,NetApp Storage,3,2321.96,4.87,-3.46
Digital Channels,2026-04-01,Red Hat Enterprise Linux,1,52.01,0.11,-3.36
Digital Channels,2026-04-01,SMF Analytics,2,2801.34,5.87,-8.11
Digital Channels,2026-04-01,SQL Server,1,402.44,0.84,0.41
Digital Channels,2026-04-01,Streaming Ingest,1,164.98,0.35,0.38
Digital Channels,2026-04-01,Sysplex Coupling,2,4769.57,10.0,-7.84
Digital Channels,2026-04-01,Tape Virtualisation,1,2618.46,5.49,-5.97
Digital Channels,2026-04-01,Tomcat,2,659.6,1.38,-2.58
Digital Channels,2026-04-01,Veeam Backup,1,71.86,0.15,-1.33
Digital Channels,2026-04-01,WebSphere Application Server,1,181.27,0.38,-4.05
Digital Channels,2026-04-01,Windows Server,1,513.73,1.08,-1.38
Digital Channels,2026-04-01,z/OS Connect,1,806.9,1.69,-4.82
Digital Channels,2026-05-01,Active Directory,2,466.69,0.98,-0.12
Digital Channels,2026-05-01,CICS Transaction Server,4,11934.06,25.08,0.03
Digital Channels,2026-05-01,COBOL Batch,3,8082.42,16.99,-1.1
Digital Channels,2026-05-01,Container Registry,1,307.71,0.65,2.09
Digital Channels,2026-05-01,Content Delivery,1,790.76,1.66,1.17
Digital Channels,2026-05-01,Data Warehouse,1,158.73,0.33,2.55
Digital Channels,2026-05-01,F5 Load Balancing,1,379.17,0.8,3.47
Digital Channels,2026-05-01,JCL Scheduler,1,4315.59,9.07,0.28
Digital Channels,2026-05-01,MQ for z/OS,2,4864.25,10.22,-0.81
Digital Channels,2026-05-01,Machine Learning Platform,1,167.58,0.35,0.27
Digital Channels,2026-05-01,Managed PostgreSQL,1,41.34,0.09,-3.5
Digital Channels,2026-05-01,Managed Redis,1,226.24,0.48,2.28
Digital Channels,2026-05-01,Nagios Monitoring,2,522.49,1.1,0.6
Digital Channels,2026-05-01,NetApp Storage,3,2358.29,4.96,1.56
Digital Channels,2026-05-01,Red Hat Enterprise Linux,1,52.0,0.11,-0.02
Digital Channels,2026-05-01,SMF Analytics,2,2801.3,5.89,-0.0
Digital Channels,2026-05-01,SQL Server,1,383.8,0.81,-4.63
Digital Channels,2026-05-01,Streaming Ingest,1,163.42,0.34,-0.95
Digital Channels,2026-05-01,Sysplex Coupling,2,4686.54,9.85,-1.74
Digital Channels,2026-05-01,Tape Virtualisation,1,2660.15,5.59,1.59
Digital Channels,2026-05-01,Tomcat,2,669.38,1.41,1.48
Digital Channels,2026-05-01,Veeam Backup,1,73.34,0.15,2.06
Digital Channels,2026-05-01,WebSphere Application Server,1,185.48,0.39,2.32
Digital Channels,2026-05-01,Windows Server,1,508.01,1.07,-1.11
Digital Channels,2026-05-01,z/OS Connect,1,780.08,1.64,-3.32
Digital Channels,2026-06-01,Active Directory,2,480.0,0.97,2.85
Digital Channels,2026-06-01,CICS Transaction Server,4,12726.14,25.61,6.64
Digital Channels,2026-06-01,COBOL Batch,3,8468.08,17.04,4.77
Digital Channels,2026-06-01,Container Registry,1,296.79,0.6,-3.55
Digital Channels,2026-06-01,Content Delivery,1,779.83,1.57,-1.38
Digital Channels,2026-06-01,Data Warehouse,1,157.4,0.32,-0.84
Digital Channels,2026-06-01,F5 Load Balancing,1,390.89,0.79,3.09
Digital Channels,2026-06-01,JCL Scheduler,1,4624.08,9.3,7.15
Digital Channels,2026-06-01,MQ for z/OS,2,4901.88,9.86,0.77
Digital Channels,2026-06-01,Machine Learning Platform,1,168.55,0.34,0.58
Digital Channels,2026-06-01,Managed PostgreSQL,1,42.19,0.08,2.06
Digital Channels,2026-06-01,Managed Redis,1,221.19,0.45,-2.23
Digital Channels,2026-06-01,Nagios Monitoring,2,522.86,1.05,0.07
Digital Channels,2026-06-01,NetApp Storage,3,2300.07,4.63,-2.47
Digital Channels,2026-06-01,Red Hat Enterprise Linux,1,51.9,0.1,-0.19
Digital Channels,2026-06-01,SMF Analytics,2,2832.59,5.7,1.12
Digital Channels,2026-06-01,SQL Server,1,385.44,0.78,0.43
Digital Channels,2026-06-01,Streaming Ingest,1,156.99,0.32,-3.93
Digital Channels,2026-06-01,Sysplex Coupling,2,5182.0,10.43,10.57
Digital Channels,2026-06-01,Tape Virtualisation,1,2779.35,5.59,4.48
Digital Channels,2026-06-01,Tomcat,2,655.92,1.32,-2.01
Digital Channels,2026-06-01,Veeam Backup,1,74.08,0.15,1.01
Digital Channels,2026-06-01,WebSphere Application Server,1,181.22,0.36,-2.3
Digital Channels,2026-06-01,Windows Server,1,495.01,1.0,-2.56
Digital Channels,2026-06-01,z/OS Connect,1,820.86,1.65,5.23
Digital Channels,2026-07-01,Active Directory,2,477.25,0.96,-0.57
Digital Channels,2026-07-01,CICS Transaction Server,4,12527.44,25.18,-1.56
Digital Channels,2026-07-01,COBOL Batch,3,8730.34,17.55,3.1
Digital Channels,2026-07-01,Container Registry,1,309.68,0.62,4.34
Digital Channels,2026-07-01,Content Delivery,1,782.5,1.57,0.34
Digital Channels,2026-07-01,Data Warehouse,1,166.83,0.34,5.99
Digital Channels,2026-07-01,F5 Load Balancing,1,409.96,0.82,4.88
Digital Channels,2026-07-01,JCL Scheduler,1,4401.22,8.85,-4.82
Digital Channels,2026-07-01,MQ for z/OS,2,5031.49,10.11,2.64
Digital Channels,2026-07-01,Machine Learning Platform,1,171.26,0.34,1.61
Digital Channels,2026-07-01,Managed PostgreSQL,1,43.28,0.09,2.58
Digital Channels,2026-07-01,Managed Redis,1,239.66,0.48,8.35
Digital Channels,2026-07-01,Nagios Monitoring,2,528.44,1.06,1.07
Digital Channels,2026-07-01,NetApp Storage,3,2395.28,4.81,4.14
Digital Channels,2026-07-01,Red Hat Enterprise Linux,1,53.58,0.11,3.24
Digital Channels,2026-07-01,SMF Analytics,2,2836.77,5.7,0.15
Digital Channels,2026-07-01,SQL Server,1,409.34,0.82,6.2
Digital Channels,2026-07-01,Streaming Ingest,1,160.27,0.32,2.09
Digital Channels,2026-07-01,Sysplex Coupling,2,5005.6,10.06,-3.4
Digital Channels,2026-07-01,Tape Virtualisation,1,2761.57,5.55,-0.64
Digital Channels,2026-07-01,Tomcat,2,690.4,1.39,5.26
Digital Channels,2026-07-01,Veeam Backup,1,74.75,0.15,0.9
Digital Channels,2026-07-01,WebSphere Application Server,1,192.35,0.39,6.14
Digital Channels,2026-07-01,Windows Server,1,521.96,1.05,5.44
Digital Channels,2026-07-01,z/OS Connect,1,829.2,1.67,1.02
Digital Channels,2026-08-01,Active Directory,2,475.84,0.98,-0.3
Digital Channels,2026-08-01,CICS Transaction Server,4,12021.2,24.81,-4.04
Digital Channels,2026-08-01,COBOL Batch,3,8392.28,17.32,-3.87
Digital Channels,2026-08-01,Container Registry,1,299.2,0.62,-3.38
Digital Channels,2026-08-01,Content Delivery,1,772.02,1.59,-1.34
Digital Channels,2026-08-01,Data Warehouse,1,160.36,0.33,-3.88
Digital Channels,2026-08-01,F5 Load Balancing,1,373.59,0.77,-8.87
Digital Channels,2026-08-01,JCL Scheduler,1,4488.97,9.26,1.99
Digital Channels,2026-08-01,MQ for z/OS,2,4910.03,10.13,-2.41
Digital Channels,2026-08-01,Machine Learning Platform,1,168.07,0.35,-1.86
Digital Channels,2026-08-01,Managed PostgreSQL,1,43.05,0.09,-0.53
Digital Channels,2026-08-01,Managed Redis,1,230.7,0.48,-3.74
Digital Channels,2026-08-01,Nagios Monitoring,2,521.33,1.08,-1.35
Digital Channels,2026-08-01,NetApp Storage,3,2402.34,4.96,0.29
Digital Channels,2026-08-01,Red Hat Enterprise Linux,1,53.72,0.11,0.26
Digital Channels,2026-08-01,SMF Analytics,2,2838.38,5.86,0.06
Digital Channels,2026-08-01,SQL Server,1,396.92,0.82,-3.03
Digital Channels,2026-08-01,Streaming Ingest,1,165.74,0.34,3.41
Digital Channels,2026-08-01,Sysplex Coupling,2,4779.43,9.86,-4.52
Digital Channels,2026-08-01,Tape Virtualisation,1,2699.16,5.57,-2.26
Digital Channels,2026-08-01,Tomcat,2,677.65,1.4,-1.85
Digital Channels,2026-08-01,Veeam Backup,1,74.0,0.15,-1.0
Digital Channels,2026-08-01,WebSphere Application Server,1,186.98,0.39,-2.79
Digital Channels,2026-08-01,Windows Server,1,522.35,1.08,0.07
Digital Channels,2026-08-01,z/OS Connect,1,808.22,1.67,-2.53
Digital Channels,2026-09-01,Active Directory,2,481.78,0.96,1.25
Digital Channels,2026-09-01,CICS Transaction Server,4,12756.16,25.33,6.11
Digital Channels,2026-09-01,COBOL Batch,3,8564.11,17.0,2.05
Digital Channels,2026-09-01,Container Registry,1,308.39,0.61,3.07
Digital Channels,2026-09-01,Content Delivery,1,770.22,1.53,-0.23
Digital Channels,2026-09-01,Data Warehouse,1,161.47,0.32,0.69
Digital Channels,2026-09-01,F5 Load Balancing,1,380.77,0.76,1.92
Digital Channels,2026-09-01,JCL Scheduler,1,4648.46,9.23,3.55
Digital Channels,2026-09-01,MQ for z/OS,2,5168.34,10.26,5.26
Digital Channels,2026-09-01,Machine Learning Platform,1,167.74,0.33,-0.2
Digital Channels,2026-09-01,Managed PostgreSQL,1,42.96,0.09,-0.21
Digital Channels,2026-09-01,Managed Redis,1,223.43,0.44,-3.15
Digital Channels,2026-09-01,Nagios Monitoring,2,511.32,1.02,-1.92
Digital Channels,2026-09-01,NetApp Storage,3,2296.84,4.56,-4.39
Digital Channels,2026-09-01,Red Hat Enterprise Linux,1,51.24,0.1,-4.62
Digital Channels,2026-09-01,SMF Analytics,2,2975.73,5.91,4.84
Digital Channels,2026-09-01,SQL Server,1,406.01,0.81,2.29
Digital Channels,2026-09-01,Streaming Ingest,1,162.71,0.32,-1.83
Digital Channels,2026-09-01,Sysplex Coupling,2,5232.42,10.39,9.48
Digital Channels,2026-09-01,Tape Virtualisation,1,2789.46,5.54,3.35
Digital Channels,2026-09-01,Tomcat,2,676.57,1.34,-0.16
Digital Channels,2026-09-01,Veeam Backup,1,71.93,0.14,-2.8
Digital Channels,2026-09-01,WebSphere Application Server,1,181.81,0.36,-2.77
Digital Channels,2026-09-01,Windows Server,1,503.32,1.0,-3.64
Digital Channels,2026-09-01,z/OS Connect,1,831.65,1.65,2.9
Finance,2025-10-01,API Gateway,3,548.9,1.24,
Finance,2025-10-01,Active Directory,3,868.01,1.97,
Finance,2025-10-01,Block Storage,1,260.01,0.59,
Finance,2025-10-01,Content Delivery,2,481.14,1.09,
Finance,2025-10-01,Db2 for z/OS,2,6157.07,13.96,
Finance,2025-10-01,IMS Transaction Manager,1,7519.15,17.04,
Finance,2025-10-01,JCL Scheduler,1,2010.33,4.56,
Finance,2025-10-01,Kubernetes Service,2,155.12,0.35,
Finance,2025-10-01,Log Analytics,1,138.56,0.31,
Finance,2025-10-01,Machine Learning Platform,2,283.56,0.64,
Finance,2025-10-01,Managed PostgreSQL,4,1061.73,2.41,
Finance,2025-10-01,Managed Redis,1,61.1,0.14,
Finance,2025-10-01,Nagios Monitoring,1,262.09,0.59,
Finance,2025-10-01,Object Storage,3,392.33,0.89,
Finance,2025-10-01,Red Hat Enterprise Linux,1,121.3,0.27,
Finance,2025-10-01,SQL Server,3,571.27,1.29,
Finance,2025-10-01,Secrets Manager,2,449.62,1.02,
Finance,2025-10-01,Sysplex Coupling,1,8354.18,18.94,
Finance,2025-10-01,Tape Virtualisation,2,5966.89,13.52,
Finance,2025-10-01,VSAM Storage,1,2127.78,4.82,
Finance,2025-10-01,WebSphere Application Server,1,631.24,1.43,
Finance,2025-10-01,Windows Server,1,100.3,0.23,
Finance,2025-10-01,z/OS Connect,1,5596.42,12.69,
Finance,2025-11-01,API Gateway,3,518.49,1.28,-5.54
Finance,2025-11-01,Active Directory,3,779.85,1.93,-10.16
Finance,2025-11-01,Block Storage,1,239.25,0.59,-7.98
Finance,2025-11-01,Content Delivery,2,442.43,1.09,-8.05
Finance,2025-11-01,Db2 for z/OS,2,5580.11,13.78,-9.37
Finance,2025-11-01,IMS Transaction Manager,1,6929.61,17.11,-7.84
Finance,2025-11-01,JCL Scheduler,1,1818.98,4.49,-9.52
Finance,2025-11-01,Kubernetes Service,2,144.05,0.36,-7.14
Finance,2025-11-01,Log Analytics,1,131.45,0.32,-5.13
Finance,2025-11-01,Machine Learning Platform,2,257.11,0.63,-9.33
Finance,2025-11-01,Managed PostgreSQL,4,1006.86,2.49,-5.17
Finance,2025-11-01,Managed Redis,1,55.94,0.14,-8.45
Finance,2025-11-01,Nagios Monitoring,1,246.11,0.61,-6.1
Finance,2025-11-01,Object Storage,3,369.39,0.91,-5.85
Finance,2025-11-01,Red Hat Enterprise Linux,1,113.44,0.28,-6.48
Finance,2025-11-01,SQL Server,3,539.11,1.33,-5.63
Finance,2025-11-01,Secrets Manager,2,421.69,1.04,-6.21
Finance,2025-11-01,Sysplex Coupling,1,7609.46,18.79,-8.91
Finance,2025-11-01,Tape Virtualisation,2,5495.81,13.57,-7.89
Finance,2025-11-01,VSAM Storage,1,2016.08,4.98,-5.25
Finance,2025-11-01,WebSphere Application Server,1,577.98,1.43,-8.44
Finance,2025-11-01,Windows Server,1,99.25,0.25,-1.05
Finance,2025-11-01,z/OS Connect,1,5100.35,12.6,-8.86
Finance,2025-12-01,API Gateway,3,547.39,1.21,5.57
Finance,2025-12-01,Active Directory,3,839.31,1.86,7.62
Finance,2025-12-01,Block Storage,1,248.1,0.55,3.7
Finance,2025-12-01,Content Delivery,2,482.87,1.07,9.14
Finance,2025-12-01,Db2 for z/OS,2,6370.44,14.09,14.16
Finance,2025-12-01,IMS Transaction Manager,1,7994.66,17.69,15.37
Finance,2025-12-01,JCL Scheduler,1,2010.1,4.45,10.51
Finance,2025-12-01,Kubernetes Service,2,152.43,0.34,5.82
Finance,2025-12-01,Log Analytics,1,138.07,0.31,5.04
Finance,2025-12-01,Machine Learning Platform,2,273.55,0.61,6.39
Finance,2025-12-01,Managed PostgreSQL,4,1056.14,2.34,4.89
Finance,2025-12-01,Managed Redis,1,60.67,0.13,8.46
Finance,2025-12-01,Nagios Monitoring,1,256.0,0.57,4.02
Finance,2025-12-01,Object Storage,3,404.95,0.9,9.63
Finance,2025-12-01,Red Hat Enterprise Linux,1,118.26,0.26,4.25
Finance,2025-12-01,SQL Server,3,564.92,1.25,4.79
Finance,2025-12-01,Secrets Manager,2,461.92,1.02,9.54
Finance,2025-12-01,Sysplex Coupling,1,8053.16,17.82,5.83
Finance,2025-12-01,Tape Virtualisation,2,6378.98,14.11,16.07
Finance,2025-12-01,VSAM Storage,1,2203.63,4.87,9.3
Finance,2025-12-01,WebSphere Application Server,1,603.44,1.33,4.4
Finance,2025-12-01,Windows Server,1,101.89,0.23,2.66
Finance,2025-12-01,z/OS Connect,1,5881.81,13.01,15.32
Finance,2026-01-01,API Gateway,3,549.19,1.29,0.33
Finance,2026-01-01,Active Directory,3,851.01,2.0,1.39
Finance,2026-01-01,Block Storage,1,255.63,0.6,3.04
Finance,2026-01-01,Content Delivery,2,472.42,1.11,-2.16
Finance,2026-01-01,Db2 for z/OS,2,6120.39,14.41,-3.93
Finance,2026-01-01,IMS Transaction Manager,1,7287.38,17.16,-8.85
Finance,2026-01-01,JCL Scheduler,1,1955.3,4.61,-2.73
Finance,2026-01-01,Kubernetes Service,2,156.78,0.37,2.85
Finance,2026-01-01,Log Analytics,1,133.1,0.31,-3.6
Finance,2026-01-01,Machine Learning Platform,2,265.19,0.62,-3.06
Finance,2026-01-01,Managed PostgreSQL,4,1055.51,2.49,-0.06
Finance,2026-01-01,Managed Redis,1,58.39,0.14,-3.76
Finance,2026-01-01,Nagios Monitoring,1,254.75,0.6,-0.49
Finance,2026-01-01,Object Storage,3,397.21,0.94,-1.91
Finance,2026-01-01,Red Hat Enterprise Linux,1,120.64,0.28,2.01
Finance,2026-01-01,SQL Server,3,559.96,1.32,-0.88
Finance,2026-01-01,Secrets Manager,2,455.77,1.07,-1.33
Finance,2026-01-01,Sysplex Coupling,1,7914.49,18.64,-1.72
Finance,2026-01-01,Tape Virtualisation,2,5716.47,13.46,-10.39
Finance,2026-01-01,VSAM Storage,1,2007.97,4.73,-8.88
Finance,2026-01-01,WebSphere Application Server,1,613.66,1.45,1.69
Finance,2026-01-01,Windows Server,1,99.96,0.24,-1.89
Finance,2026-01-01,z/OS Connect,1,5158.03,12.15,-12.31
Finance,2026-02-01,API Gateway,3,484.74,1.25,-11.74
Finance,2026-02-01,Active Directory,3,764.63,1.98,-10.15
Finance,2026-02-01,Block Storage,1,219.78,0.57,-14.02
Finance,2026-02-01,Content Delivery,2,425.52,1.1,-9.93
Finance,2026-02-01,Db2 for z/OS,2,5305.44,13.73,-13.32
Finance,2026-02-01,IMS Transaction Manager,1,6869.46,17.77,-5.73
Finance,2026-02-01,JCL Scheduler,1,1767.75,4.57,-9.59
Finance,2026-02-01,Kubernetes Service,2,137.81,0.36,-12.1
Finance,2026-02-01,Log Analytics,1,122.76,0.32,-7.77
Finance,2026-02-01,Machine Learning Platform,2,247.15,0.64,-6.8
Finance,2026-02-01,Managed PostgreSQL,4,951.73,2.46,-9.83
Finance,2026-02-01,Managed Redis,1,52.51,0.14,-10.07
Finance,2026-02-01,Nagios Monitoring,1,225.7,0.58,-11.4
Finance,2026-02-01,Object Storage,3,355.35,0.92,-10.54
Finance,2026-02-01,Red Hat Enterprise Linux,1,107.02,0.28,-11.29
Finance,2026-02-01,SQL Server,3,517.2,1.34,-7.64
Finance,2026-02-01,Secrets Manager,2,407.92,1.06,-10.5
Finance,2026-02-01,Sysplex Coupling,1,7100.06,18.37,-10.29
Finance,2026-02-01,Tape Virtualisation,2,5196.23,13.44,-9.1
Finance,2026-02-01,VSAM Storage,1,1852.43,4.79,-7.75
Finance,2026-02-01,WebSphere Application Server,1,549.35,1.42,-10.48
Finance,2026-02-01,Windows Server,1,90.91,0.24,-9.05
Finance,2026-02-01,z/OS Connect,1,4902.37,12.68,-4.96
Finance,2026-03-01,API Gateway,3,541.34,1.2,11.68
Finance,2026-03-01,Active Directory,3,827.49,1.83,8.22
Finance,2026-03-01,Block Storage,1,252.85,0.56,15.05
Finance,2026-03-01,Content Delivery,2,463.97,1.03,9.04
Finance,2026-03-01,Db2 for z/OS,2,6678.95,14.77,25.89
Finance,2026-03-01,IMS Transaction Manager,1,7980.0,17.65,16.17
Finance,2026-03-01,JCL Scheduler,1,1992.61,4.41,12.72
Finance,2026-03-01,Kubernetes Service,2,148.27,0.33,7.59
Finance,2026-03-01,Log Analytics,1,135.17,0.3,10.11
Finance,2026-03-01,Machine Learning Platform,2,267.63,0.59,8.29
Finance,2026-03-01,Managed PostgreSQL,4,1046.68,2.31,9.98
Finance,2026-03-01,Managed Redis,1,56.88,0.13,8.32
Finance,2026-03-01,Nagios Monitoring,1,252.95,0.56,12.07
Finance,2026-03-01,Object Storage,3,388.79,0.86,9.41
Finance,2026-03-01,Red Hat Enterprise Linux,1,117.19,0.26,9.5
Finance,2026-03-01,SQL Server,3,565.82,1.25,9.4
Finance,2026-03-01,Secrets Manager,2,449.37,0.99,10.16
Finance,2026-03-01,Sysplex Coupling,1,8187.35,18.11,15.31
Finance,2026-03-01,Tape Virtualisation,2,6308.23,13.95,21.4
Finance,2026-03-01,VSAM Storage,1,2229.15,4.93,20.34
Finance,2026-03-01,WebSphere Application Server,1,600.7,1.33,9.35
Finance,2026-03-01,Windows Server,1,97.8,0.22,7.58
Finance,2026-03-01,z/OS Connect,1,5628.85,12.45,14.82
Finance,2026-04-01,API Gateway,3,538.57,1.27,-0.51
Finance,2026-04-01,Active Directory,3,815.74,1.93,-1.42
Finance,2026-04-01,Block Storage,1,248.27,0.59,-1.81
Finance,2026-04-01,Content Delivery,2,461.41,1.09,-0.55
Finance,2026-04-01,Db2 for z/OS,2,5945.35,14.07,-10.98
Finance,2026-04-01,IMS Transaction Manager,1,7354.32,17.41,-7.84
Finance,2026-04-01,JCL Scheduler,1,1939.99,4.59,-2.64
Finance,2026-04-01,Kubernetes Service,2,145.57,0.34,-1.82
Finance,2026-04-01,Log Analytics,1,129.14,0.31,-4.46
Finance,2026-04-01,Machine Learning Platform,2,264.42,0.63,-1.2
Finance,2026-04-01,Managed PostgreSQL,4,1038.68,2.46,-0.76
Finance,2026-04-01,Managed Redis,1,58.16,0.14,2.25
Finance,2026-04-01,Nagios Monitoring,1,254.88,0.6,0.76
Finance,2026-04-01,Object Storage,3,387.81,0.92,-0.25
Finance,2026-04-01,Red Hat Enterprise Linux,1,115.0,0.27,-1.87
Finance,2026-04-01,SQL Server,3,559.92,1.33,-1.04
Finance,2026-04-01,Secrets Manager,2,452.44,1.07,0.68
Finance,2026-04-01,Sysplex Coupling,1,7683.01,18.19,-6.16
Finance,2026-04-01,Tape Virtualisation,2,5741.72,13.59,-8.98
Finance,2026-04-01,VSAM Storage,1,1913.78,4.53,-14.15
Finance,2026-04-01,WebSphere Application Server,1,612.96,1.45,2.04
Finance,2026-04-01,Windows Server,1,96.08,0.23,-1.76
Finance,2026-04-01,z/OS Connect,1,5489.41,12.99,-2.48
Finance,2026-05-01,API Gateway,3,535.96,1.27,-0.48
Finance,2026-05-01,Active Directory,3,829.75,1.97,1.72
Finance,2026-05-01,Block Storage,1,255.64,0.61,2.97
Finance,2026-05-01,Content Delivery,2,461.3,1.09,-0.02
Finance,2026-05-01,Db2 for z/OS,2,5852.16,13.87,-1.57
Finance,2026-05-01,IMS Transaction Manager,1,7335.64,17.39,-0.25
Finance,2026-05-01,JCL Scheduler,1,1950.8,4.62,0.56
Finance,2026-05-01,Kubernetes Service,2,148.54,0.35,2.04
Finance,2026-05-01,Log Analytics,1,132.59,0.31,2.67
Finance,2026-05-01,Machine Learning Platform,2,271.86,0.64,2.81
Finance,2026-05-01,Managed PostgreSQL,4,1055.48,2.5,1.62
Finance,2026-05-01,Managed Redis,1,57.94,0.14,-0.38
Finance,2026-05-01,Nagios Monitoring,1,247.51,0.59,-2.89
Finance,2026-05-01,Object Storage,3,386.74,0.92,-0.28
Finance,2026-05-01,Red Hat Enterprise Linux,1,114.83,0.27,-0.15
Finance,2026-05-01,SQL Server,3,547.49,1.3,-2.22
Finance,2026-05-01,Secrets Manager,2,439.89,1.04,-2.77
Finance,2026-05-01,Sysplex Coupling,1,7743.87,18.36,0.79
Finance,2026-05-01,Tape Virtualisation,2,5693.18,13.5,-0.85
Finance,2026-05-01,VSAM Storage,1,1969.47,4.67,2.91
Finance,2026-05-01,WebSphere Application Server,1,601.27,1.43,-1.91
Finance,2026-05-01,Windows Server,1,99.86,0.24,3.93
Finance,2026-05-01,z/OS Connect,1,5450.26,12.92,-0.71
Finance,2026-06-01,API Gateway,3,529.26,1.21,-1.25
Finance,2026-06-01,Active Directory,3,808.03,1.85,-2.62
Finance,2026-06-01,Block Storage,1,243.41,0.56,-4.78
Finance,2026-06-01,Content Delivery,2,449.08,1.03,-2.65
Finance,2026-06-01,Db2 for z/OS,2,6268.41,14.38,7.11
Finance,2026-06-01,IMS Transaction Manager,1,7282.02,16.7,-0.73
Finance,2026-06-01,JCL Scheduler,1,2000.12,4.59,2.53
Finance,2026-06-01,Kubernetes Service,2,149.61,0.34,0.72
Finance,2026-06-01,Log Analytics,1,132.5,0.3,-0.07
Finance,2026-06-01,Machine Learning Platform,2,269.06,0.62,-1.03
Finance,2026-06-01,Managed PostgreSQL,4,1024.37,2.35,-2.95
Finance,2026-06-01,Managed Redis,1,56.72,0.13,-2.11
Finance,2026-06-01,Nagios Monitoring,1,248.04,0.57,0.21
Finance,2026-06-01,Object Storage,3,378.57,0.87,-2.11
Finance,2026-06-01,Red Hat Enterprise Linux,1,114.89,0.26,0.05
Finance,2026-06-01,SQL Server,3,555.0,1.27,1.37
Finance,2026-06-01,Secrets Manager,2,438.22,1.01,-0.38
Finance,2026-06-01,Sysplex Coupling,1,8233.92,18.89,6.33
Finance,2026-06-01,Tape Virtualisation,2,6070.78,13.93,6.63
Finance,2026-06-01,VSAM Storage,1,2085.61,4.78,5.9
Finance,2026-06-01,WebSphere Application Server,1,609.74,1.4,1.41
Finance,2026-06-01,Windows Server,1,98.82,0.23,-1.04
Finance,2026-06-01,z/OS Connect,1,5548.54,12.73,1.8
Finance,2026-07-01,API Gateway,3,554.79,1.28,4.82
Finance,2026-07-01,Active Directory,3,818.9,1.89,1.35
Finance,2026-07-01,Block Storage,1,261.19,0.6,7.3
Finance,2026-07-01,Content Delivery,2,486.17,1.12,8.26
Finance,2026-07-01,Db2 for z/OS,2,5982.58,13.77,-4.56
Finance,2026-07-01,IMS Transaction Manager,1,7542.15,17.36,3.57
Finance,2026-07-01,JCL Scheduler,1,1986.08,4.57,-0.7
Finance,2026-07-01,Kubernetes Service,2,151.89,0.35,1.52
Finance,2026-07-01,Log Analytics,1,138.94,0.32,4.86
Finance,2026-07-01,Machine Learning Platform,2,272.87,0.63,1.42
Finance,2026-07-01,Managed PostgreSQL,4,1042.03,2.4,1.72
Finance,2026-07-01,Managed Redis,1,60.41,0.14,6.51
Finance,2026-07-01,Nagios Monitoring,1,258.13,0.59,4.07
Finance,2026-07-01,Object Storage,3,402.47,0.93,6.31
Finance,2026-07-01,Red Hat Enterprise Linux,1,120.38,0.28,4.78
Finance,2026-07-01,SQL Server,3,571.69,1.32,3.01
Finance,2026-07-01,Secrets Manager,2,454.95,1.05,3.82
Finance,2026-07-01,Sysplex Coupling,1,8044.39,18.52,-2.3
Finance,2026-07-01,Tape Virtualisation,2,5933.08,13.66,-2.27
Finance,2026-07-01,VSAM Storage,1,2060.99,4.75,-1.18
Finance,2026-07-01,WebSphere Application Server,1,638.91,1.47,4.78
Finance,2026-07-01,Windows Server,1,103.91,0.24,5.15
Finance,2026-07-01,z/OS Connect,1,5546.72,12.77,-0.03
Finance,2026-08-01,API Gateway,3,546.26,1.28,-1.54
Finance,2026-08-01,Active Directory,3,814.64,1.91,-0.52
Finance,2026-08-01,Block Storage,1,246.77,0.58,-5.52
Finance,2026-08-01,Content Delivery,2,472.39,1.11,-2.83
Finance,2026-08-01,Db2 for z/OS,2,6053.53,14.2,1.19
Finance,2026-08-01,IMS Transaction Manager,1,7291.94,17.1,-3.32
Finance,2026-08-01,JCL Scheduler,1,1873.39,4.39,-5.67
Finance,2026-08-01,Kubernetes Service,2,146.86,0.34,-3.31
Finance,2026-08-01,Log Analytics,1,133.65,0.31,-3.81
Finance,2026-08-01,Machine Learning Platform,2,270.98,0.64,-0.69
Finance,2026-08-01,Managed PostgreSQL,4,1053.02,2.47,1.05
Finance,2026-08-01,Managed Redis,1,57.42,0.13,-4.95
Finance,2026-08-01,Nagios Monitoring,1,246.2,0.58,-4.62
Finance,2026-08-01,Object Storage,3,392.25,0.92,-2.54
Finance,2026-08-01,Red Hat Enterprise Linux,1,115.25,0.27,-4.26
Finance,2026-08-01,SQL Server,3,575.37,1.35,0.64
Finance,2026-08-01,Secrets Manager,2,446.85,1.05,-1.78
Finance,2026-08-01,Sysplex Coupling,1,7954.83,18.66,-1.11
Finance,2026-08-01,Tape Virtualisation,2,5837.98,13.69,-1.6
Finance,2026-08-01,VSAM Storage,1,1958.87,4.59,-4.95
Finance,2026-08-01,WebSphere Application Server,1,614.09,1.44,-3.88
Finance,2026-08-01,Windows Server,1,99.77,0.23,-3.98
Finance,2026-08-01,z/OS Connect,1,5432.14,12.74,-2.07
Finance,2026-09-01,API Gateway,3,521.61,1.18,-4.51
Finance,2026-09-01,Active Directory,3,811.57,1.83,-0.38
Finance,2026-09-01,Block Storage,1,234.31,0.53,-5.05
Finance,2026-09-01,Content Delivery,2,451.79,1.02,-4.36
Finance,2026-09-01,Db2 for z/OS,2,6319.02,14.28,4.39
Finance,2026-09-01,IMS Transaction Manager,1,7763.26,17.54,6.46
Finance,2026-09-01,JCL Scheduler,1,1976.47,4.47,5.5
Finance,2026-09-01,Kubernetes Service,2,151.29,0.34,3.02
Finance,2026-09-01,Log Analytics,1,129.17,0.29,-3.35
Finance,2026-09-01,Machine Learning Platform,2,265.94,0.6,-1.86
Finance,2026-09-01,Managed PostgreSQL,4,1036.85,2.34,-1.54
Finance,2026-09-01,Managed Redis,1,57.26,0.13,-0.28
Finance,2026-09-01,Nagios Monitoring,1,247.16,0.56,0.39
Finance,2026-09-01,Object Storage,3,391.28,0.88,-0.25
Finance,2026-09-01,Red Hat Enterprise Linux,1,112.89,0.26,-2.05
Finance,2026-09-01,SQL Server,3,555.15,1.25,-3.51
Finance,2026-09-01,Secrets Manager,2,442.2,1.0,-1.04
Finance,2026-09-01,Sysplex Coupling,1,8170.67,18.46,2.71
Finance,2026-09-01,Tape Virtualisation,2,6140.36,13.87,5.18
Finance,2026-09-01,VSAM Storage,1,2017.11,4.56,2.97
Finance,2026-09-01,WebSphere Application Server,1,608.59,1.38,-0.9
Finance,2026-09-01,Windows Server,1,95.62,0.22,-4.16
Finance,2026-09-01,z/OS Connect,1,5756.51,13.01,5.97
Fraud Operations,2025-10-01,API Gateway,2,299.74,0.51,
Fraud Operations,2025-10-01,Block Storage,1,124.96,0.21,
Fraud Operations,2025-10-01,COBOL Batch,2,1741.93,2.99,
Fraud Operations,2025-10-01,Compute Instances,5,887.49,1.52,
Fraud Operations,2025-10-01,Container Registry,1,54.89,0.09,
Fraud Operations,2025-10-01,Content Delivery,3,464.49,0.8,
Fraud Operations,2025-10-01,Data Warehouse,5,630.16,1.08,
Fraud Operations,2025-10-01,Db2 for z/OS,2,9161.65,15.73,
Fraud Operations,2025-10-01,F5 Load Balancing,2,239.5,0.41,
Fraud Operations,2025-10-01,IMS Transaction Manager,2,10004.47,17.17,
Fraud Operations,2025-10-01,Kubernetes Service,3,388.44,0.67,
Fraud Operations,2025-10-01,Machine Learning Platform,1,110.75,0.19,
Fraud Operations,2025-10-01,Managed PostgreSQL,1,33.4,0.06,
Fraud Operations,2025-10-01,Managed Redis,1,245.24,0.42,
Fraud Operations,2025-10-01,Message Queue,2,336.94,0.58,
Fraud Operations,2025-10-01,Nagios Monitoring,3,641.91,1.1,
Fraud Operations,2025-10-01,NetApp Storage,1,444.27,0.76,
Fraud Operations,2025-10-01,Object Storage,2,138.37,0.24,
Fraud Operations,2025-10-01,Oracle Database,2,237.87,0.41,
Fraud Operations,2025-10-01,RACF Security,2,7533.87,12.93,
Fraud Operations,2025-10-01,Red Hat Enterprise Linux,2,343.32,0.59,
Fraud Operations,2025-10-01,SMF Analytics,2,4263.21,7.32,
Fraud Operations,2025-10-01,SQL Server,1,83.65,0.14,
Fraud Operations,2025-10-01,Secrets Manager,1,53.69,0.09,
Fraud Operations,2025-10-01,Serverless Functions,2,909.6,1.56,
Fraud Operations,2025-10-01,Streaming Ingest,1,65.32,0.11,
Fraud Operations,2025-10-01,Tape Virtualisation,3,8386.49,14.4,
Fraud Operations,2025-10-01,VMware vSphere,1,615.2,1.06,
Fraud Operations,2025-10-01,VSAM Storage,2,8668.45,14.88,
Fraud Operations,2025-10-01,WebSphere Application Server,2,369.69,0.63,
Fraud Operations,2025-10-01,Windows Server,1,174.71,0.3,
Fraud Operations,2025-10-01,z/OS Connect,1,597.81,1.03,
Fraud Operations,2025-11-01,API Gateway,2,276.2,0.52,-7.85
Fraud Operations,2025-11-01,Block Storage,1,116.99,0.22,-6.38
Fraud Operations,2025-11-01,COBOL Batch,2,1668.22,3.13,-4.23
Fraud Operations,2025-11-01,Compute Instances,5,815.46,1.53,-8.12
Fraud Operations,2025-11-01,Container Registry,1,51.36,0.1,-6.43
Fraud Operations,2025-11-01,Content Delivery,3,438.43,0.82,-5.61
Fraud Operations,2025-11-01,Data Warehouse,5,598.82,1.12,-4.97
Fraud Operations,2025-11-01,Db2 for z/OS,2,8304.59,15.58,-9.35
Fraud Operations,2025-11-01,F5 Load Balancing,2,222.97,0.42,-6.9
Fraud Operations,2025-11-01,IMS Transaction Manager,2,9063.58,17.0,-9.4
Fraud Operations,2025-11-01,Kubernetes Service,3,373.77,0.7,-3.78
Fraud Operations,2025-11-01,Machine Learning Platform,1,102.04,0.19,-7.86
Fraud Operations,2025-11-01,Managed PostgreSQL,1,34.23,0.06,2.49
Fraud Operations,2025-11-01,Managed Redis,1,234.58,0.44,-4.35
Fraud Operations,2025-11-01,Message Queue,2,314.72,0.59,-6.59
Fraud Operations,2025-11-01,Nagios Monitoring,3,590.33,1.11,-8.04
Fraud Operations,2025-11-01,NetApp Storage,1,405.1,0.76,-8.82
Fraud Operations,2025-11-01,Object Storage,2,125.29,0.23,-9.45
Fraud Operations,2025-11-01,Oracle Database,2,226.86,0.43,-4.63
Fraud Operations,2025-11-01,RACF Security,2,6956.41,13.05,-7.66
Fraud Operations,2025-11-01,Red Hat Enterprise Linux,2,323.84,0.61,-5.67
Fraud Operations,2025-11-01,SMF Analytics,2,3977.76,7.46,-6.7
Fraud Operations,2025-11-01,SQL Server,1,81.47,0.15,-2.61
Fraud Operations,2025-11-01,Secrets Manager,1,51.32,0.1,-4.41
Fraud Operations,2025-11-01,Serverless Functions,2,871.03,1.63,-4.24
Fraud Operations,2025-11-01,Streaming Ingest,1,64.68,0.12,-0.98
Fraud Operations,2025-11-01,Tape Virtualisation,3,7530.85,14.13,-10.2
Fraud Operations,2025-11-01,VMware vSphere,1,578.13,1.08,-6.03
Fraud Operations,2025-11-01,VSAM Storage,2,7879.34,14.78,-9.1
Fraud Operations,2025-11-01,WebSphere Application Server,2,346.14,0.65,-6.37
Fraud Operations,2025-11-01,Windows Server,1,161.98,0.3,-7.29
Fraud Operations,2025-11-01,z/OS Connect,1,529.23,0.99,-11.47
Fraud Operations,2025-12-01,API Gateway,2,287.54,0.48,4.11
Fraud Operations,2025-12-01,Block Storage,1,126.08,0.21,7.77
Fraud Operations,2025-12-01,COBOL Batch,2,1837.68,3.05,10.16
Fraud Operations,2025-12-01,Compute Instances,5,879.3,1.46,7.83
Fraud Operations,2025-12-01,Container Registry,1,54.85,0.09,6.8
Fraud Operations,2025-12-01,Content Delivery,3,476.75,0.79,8.74
Fraud Operations,2025-12-01,Data Warehouse,5,638.05,1.06,6.55
Fraud Operations,2025-12-01,Db2 for z/OS,2,9449.67,15.7,13.79
Fraud Operations,2025-12-01,F5 Load Balancing,2,241.22,0.4,8.18
Fraud Operations,2025-12-01,IMS Transaction Manager,2,10394.8,17.27,14.69
Fraud Operations,2025-12-01,Kubernetes Service,3,395.66,0.66,5.86
Fraud Operations,2025-12-01,Machine Learning Platform,1,112.82,0.19,10.56
Fraud Operations,2025-12-01,Managed PostgreSQL,1,34.85,0.06,1.81
Fraud Operations,2025-12-01,Managed Redis,1,239.26,0.4,2.0
Fraud Operations,2025-12-01,Message Queue,2,328.28,0.55,4.31
Fraud Operations,2025-12-01,Nagios Monitoring,3,627.38,1.04,6.28
Fraud Operations,2025-12-01,NetApp Storage,1,439.67,0.73,8.53
Fraud Operations,2025-12-01,Object Storage,2,132.06,0.22,5.4
Fraud Operations,2025-12-01,Oracle Database,2,239.13,0.4,5.41
Fraud Operations,2025-12-01,RACF Security,2,7991.84,13.28,14.88
Fraud Operations,2025-12-01,Red Hat Enterprise Linux,2,339.66,0.56,4.89
Fraud Operations,2025-12-01,SMF Analytics,2,4513.33,7.5,13.46
Fraud Operations,2025-12-01,SQL Server,1,81.8,0.14,0.41
Fraud Operations,2025-12-01,Secrets Manager,1,53.52,0.09,4.29
Fraud Operations,2025-12-01,Serverless Functions,2,897.59,1.49,3.05
Fraud Operations,2025-12-01,Streaming Ingest,1,64.9,0.11,0.34
Fraud Operations,2025-12-01,Tape Virtualisation,3,8621.68,14.32,14.48
Fraud Operations,2025-12-01,VMware vSphere,1,626.04,1.04,8.29
Fraud Operations,2025-12-01,VSAM Storage,2,8880.07,14.75,12.7
Fraud Operations,2025-12-01,WebSphere Application Server,2,385.25,0.64,11.3
Fraud Operations,2025-12-01,Windows Server,1,176.25,0.29,8.81
Fraud Operations,2025-12-01,z/OS Connect,1,623.92,1.04,17.89
Fraud Operations,2026-01-01,API Gateway,2,288.05,0.51,0.18
Fraud Operations,2026-01-01,Block Storage,1,124.8,0.22,-1.02
Fraud Operations,2026-01-01,COBOL Batch,2,1718.93,3.07,-6.46
Fraud Operations,2026-01-01,Compute Instances,5,874.58,1.56,-0.54
Fraud Operations,2026-01-01,Container Registry,1,55.04,0.1,0.35
Fraud Operations,2026-01-01,Content Delivery,3,464.39,0.83,-2.59
Fraud Operations,2026-01-01,Data Warehouse,5,626.19,1.12,-1.86
Fraud Operations,2026-01-01,Db2 for z/OS,2,8651.76,15.47,-8.44
Fraud Operations,2026-01-01,F5 Load Balancing,2,234.34,0.42,-2.85
Fraud Operations,2026-01-01,IMS Transaction Manager,2,9497.65,16.98,-8.63
Fraud Operations,2026-01-01,Kubernetes Service,3,384.53,0.69,-2.81
Fraud Operations,2026-01-01,Machine Learning Platform,1,107.58,0.19,-4.64
Fraud Operations,2026-01-01,Managed PostgreSQL,1,36.18,0.06,3.82
Fraud Operations,2026-01-01,Managed Redis,1,240.85,0.43,0.66
Fraud Operations,2026-01-01,Message Queue,2,335.48,0.6,2.19
Fraud Operations,2026-01-01,Nagios Monitoring,3,634.3,1.13,1.1
Fraud Operations,2026-01-01,NetApp Storage,1,434.73,0.78,-1.12
Fraud Operations,2026-01-01,Object Storage,2,130.5,0.23,-1.18
Fraud Operations,2026-01-01,Oracle Database,2,243.34,0.44,1.76
Fraud Operations,2026-01-01,RACF Security,2,6911.93,12.36,-13.51
Fraud Operations,2026-01-01,Red Hat Enterprise Linux,2,345.55,0.62,1.73
Fraud Operations,2026-01-01,SMF Analytics,2,4158.45,7.43,-7.86
Fraud Operations,2026-01-01,SQL Server,1,81.25,0.15,-0.67
Fraud Operations,2026-01-01,Secrets Manager,1,54.17,0.1,1.21
Fraud Operations,2026-01-01,Serverless Functions,2,926.37,1.66,3.21
Fraud Operations,2026-01-01,Streaming Ingest,1,65.82,0.12,1.42
Fraud Operations,2026-01-01,Tape Virtualisation,3,8194.64,14.65,-4.95
Fraud Operations,2026-01-01,VMware vSphere,1,614.58,1.1,-1.83
Fraud Operations,2026-01-01,VSAM Storage,2,8348.59,14.92,-5.99
Fraud Operations,2026-01-01,WebSphere Application Server,2,372.31,0.67,-3.36
Fraud Operations,2026-01-01,Windows Server,1,179.59,0.32,1.9
Fraud Operations,2026-01-01,z/OS Connect,1,603.72,1.08,-3.24
Fraud Operations,2026-02-01,API Gateway,2,262.3,0.51,-8.94
Fraud Operations,2026-02-01,Block Storage,1,114.68,0.22,-8.11
Fraud Operations,2026-02-01,COBOL Batch,2,1540.35,3.02,-10.39
Fraud Operations,2026-02-01,Compute Instances,5,791.66,1.55,-9.48
Fraud Operations,2026-02-01,Container Registry,1,48.72,0.1,-11.48
Fraud Operations,2026-02-01,Content Delivery,3,425.21,0.83,-8.44
Fraud Operations,2026-02-01,Data Warehouse,5,578.31,1.13,-7.65
Fraud Operations,2026-02-01,Db2 for z/OS,2,7764.16,15.23,-10.26
Fraud Operations,2026-02-01,F5 Load Balancing,2,213.07,0.42,-9.08
Fraud Operations,2026-02-01,IMS Transaction Manager,2,8624.71,16.92,-9.19
Fraud Operations,2026-02-01,Kubernetes Service,3,345.86,0.68,-10.06
Fraud Operations,2026-02-01,Machine Learning Platform,1,99.26,0.19,-7.73
Fraud Operations,2026-02-01,Managed PostgreSQL,1,31.53,0.06,-12.85
Fraud Operations,2026-02-01,Managed Redis,1,213.05,0.42,-11.54
Fraud Operations,2026-02-01,Message Queue,2,297.57,0.58,-11.3
Fraud Operations,2026-02-01,Nagios Monitoring,3,567.78,1.11,-10.49
Fraud Operations,2026-02-01,NetApp Storage,1,408.88,0.8,-5.95
Fraud Operations,2026-02-01,Object Storage,2,121.19,0.24,-7.13
Fraud Operations,2026-02-01,Oracle Database,2,214.56,0.42,-11.83
Fraud Operations,2026-02-01,RACF Security,2,6624.91,12.99,-4.15
Fraud Operations,2026-02-01,Red Hat Enterprise Linux,2,307.9,0.6,-10.9
Fraud Operations,2026-02-01,SMF Analytics,2,3839.43,7.53,-7.67
Fraud Operations,2026-02-01,SQL Server,1,74.56,0.15,-8.23
Fraud Operations,2026-02-01,Secrets Manager,1,49.85,0.1,-7.97
Fraud Operations,2026-02-01,Serverless Functions,2,795.66,1.56,-14.11
Fraud Operations,2026-02-01,Streaming Ingest,1,61.13,0.12,-7.13
Fraud Operations,2026-02-01,Tape Virtualisation,3,7472.84,14.66,-8.81
Fraud Operations,2026-02-01,VMware vSphere,1,571.3,1.12,-7.04
Fraud Operations,2026-02-01,VSAM Storage,2,7485.73,14.68,-10.34
Fraud Operations,2026-02-01,WebSphere Application Server,2,347.43,0.68,-6.68
Fraud Operations,2026-02-01,Windows Server,1,163.84,0.32,-8.77
Fraud Operations,2026-02-01,z/OS Connect,1,525.19,1.03,-13.01
Fraud Operations,2026-03-01,API Gateway,2,291.6,0.49,11.17
Fraud Operations,2026-03-01,Block Storage,1,122.21,0.2,6.57
Fraud Operations,2026-03-01,COBOL Batch,2,1906.05,3.18,23.74
Fraud Operations,2026-03-01,Compute Instances,5,868.22,1.45,9.67
Fraud Operations,2026-03-01,Container Registry,1,53.22,0.09,9.24
Fraud Operations,2026-03-01,Content Delivery,3,466.08,0.78,9.61
Fraud Operations,2026-03-01,Data Warehouse,5,630.09,1.05,8.95
Fraud Operations,2026-03-01,Db2 for z/OS,2,9245.18,15.41,19.08
Fraud Operations,2026-03-01,F5 Load Balancing,2,236.47,0.39,10.98
Fraud Operations,2026-03-01,IMS Transaction Manager,2,10458.7,17.43,21.26
Fraud Operations,2026-03-01,Kubernetes Service,3,375.94,0.63,8.7
Fraud Operations,2026-03-01,Machine Learning Platform,1,111.98,0.19,12.81
Fraud Operations,2026-03-01,Managed PostgreSQL,1,34.86,0.06,10.56
Fraud Operations,2026-03-01,Managed Redis,1,234.52,0.39,10.08
Fraud Operations,2026-03-01,Message Queue,2,330.95,0.55,11.22
Fraud Operations,2026-03-01,Nagios Monitoring,3,621.15,1.04,9.4
Fraud Operations,2026-03-01,NetApp Storage,1,441.48,0.74,7.97
Fraud Operations,2026-03-01,Object Storage,2,132.31,0.22,9.18
Fraud Operations,2026-03-01,Oracle Database,2,232.72,0.39,8.46
Fraud Operations,2026-03-01,RACF Security,2,8046.36,13.41,21.46
Fraud Operations,2026-03-01,Red Hat Enterprise Linux,2,340.89,0.57,10.71
Fraud Operations,2026-03-01,SMF Analytics,2,4539.39,7.57,18.23
Fraud Operations,2026-03-01,SQL Server,1,80.88,0.13,8.48
Fraud Operations,2026-03-01,Secrets Manager,1,53.6,0.09,7.52
Fraud Operations,2026-03-01,Serverless Functions,2,920.98,1.54,15.75
Fraud Operations,2026-03-01,Streaming Ingest,1,65.8,0.11,7.64
Fraud Operations,2026-03-01,Tape Virtualisation,3,8602.6,14.34,15.12
Fraud Operations,2026-03-01,VMware vSphere,1,610.59,1.02,6.88
Fraud Operations,2026-03-01,VSAM Storage,2,8773.72,14.62,17.21
Fraud Operations,2026-03-01,WebSphere Application Server,2,366.63,0.61,5.53
Fraud Operations,2026-03-01,Windows Server,1,174.0,0.29,6.2
Fraud Operations,2026-03-01,z/OS Connect,1,626.88,1.04,19.36
Fraud Operations,2026-04-01,API Gateway,2,289.09,0.52,-0.86
Fraud Operations,2026-04-01,Block Storage,1,115.24,0.21,-5.7
Fraud Operations,2026-04-01,COBOL Batch,2,1738.16,3.11,-8.81
Fraud Operations,2026-04-01,Compute Instances,5,845.6,1.51,-2.61
Fraud Operations,2026-04-01,Container Registry,1,51.78,0.09,-2.71
Fraud Operations,2026-04-01,Content Delivery,3,439.61,0.79,-5.68
Fraud Operations,2026-04-01,Data Warehouse,5,616.17,1.1,-2.21
Fraud Operations,2026-04-01,Db2 for z/OS,2,8481.03,15.18,-8.27
Fraud Operations,2026-04-01,F5 Load Balancing,2,221.89,0.4,-6.17
Fraud Operations,2026-04-01,IMS Transaction Manager,2,9401.19,16.83,-10.11
Fraud Operations,2026-04-01,Kubernetes Service,3,379.62,0.68,0.98
Fraud Operations,2026-04-01,Machine Learning Platform,1,107.88,0.19,-3.66
Fraud Operations,2026-04-01,Managed PostgreSQL,1,34.24,0.06,-1.78
Fraud Operations,2026-04-01,Managed Redis,1,229.0,0.41,-2.35
Fraud Operations,2026-04-01,Message Queue,2,331.98,0.59,0.31
Fraud Operations,2026-04-01,Nagios Monitoring,3,608.03,1.09,-2.11
Fraud Operations,2026-04-01,NetApp Storage,1,427.96,0.77,-3.06
Fraud Operations,2026-04-01,Object Storage,2,131.39,0.24,-0.7
Fraud Operations,2026-04-01,Oracle Database,2,229.72,0.41,-1.29
Fraud Operations,2026-04-01,RACF Security,2,7397.86,13.24,-8.06
Fraud Operations,2026-04-01,Red Hat Enterprise Linux,2,336.75,0.6,-1.21
Fraud Operations,2026-04-01,SMF Analytics,2,4089.06,7.32,-9.92
Fraud Operations,2026-04-01,SQL Server,1,81.11,0.15,0.28
Fraud Operations,2026-04-01,Secrets Manager,1,51.71,0.09,-3.53
Fraud Operations,2026-04-01,Serverless Functions,2,894.89,1.6,-2.83
Fraud Operations,2026-04-01,Streaming Ingest,1,64.39,0.12,-2.14
Fraud Operations,2026-04-01,Tape Virtualisation,3,8155.54,14.6,-5.2
Fraud Operations,2026-04-01,VMware vSphere,1,598.98,1.07,-1.9
Fraud Operations,2026-04-01,VSAM Storage,2,8405.07,15.05,-4.2
Fraud Operations,2026-04-01,WebSphere Application Server,2,356.61,0.64,-2.73
Fraud Operations,2026-04-01,Windows Server,1,174.44,0.31,0.25
Fraud Operations,2026-04-01,z/OS Connect,1,578.82,1.04,-7.67
Fraud Operations,2026-05-01,API Gateway,2,286.07,0.51,-1.04
Fraud Operations,2026-05-01,Block Storage,1,121.22,0.22,5.19
Fraud Operations,2026-05-01,COBOL Batch,2,1647.78,2.96,-5.2
Fraud Operations,2026-05-01,Compute Instances,5,853.51,1.53,0.94
Fraud Operations,2026-05-01,Container Registry,1,53.72,0.1,3.75
Fraud Operations,2026-05-01,Content Delivery,3,445.93,0.8,1.44
Fraud Operations,2026-05-01,Data Warehouse,5,616.77,1.11,0.1
Fraud Operations,2026-05-01,Db2 for z/OS,2,8507.14,15.29,0.31
Fraud Operations,2026-05-01,F5 Load Balancing,2,231.58,0.42,4.37
Fraud Operations,2026-05-01,IMS Transaction Manager,2,9572.33,17.2,1.82
Fraud Operations,2026-05-01,Kubernetes Service,3,375.02,0.67,-1.21
Fraud Operations,2026-05-01,Machine Learning Platform,1,107.56,0.19,-0.3
Fraud Operations,2026-05-01,Managed PostgreSQL,1,33.69,0.06,-1.61
Fraud Operations,2026-05-01,Managed Redis,1,234.15,0.42,2.25
Fraud Operations,2026-05-01,Message Queue,2,327.82,0.59,-1.25
Fraud Operations,2026-05-01,Nagios Monitoring,3,619.46,1.11,1.88
Fraud Operations,2026-05-01,NetApp Storage,1,439.11,0.79,2.61
Fraud Operations,2026-05-01,Object Storage,2,131.13,0.24,-0.2
Fraud Operations,2026-05-01,Oracle Database,2,230.47,0.41,0.33
Fraud Operations,2026-05-01,RACF Security,2,7268.94,13.06,-1.74
Fraud Operations,2026-05-01,Red Hat Enterprise Linux,2,337.57,0.61,0.24
Fraud Operations,2026-05-01,SMF Analytics,2,4210.71,7.57,2.98
Fraud Operations,2026-05-01,SQL Server,1,81.67,0.15,0.69
Fraud Operations,2026-05-01,Secrets Manager,1,53.0,0.1,2.49
Fraud Operations,2026-05-01,Serverless Functions,2,902.93,1.62,0.9
Fraud Operations,2026-05-01,Streaming Ingest,1,65.43,0.12,1.62
Fraud Operations,2026-05-01,Tape Virtualisation,3,7909.22,14.22,-3.02
Fraud Operations,2026-05-01,VMware vSphere,1,595.47,1.07,-0.59
Fraud Operations,2026-05-01,VSAM Storage,2,8278.41,14.88,-1.51
Fraud Operations,2026-05-01,WebSphere Application Server,2,362.02,0.65,1.52
Fraud Operations,2026-05-01,Windows Server,1,168.97,0.3,-3.14
Fraud Operations,2026-05-01,z/OS Connect,1,571.0,1.03,-1.35
Fraud Operations,2026-06-01,API Gateway,2,286.14,0.49,0.02
Fraud Operations,2026-06-01,Block Storage,1,118.29,0.2,-2.42
Fraud Operations,2026-06-01,COBOL Batch,2,1812.63,3.13,10.0
Fraud Operations,2026-06-01,Compute Instances,5,850.87,1.47,-0.31
Fraud Operations,2026-06-01,Container Registry,1,51.93,0.09,-3.33
Fraud Operations,2026-06-01,Content Delivery,3,448.17,0.77,0.5
Fraud Operations,2026-06-01,Data Warehouse,5,616.44,1.06,-0.05
Fraud Operations,2026-06-01,Db2 for z/OS,2,8940.03,15.43,5.09
Fraud Operations,2026-06-01,F5 Load Balancing,2,229.41,0.4,-0.94
Fraud Operations,2026-06-01,IMS Transaction Manager,2,10022.49,17.3,4.7
Fraud Operations,2026-06-01,Kubernetes Service,3,384.53,0.66,2.54
Fraud Operations,2026-06-01,Machine Learning Platform,1,104.27,0.18,-3.06
Fraud Operations,2026-06-01,Managed PostgreSQL,1,34.3,0.06,1.81
Fraud Operations,2026-06-01,Managed Redis,1,239.21,0.41,2.16
Fraud Operations,2026-06-01,Message Queue,2,335.08,0.58,2.21
Fraud Operations,2026-06-01,Nagios Monitoring,3,591.42,1.02,-4.53
Fraud Operations,2026-06-01,NetApp Storage,1,423.07,0.73,-3.65
Fraud Operations,2026-06-01,Object Storage,2,132.52,0.23,1.06
Fraud Operations,2026-06-01,Oracle Database,2,234.31,0.4,1.67
Fraud Operations,2026-06-01,RACF Security,2,7746.09,13.37,6.56
Fraud Operations,2026-06-01,Red Hat Enterprise Linux,2,325.96,0.56,-3.44
Fraud Operations,2026-06-01,SMF Analytics,2,4380.42,7.56,4.03
Fraud Operations,2026-06-01,SQL Server,1,78.31,0.14,-4.11
Fraud Operations,2026-06-01,Secrets Manager,1,52.95,0.09,-0.09
Fraud Operations,2026-06-01,Serverless Functions,2,853.66,1.47,-5.46
Fraud Operations,2026-06-01,Streaming Ingest,1,62.82,0.11,-3.99
Fraud Operations,2026-06-01,Tape Virtualisation,3,8401.2,14.5,6.22
Fraud Operations,2026-06-01,VMware vSphere,1,591.15,1.02,-0.73
Fraud Operations,2026-06-01,VSAM Storage,2,8431.0,14.55,1.84
Fraud Operations,2026-06-01,WebSphere Application Server,2,367.29,0.63,1.46
Fraud Operations,2026-06-01,Windows Server,1,174.35,0.3,3.18
Fraud Operations,2026-06-01,z/OS Connect,1,611.79,1.06,7.14
Fraud Operations,2026-07-01,API Gateway,2,300.26,0.52,4.93
Fraud Operations,2026-07-01,Block Storage,1,127.39,0.22,7.69
Fraud Operations,2026-07-01,COBOL Batch,2,1688.34,2.95,-6.86
Fraud Operations,2026-07-01,Compute Instances,5,892.18,1.56,4.86
Fraud Operations,2026-07-01,Container Registry,1,55.0,0.1,5.91
Fraud Operations,2026-07-01,Content Delivery,3,466.25,0.81,4.03
Fraud Operations,2026-07-01,Data Warehouse,5,629.89,1.1,2.18
Fraud Operations,2026-07-01,Db2 for z/OS,2,8902.13,15.53,-0.42
Fraud Operations,2026-07-01,F5 Load Balancing,2,235.25,0.41,2.55
Fraud Operations,2026-07-01,IMS Transaction Manager,2,10002.61,17.45,-0.2
Fraud Operations,2026-07-01,Kubernetes Service,3,390.58,0.68,1.57
Fraud Operations,2026-07-01,Machine Learning Platform,1,110.71,0.19,6.18
Fraud Operations,2026-07-01,Managed PostgreSQL,1,35.96,0.06,4.84
Fraud Operations,2026-07-01,Managed Redis,1,249.73,0.44,4.4
Fraud Operations,2026-07-01,Message Queue,2,339.9,0.59,1.44
Fraud Operations,2026-07-01,Nagios Monitoring,3,632.79,1.1,7.0
Fraud Operations,2026-07-01,NetApp Storage,1,454.88,0.79,7.52
Fraud Operations,2026-07-01,Object Storage,2,134.67,0.23,1.62
Fraud Operations,2026-07-01,Oracle Database,2,241.21,0.42,2.94
Fraud Operations,2026-07-01,RACF Security,2,7554.52,13.18,-2.47
Fraud Operations,2026-07-01,Red Hat Enterprise Linux,2,342.01,0.6,4.92
Fraud Operations,2026-07-01,SMF Analytics,2,4184.61,7.3,-4.47
Fraud Operations,2026-07-01,SQL Server,1,83.68,0.15,6.86
Fraud Operations,2026-07-01,Secrets Manager,1,54.56,0.1,3.04
Fraud Operations,2026-07-01,Serverless Functions,2,901.15,1.57,5.56
Fraud Operations,2026-07-01,Streaming Ingest,1,67.59,0.12,7.59
Fraud Operations,2026-07-01,Tape Virtualisation,3,8303.95,14.48,-1.16
Fraud Operations,2026-07-01,VMware vSphere,1,623.88,1.09,5.54
Fraud Operations,2026-07-01,VSAM Storage,2,8177.34,14.26,-3.01
Fraud Operations,2026-07-01,WebSphere Application Server,2,375.22,0.65,2.16
Fraud Operations,2026-07-01,Windows Server,1,176.99,0.31,1.51
Fraud Operations,2026-07-01,z/OS Connect,1,592.84,1.03,-3.1
Fraud Operations,2026-08-01,API Gateway,2,286.75,0.51,-4.5
Fraud Operations,2026-08-01,Block Storage,1,123.29,0.22,-3.22
Fraud Operations,2026-08-01,COBOL Batch,2,1710.21,3.04,1.3
Fraud Operations,2026-08-01,Compute Instances,5,831.9,1.48,-6.76
Fraud Operations,2026-08-01,Container Registry,1,53.3,0.09,-3.09
Fraud Operations,2026-08-01,Content Delivery,3,458.02,0.81,-1.77
Fraud Operations,2026-08-01,Data Warehouse,5,607.25,1.08,-3.59
Fraud Operations,2026-08-01,Db2 for z/OS,2,8887.23,15.8,-0.17
Fraud Operations,2026-08-01,F5 Load Balancing,2,229.97,0.41,-2.24
Fraud Operations,2026-08-01,IMS Transaction Manager,2,9531.04,16.94,-4.71
Fraud Operations,2026-08-01,Kubernetes Service,3,367.79,0.65,-5.83
Fraud Operations,2026-08-01,Machine Learning Platform,1,108.93,0.19,-1.61
Fraud Operations,2026-08-01,Managed PostgreSQL,1,34.14,0.06,-5.06
Fraud Operations,2026-08-01,Managed Redis,1,237.47,0.42,-4.91
Fraud Operations,2026-08-01,Message Queue,2,333.79,0.59,-1.8
Fraud Operations,2026-08-01,Nagios Monitoring,3,618.38,1.1,-2.28
Fraud Operations,2026-08-01,NetApp Storage,1,428.28,0.76,-5.85
Fraud Operations,2026-08-01,Object Storage,2,132.76,0.24,-1.42
Fraud Operations,2026-08-01,Oracle Database,2,231.94,0.41,-3.84
Fraud Operations,2026-08-01,RACF Security,2,7444.07,13.23,-1.46
Fraud Operations,2026-08-01,Red Hat Enterprise Linux,2,341.24,0.61,-0.23
Fraud Operations,2026-08-01,SMF Analytics,2,4195.8,7.46,0.27
Fraud Operations,2026-08-01,SQL Server,1,79.24,0.14,-5.31
Fraud Operations,2026-08-01,Secrets Manager,1,53.16,0.09,-2.57
Fraud Operations,2026-08-01,Serverless Functions,2,856.61,1.52,-4.94
Fraud Operations,2026-08-01,Streaming Ingest,1,65.29,0.12,-3.4
Fraud Operations,2026-08-01,Tape Virtualisation,3,8054.0,14.32,-3.01
Fraud Operations,2026-08-01,VMware vSphere,1,594.46,1.06,-4.72
Fraud Operations,2026-08-01,VSAM Storage,2,8209.32,14.59,0.39
Fraud Operations,2026-08-01,WebSphere Application Server,2,371.18,0.66,-1.08
Fraud Operations,2026-08-01,Windows Server,1,173.86,0.31,-1.77
Fraud Operations,2026-08-01,z/OS Connect,1,609.08,1.08,2.74
Fraud Operations,2026-09-01,API Gateway,2,286.78,0.49,0.01
Fraud Operations,2026-09-01,Block Storage,1,117.08,0.2,-5.04
Fraud Operations,2026-09-01,COBOL Batch,2,1777.97,3.05,3.96
Fraud Operations,2026-09-01,Compute Instances,5,856.7,1.47,2.98
Fraud Operations,2026-09-01,Container Registry,1,53.07,0.09,-0.43
Fraud Operations,2026-09-01,Content Delivery,3,451.45,0.77,-1.43
Fraud Operations,2026-09-01,Data Warehouse,5,618.7,1.06,1.89
Fraud Operations,2026-09-01,Db2 for z/OS,2,8851.76,15.17,-0.4
Fraud Operations,2026-09-01,F5 Load Balancing,2,230.9,0.4,0.4
Fraud Operations,2026-09-01,IMS Transaction Manager,2,10410.2,17.84,9.22
Fraud Operations,2026-09-01,Kubernetes Service,3,380.93,0.65,3.57
Fraud Operations,2026-09-01,Machine Learning Platform,1,110.16,0.19,1.13
Fraud Operations,2026-09-01,Managed PostgreSQL,1,33.86,0.06,-0.82
Fraud Operations,2026-09-01,Managed Redis,1,240.94,0.41,1.46
Fraud Operations,2026-09-01,Message Queue,2,325.7,0.56,-2.42
Fraud Operations,2026-09-01,Nagios Monitoring,3,605.05,1.04,-2.16
Fraud Operations,2026-09-01,NetApp Storage,1,434.64,0.74,1.49
Fraud Operations,2026-09-01,Object Storage,2,128.77,0.22,-3.01
Fraud Operations,2026-09-01,Oracle Database,2,231.64,0.4,-0.13
Fraud Operations,2026-09-01,RACF Security,2,7556.21,12.95,1.51
Fraud Operations,2026-09-01,Red Hat Enterprise Linux,2,336.17,0.58,-1.49
Fraud Operations,2026-09-01,SMF Analytics,2,4383.02,7.51,4.46
Fraud Operations,2026-09-01,SQL Server,1,82.97,0.14,4.71
Fraud Operations,2026-09-01,Secrets Manager,1,51.93,0.09,-2.31
Fraud Operations,2026-09-01,Serverless Functions,2,888.79,1.52,3.76
Fraud Operations,2026-09-01,Streaming Ingest,1,64.05,0.11,-1.9
Fraud Operations,2026-09-01,Tape Virtualisation,3,8692.36,14.9,7.93
Fraud Operations,2026-09-01,VMware vSphere,1,587.04,1.01,-1.25
Fraud Operations,2026-09-01,VSAM Storage,2,8423.86,14.44,2.61
Fraud Operations,2026-09-01,WebSphere Application Server,2,359.08,0.62,-3.26
Fraud Operations,2026-09-01,Windows Server,1,166.74,0.29,-4.1
Fraud Operations,2026-09-01,z/OS Connect,1,603.29,1.03,-0.95
Group Technology,2025-10-01,API Gateway,2,382.22,1.6,
Group Technology,2025-10-01,Active Directory,1,81.59,0.34,
Group Technology,2025-10-01,CICS Transaction Server,1,1569.09,6.57,
Group Technology,2025-10-01,Container Registry,1,627.81,2.63,
Group Technology,2025-10-01,IMS Transaction Manager,1,1112.47,4.66,
Group Technology,2025-10-01,JCL Scheduler,2,3263.37,13.67,
Group Technology,2025-10-01,Kubernetes Service,1,205.43,0.86,
Group Technology,2025-10-01,Log Analytics,1,142.17,0.6,
Group Technology,2025-10-01,Managed Redis,3,260.21,1.09,
Group Technology,2025-10-01,Nagios Monitoring,1,88.05,0.37,
Group Technology,2025-10-01,NetApp Storage,2,233.78,0.98,
Group Technology,2025-10-01,Object Storage,3,382.08,1.6,
Group Technology,2025-10-01,Oracle Database,3,1725.75,7.23,
Group Technology,2025-10-01,RACF Security,1,1392.24,5.83,
Group Technology,2025-10-01,Secrets Manager,1,41.21,0.17,
Group Technology,2025-10-01,Streaming Ingest,2,1417.27,5.94,
Group Technology,2025-10-01,Tape Virtualisation,2,2546.29,10.66,
Group Technology,2025-10-01,Tomcat,2,210.66,0.88,
Group Technology,2025-10-01,VMware vSphere,1,62.22,0.26,
Group Technology,2025-10-01,VSAM Storage,1,4611.03,19.31,
Group Technology,2025-10-01,Veeam Backup,1,303.35,1.27,
Group Technology,2025-10-01,Windows Server,2,1544.84,6.47,
Group Technology,2025-10-01,z/OS Connect,1,1675.06,7.02,
Group Technology,2025-11-01,API Gateway,2,350.75,1.59,-8.23
Group Technology,2025-11-01,Active Directory,1,77.84,0.35,-4.6
Group Technology,2025-11-01,CICS Transaction Server,1,1450.78,6.59,-7.54
Group Technology,2025-11-01,Container Registry,1,606.63,2.75,-3.37
Group Technology,2025-11-01,IMS Transaction Manager,1,1039.69,4.72,-6.54
Group Technology,2025-11-01,JCL Scheduler,2,2989.1,13.57,-8.4
Group Technology,2025-11-01,Kubernetes Service,1,190.63,0.87,-7.2
Group Technology,2025-11-01,Log Analytics,1,134.66,0.61,-5.28
Group Technology,2025-11-01,Managed Redis,3,249.31,1.13,-4.19
Group Technology,2025-11-01,Nagios Monitoring,1,83.78,0.38,-4.85
Group Technology,2025-11-01,NetApp Storage,2,219.84,1.0,-5.96
Group Technology,2025-11-01,Object Storage,3,361.01,1.64,-5.51
Group Technology,2025-11-01,Oracle Database,3,1576.26,7.16,-8.66
Group Technology,2025-11-01,RACF Security,1,1245.26,5.65,-10.56
Group Technology,2025-11-01,Secrets Manager,1,39.39,0.18,-4.42
Group Technology,2025-11-01,Streaming Ingest,2,1347.56,6.12,-4.92
Group Technology,2025-11-01,Tape Virtualisation,2,2397.12,10.89,-5.86
Group Technology,2025-11-01,Tomcat,2,198.44,0.9,-5.8
Group Technology,2025-11-01,VMware vSphere,1,58.11,0.26,-6.61
Group Technology,2025-11-01,VSAM Storage,1,4157.46,18.88,-9.84
Group Technology,2025-11-01,Veeam Backup,1,287.09,1.3,-5.36
Group Technology,2025-11-01,Windows Server,2,1436.87,6.52,-6.99
Group Technology,2025-11-01,z/OS Connect,1,1524.44,6.92,-8.99
Group Technology,2025-12-01,API Gateway,2,378.77,1.53,7.99
Group Technology,2025-12-01,Active Directory,1,81.84,0.33,5.14
Group Technology,2025-12-01,CICS Transaction Server,1,1678.06,6.79,15.67
Group Technology,2025-12-01,Container Registry,1,622.3,2.52,2.58
Group Technology,2025-12-01,IMS Transaction Manager,1,1134.02,4.59,9.07
Group Technology,2025-12-01,JCL Scheduler,2,3373.74,13.64,12.87
Group Technology,2025-12-01,Kubernetes Service,1,200.5,0.81,5.18
Group Technology,2025-12-01,Log Analytics,1,146.09,0.59,8.49
Group Technology,2025-12-01,Managed Redis,3,259.54,1.05,4.1
Group Technology,2025-12-01,Nagios Monitoring,1,91.22,0.37,8.88
Group Technology,2025-12-01,NetApp Storage,2,230.98,0.93,5.07
Group Technology,2025-12-01,Object Storage,3,381.15,1.54,5.58
Group Technology,2025-12-01,Oracle Database,3,1693.66,6.85,7.45
Group Technology,2025-12-01,RACF Security,1,1465.94,5.93,17.72
Group Technology,2025-12-01,Secrets Manager,1,44.0,0.18,11.7
Group Technology,2025-12-01,Streaming Ingest,2,1485.49,6.01,10.24
Group Technology,2025-12-01,Tape Virtualisation,2,2689.42,10.88,12.19
Group Technology,2025-12-01,Tomcat,2,215.29,0.87,8.49
Group Technology,2025-12-01,VMware vSphere,1,61.95,0.25,6.61
Group Technology,2025-12-01,VSAM Storage,1,4857.16,19.64,16.83
Group Technology,2025-12-01,Veeam Backup,1,292.62,1.18,1.93
Group Technology,2025-12-01,Windows Server,2,1559.91,6.31,8.56
Group Technology,2025-12-01,z/OS Connect,1,1782.73,7.21,16.94
Group Technology,2026-01-01,API Gateway,2,369.4,1.58,-2.47
Group Technology,2026-01-01,Active Directory,1,79.31,0.34,-3.09
Group Technology,2026-01-01,CICS Transaction Server,1,1567.88,6.69,-6.57
Group Technology,2026-01-01,Container Registry,1,619.39,2.64,-0.47
Group Technology,2026-01-01,IMS Transaction Manager,1,1098.13,4.69,-3.16
Group Technology,2026-01-01,JCL Scheduler,2,3243.73,13.85,-3.85
Group Technology,2026-01-01,Kubernetes Service,1,199.27,0.85,-0.61
Group Technology,2026-01-01,Log Analytics,1,145.12,0.62,-0.66
Group Technology,2026-01-01,Managed Redis,3,258.76,1.1,-0.3
Group Technology,2026-01-01,Nagios Monitoring,1,84.69,0.36,-7.16
Group Technology,2026-01-01,NetApp Storage,2,228.57,0.98,-1.04
Group Technology,2026-01-01,Object Storage,3,384.71,1.64,0.93
Group Technology,2026-01-01,Oracle Database,3,1653.02,7.06,-2.4
Group Technology,2026-01-01,RACF Security,1,1314.3,5.61,-10.34
Group Technology,2026-01-01,Secrets Manager,1,41.67,0.18,-5.3
Group Technology,2026-01-01,Streaming Ingest,2,1383.98,5.91,-6.83
Group Technology,2026-01-01,Tape Virtualisation,2,2524.72,10.78,-6.12
Group Technology,2026-01-01,Tomcat,2,205.28,0.88,-4.65
Group Technology,2026-01-01,VMware vSphere,1,60.91,0.26,-1.68
Group Technology,2026-01-01,VSAM Storage,1,4483.3,19.14,-7.7
Group Technology,2026-01-01,Veeam Backup,1,298.11,1.27,1.88
Group Technology,2026-01-01,Windows Server,2,1512.19,6.46,-3.06
Group Technology,2026-01-01,z/OS Connect,1,1669.53,7.13,-6.35
Group Technology,2026-02-01,API Gateway,2,345.04,1.64,-6.59
Group Technology,2026-02-01,Active Directory,1,70.38,0.33,-11.26
Group Technology,2026-02-01,CICS Transaction Server,1,1409.11,6.68,-10.13
Group Technology,2026-02-01,Container Registry,1,580.46,2.75,-6.29
Group Technology,2026-02-01,IMS Transaction Manager,1,923.26,4.38,-15.92
Group Technology,2026-02-01,JCL Scheduler,2,2858.79,13.55,-11.87
Group Technology,2026-02-01,Kubernetes Service,1,182.82,0.87,-8.26
Group Technology,2026-02-01,Log Analytics,1,134.73,0.64,-7.16
Group Technology,2026-02-01,Managed Redis,3,238.02,1.13,-8.02
Group Technology,2026-02-01,Nagios Monitoring,1,76.9,0.36,-9.2
Group Technology,2026-02-01,NetApp Storage,2,207.43,0.98,-9.25
Group Technology,2026-02-01,Object Storage,3,340.54,1.61,-11.48
Group Technology,2026-02-01,Oracle Database,3,1486.39,7.04,-10.08
Group Technology,2026-02-01,RACF Security,1,1229.18,5.83,-6.48
Group Technology,2026-02-01,Secrets Manager,1,37.35,0.18,-10.37
Group Technology,2026-02-01,Streaming Ingest,2,1302.93,6.17,-5.86
Group Technology,2026-02-01,Tape Virtualisation,2,2280.92,10.81,-9.66
Group Technology,2026-02-01,Tomcat,2,191.97,0.91,-6.48
Group Technology,2026-02-01,VMware vSphere,1,53.25,0.25,-12.58
Group Technology,2026-02-01,VSAM Storage,1,4056.0,19.22,-9.53
Group Technology,2026-02-01,Veeam Backup,1,259.4,1.23,-12.99
Group Technology,2026-02-01,Windows Server,2,1423.07,6.74,-5.89
Group Technology,2026-02-01,z/OS Connect,1,1413.06,6.7,-15.36
Group Technology,2026-03-01,API Gateway,2,386.68,1.59,12.07
Group Technology,2026-03-01,Active Directory,1,79.59,0.33,13.09
Group Technology,2026-03-01,CICS Transaction Server,1,1666.19,6.85,18.24
Group Technology,2026-03-01,Container Registry,1,639.75,2.63,10.21
Group Technology,2026-03-01,IMS Transaction Manager,1,1122.47,4.61,21.58
Group Technology,2026-03-01,JCL Scheduler,2,3279.29,13.47,14.71
Group Technology,2026-03-01,Kubernetes Service,1,205.28,0.84,12.29
Group Technology,2026-03-01,Log Analytics,1,148.45,0.61,10.18
Group Technology,2026-03-01,Managed Redis,3,259.52,1.07,9.03
Group Technology,2026-03-01,Nagios Monitoring,1,89.12,0.37,15.89
Group Technology,2026-03-01,NetApp Storage,2,230.46,0.95,11.1
Group Technology,2026-03-01,Object Storage,3,371.71,1.53,9.15
Group Technology,2026-03-01,Oracle Database,3,1697.19,6.97,14.18
Group Technology,2026-03-01,RACF Security,1,1446.37,5.94,17.67
Group Technology,2026-03-01,Secrets Manager,1,40.01,0.16,7.12
Group Technology,2026-03-01,Streaming Ingest,2,1378.56,5.66,5.8
Group Technology,2026-03-01,Tape Virtualisation,2,2606.22,10.71,14.26
Group Technology,2026-03-01,Tomcat,2,213.88,0.88,11.41
Group Technology,2026-03-01,VMware vSphere,1,60.76,0.25,14.1
Group Technology,2026-03-01,VSAM Storage,1,4860.78,19.97,19.84
Group Technology,2026-03-01,Veeam Backup,1,294.97,1.21,13.71
Group Technology,2026-03-01,Windows Server,2,1563.61,6.42,9.88
Group Technology,2026-03-01,z/OS Connect,1,1698.3,6.98,20.19
Group Technology,2026-04-01,API Gateway,2,377.62,1.65,-2.34
Group Technology,2026-04-01,Active Directory,1,79.61,0.35,0.03
Group Technology,2026-04-01,CICS Transaction Server,1,1508.03,6.58,-9.49
Group Technology,2026-04-01,Container Registry,1,623.73,2.72,-2.5
Group Technology,2026-04-01,IMS Transaction Manager,1,1067.0,4.65,-4.94
Group Technology,2026-04-01,JCL Scheduler,2,3146.25,13.72,-4.06
Group Technology,2026-04-01,Kubernetes Service,1,185.93,0.81,-9.43
Group Technology,2026-04-01,Log Analytics,1,140.09,0.61,-5.63
Group Technology,2026-04-01,Managed Redis,3,249.8,1.09,-3.75
Group Technology,2026-04-01,Nagios Monitoring,1,85.37,0.37,-4.21
Group Technology,2026-04-01,NetApp Storage,2,221.56,0.97,-3.86
Group Technology,2026-04-01,Object Storage,3,367.83,1.6,-1.04
Group Technology,2026-04-01,Oracle Database,3,1619.77,7.07,-4.56
Group Technology,2026-04-01,RACF Security,1,1347.16,5.88,-6.86
Group Technology,2026-04-01,Secrets Manager,1,40.97,0.18,2.4
Group Technology,2026-04-01,Streaming Ingest,2,1350.7,5.89,-2.02
Group Technology,2026-04-01,Tape Virtualisation,2,2500.86,10.91,-4.04
Group Technology,2026-04-01,Tomcat,2,200.16,0.87,-6.41
Group Technology,2026-04-01,VMware vSphere,1,59.37,0.26,-2.29
Group Technology,2026-04-01,VSAM Storage,1,4350.51,18.98,-10.5
Group Technology,2026-04-01,Veeam Backup,1,289.7,1.26,-1.79
Group Technology,2026-04-01,Windows Server,2,1487.23,6.49,-4.88
Group Technology,2026-04-01,z/OS Connect,1,1627.42,7.1,-4.17
Group Technology,2026-05-01,API Gateway,2,364.57,1.58,-3.46
Group Technology,2026-05-01,Active Directory,1,80.19,0.35,0.73
Group Technology,2026-05-01,CICS Transaction Server,1,1510.04,6.54,0.13
Group Technology,2026-05-01,Container Registry,1,619.62,2.68,-0.66
Group Technology,2026-05-01,IMS Transaction Manager,1,1065.26,4.61,-0.16
Group Technology,2026-05-01,JCL Scheduler,2,3114.92,13.48,-1.0
Group Technology,2026-05-01,Kubernetes Service,1,191.21,0.83,2.84
Group Technology,2026-05-01,Log Analytics,1,139.52,0.6,-0.41
Group Technology,2026-05-01,Managed Redis,3,252.12,1.09,0.93
Group Technology,2026-05-01,Nagios Monitoring,1,85.31,0.37,-0.07
Group Technology,2026-05-01,NetApp Storage,2,226.77,0.98,2.35
Group Technology,2026-05-01,Object Storage,3,368.84,1.6,0.27
Group Technology,2026-05-01,Oracle Database,3,1641.15,7.1,1.32
Group Technology,2026-05-01,RACF Security,1,1302.2,5.64,-3.34
Group Technology,2026-05-01,Secrets Manager,1,40.99,0.18,0.05
Group Technology,2026-05-01,Streaming Ingest,2,1384.54,5.99,2.51
Group Technology,2026-05-01,Tape Virtualisation,2,2532.85,10.96,1.28
Group Technology,2026-05-01,Tomcat,2,208.28,0.9,4.06
Group Technology,2026-05-01,VMware vSphere,1,59.31,0.26,-0.1
Group Technology,2026-05-01,VSAM Storage,1,4462.58,19.32,2.58
Group Technology,2026-05-01,Veeam Backup,1,290.92,1.26,0.42
Group Technology,2026-05-01,Windows Server,2,1503.16,6.51,1.07
Group Technology,2026-05-01,z/OS Connect,1,1655.85,7.17,1.75
Group Technology,2026-06-01,API Gateway,2,373.81,1.57,2.53
Group Technology,2026-06-01,Active Directory,1,80.66,0.34,0.59
Group Technology,2026-06-01,CICS Transaction Server,1,1622.14,6.83,7.42
Group Technology,2026-06-01,Container Registry,1,617.13,2.6,-0.4
Group Technology,2026-06-01,IMS Transaction Manager,1,1123.99,4.74,5.51
Group Technology,2026-06-01,JCL Scheduler,2,3300.7,13.91,5.96
Group Technology,2026-06-01,Kubernetes Service,1,193.48,0.82,1.19
Group Technology,2026-06-01,Log Analytics,1,133.06,0.56,-4.63
Group Technology,2026-06-01,Managed Redis,3,253.54,1.07,0.56
Group Technology,2026-06-01,Nagios Monitoring,1,86.53,0.36,1.43
Group Technology,2026-06-01,NetApp Storage,2,223.57,0.94,-1.41
Group Technology,2026-06-01,Object Storage,3,374.96,1.58,1.66
Group Technology,2026-06-01,Oracle Database,3,1599.04,6.74,-2.57
Group Technology,2026-06-01,RACF Security,1,1401.8,5.91,7.65
Group Technology,2026-06-01,Secrets Manager,1,38.96,0.16,-4.95
Group Technology,2026-06-01,Streaming Ingest,2,1350.88,5.69,-2.43
Group Technology,2026-06-01,Tape Virtualisation,2,2690.66,11.34,6.23
Group Technology,2026-06-01,Tomcat,2,207.43,0.87,-0.41
Group Technology,2026-06-01,VMware vSphere,1,58.36,0.25,-1.6
Group Technology,2026-06-01,VSAM Storage,1,4433.81,18.68,-0.64
Group Technology,2026-06-01,Veeam Backup,1,296.73,1.25,2.0
Group Technology,2026-06-01,Windows Server,2,1534.7,6.47,2.1
Group Technology,2026-06-01,z/OS Connect,1,1739.93,7.33,5.08
Group Technology,2026-07-01,API Gateway,2,389.41,1.63,4.17
Group Technology,2026-07-01,Active Directory,1,82.42,0.34,2.18
Group Technology,2026-07-01,CICS Transaction Server,1,1577.68,6.6,-2.74
Group Technology,2026-07-01,Container Registry,1,656.13,2.74,6.32
Group Technology,2026-07-01,IMS Transaction Manager,1,1112.77,4.65,-1.0
Group Technology,2026-07-01,JCL Scheduler,2,3259.59,13.63,-1.25
Group Technology,2026-07-01,Kubernetes Service,1,201.34,0.84,4.06
Group Technology,2026-07-01,Log Analytics,1,150.64,0.63,13.21
Group Technology,2026-07-01,Managed Redis,3,263.53,1.1,3.94
Group Technology,2026-07-01,Nagios Monitoring,1,87.03,0.36,0.58
Group Technology,2026-07-01,NetApp Storage,2,227.38,0.95,1.7
Group Technology,2026-07-01,Object Storage,3,375.44,1.57,0.13
Group Technology,2026-07-01,Oracle Database,3,1662.68,6.95,3.98
Group Technology,2026-07-01,RACF Security,1,1353.98,5.66,-3.41
Group Technology,2026-07-01,Secrets Manager,1,42.72,0.18,9.65
Group Technology,2026-07-01,Streaming Ingest,2,1421.26,5.94,5.21
Group Technology,2026-07-01,Tape Virtualisation,2,2573.1,10.76,-4.37
Group Technology,2026-07-01,Tomcat,2,207.94,0.87,0.25
Group Technology,2026-07-01,VMware vSphere,1,61.33,0.26,5.09
Group Technology,2026-07-01,VSAM Storage,1,4695.49,19.64,5.9
Group Technology,2026-07-01,Veeam Backup,1,301.66,1.26,1.66
Group Technology,2026-07-01,Windows Server,2,1547.29,6.47,0.82
Group Technology,2026-07-01,z/OS Connect,1,1657.38,6.93,-4.74
Group Technology,2026-08-01,API Gateway,2,372.45,1.61,-4.36
Group Technology,2026-08-01,Active Directory,1,77.86,0.34,-5.53
Group Technology,2026-08-01,CICS Transaction Server,1,1579.79,6.83,0.13
Group Technology,2026-08-01,Container Registry,1,634.12,2.74,-3.35
Group Technology,2026-08-01,IMS Transaction Manager,1,1069.64,4.62,-3.88
Group Technology,2026-08-01,JCL Scheduler,2,3201.07,13.83,-1.8
Group Technology,2026-08-01,Kubernetes Service,1,206.25,0.89,2.44
Group Technology,2026-08-01,Log Analytics,1,136.51,0.59,-9.38
Group Technology,2026-08-01,Managed Redis,3,255.8,1.11,-2.93
Group Technology,2026-08-01,Nagios Monitoring,1,85.62,0.37,-1.62
Group Technology,2026-08-01,NetApp Storage,2,221.19,0.96,-2.72
Group Technology,2026-08-01,Object Storage,3,372.65,1.61,-0.74
Group Technology,2026-08-01,Oracle Database,3,1629.8,7.04,-1.98
Group Technology,2026-08-01,RACF Security,1,1314.22,5.68,-2.94
Group Technology,2026-08-01,Secrets Manager,1,41.81,0.18,-2.13
Group Technology,2026-08-01,Streaming Ingest,2,1359.7,5.88,-4.33
Group Technology,2026-08-01,Tape Virtualisation,2,2469.11,10.67,-4.04
Group Technology,2026-08-01,Tomcat,2,207.35,0.9,-0.28
Group Technology,2026-08-01,VMware vSphere,1,60.06,0.26,-2.07
Group Technology,2026-08-01,VSAM Storage,1,4376.48,18.91,-6.79
Group Technology,2026-08-01,Veeam Backup,1,291.77,1.26,-3.28
Group Technology,2026-08-01,Windows Server,2,1554.25,6.72,0.45
Group Technology,2026-08-01,z/OS Connect,1,1623.17,7.01,-2.06
Group Technology,2026-09-01,API Gateway,2,369.49,1.54,-0.79
Group Technology,2026-09-01,Active Directory,1,78.5,0.33,0.82
Group Technology,2026-09-01,CICS Transaction Server,1,1626.01,6.77,2.93
Group Technology,2026-09-01,Container Registry,1,614.58,2.56,-3.08
Group Technology,2026-09-01,IMS Transaction Manager,1,1146.66,4.77,7.2
Group Technology,2026-09-01,JCL Scheduler,2,3305.43,13.76,3.26
Group Technology,2026-09-01,Kubernetes Service,1,195.56,0.81,-5.18
Group Technology,2026-09-01,Log Analytics,1,137.6,0.57,0.8
Group Technology,2026-09-01,Managed Redis,3,251.9,1.05,-1.52
Group Technology,2026-09-01,Nagios Monitoring,1,87.86,0.37,2.62
Group Technology,2026-09-01,NetApp Storage,2,217.83,0.91,-1.52
Group Technology,2026-09-01,Object Storage,3,372.33,1.55,-0.09
Group Technology,2026-09-01,Oracle Database,3,1629.83,6.79,0.0
Group Technology,2026-09-01,RACF Security,1,1444.89,6.02,9.94
Group Technology,2026-09-01,Secrets Manager,1,40.91,0.17,-2.15
Group Technology,2026-09-01,Streaming Ingest,2,1402.65,5.84,3.16
Group Technology,2026-09-01,Tape Virtualisation,2,2639.76,10.99,6.91
Group Technology,2026-09-01,Tomcat,2,209.14,0.87,0.86
Group Technology,2026-09-01,VMware vSphere,1,57.34,0.24,-4.53
Group Technology,2026-09-01,VSAM Storage,1,4730.23,19.7,8.08
Group Technology,2026-09-01,Veeam Backup,1,280.18,1.17,-3.97
Group Technology,2026-09-01,Windows Server,2,1491.57,6.21,-4.03
Group Technology,2026-09-01,z/OS Connect,1,1686.11,7.02,3.88
Human Resources,2025-10-01,API Gateway,1,177.2,0.33,
Human Resources,2025-10-01,Active Directory,1,207.73,0.38,
Human Resources,2025-10-01,Block Storage,2,536.35,0.99,
Human Resources,2025-10-01,CICS Transaction Server,1,400.43,0.74,
Human Resources,2025-10-01,COBOL Batch,1,9065.87,16.77,
Human Resources,2025-10-01,Compute Instances,2,299.49,0.55,
Human Resources,2025-10-01,Container Registry,1,125.25,0.23,
Human Resources,2025-10-01,Data Warehouse,1,103.08,0.19,
Human Resources,2025-10-01,Db2 for z/OS,1,400.6,0.74,
Human Resources,2025-10-01,F5 Load Balancing,2,564.76,1.04,
Human Resources,2025-10-01,JCL Scheduler,1,11501.02,21.27,
Human Resources,2025-10-01,Kubernetes Service,2,602.34,1.11,
Human Resources,2025-10-01,Log Analytics,1,565.79,1.05,
Human Resources,2025-10-01,MQ for z/OS,1,11982.71,22.16,
Human Resources,2025-10-01,Machine Learning Platform,2,736.53,1.36,
Human Resources,2025-10-01,Message Queue,2,705.25,1.3,
Human Resources,2025-10-01,NetApp Storage,2,1054.59,1.95,
Human Resources,2025-10-01,Object Storage,1,48.03,0.09,
Human Resources,2025-10-01,Oracle Database,1,64.44,0.12,
Human Resources,2025-10-01,RACF Security,3,6217.73,11.5,
Human Resources,2025-10-01,Red Hat Enterprise Linux,2,450.99,0.83,
Human Resources,2025-10-01,Secrets Manager,1,209.62,0.39,
Human Resources,2025-10-01,Serverless Functions,1,215.7,0.4,
Human Resources,2025-10-01,Streaming Ingest,2,553.06,1.02,
Human Resources,2025-10-01,Tomcat,2,421.46,0.78,
Human Resources,2025-10-01,VSAM Storage,1,2813.45,5.2,
Human Resources,2025-10-01,Veeam Backup,1,874.84,1.62,
Human Resources,2025-10-01,WebSphere Application Server,2,790.3,1.46,
Human Resources,2025-10-01,Windows Server,4,1812.97,3.35,
Human Resources,2025-10-01,z/OS Connect,1,574.22,1.06,
Human Resources,2025-11-01,API Gateway,1,161.48,0.32,-8.87
Human Resources,2025-11-01,Active Directory,1,197.66,0.4,-4.85
Human Resources,2025-11-01,Block Storage,2,496.93,1.0,-7.35
Human Resources,2025-11-01,CICS Transaction Server,1,372.13,0.75,-7.07
Human Resources,2025-11-01,COBOL Batch,1,8653.5,17.41,-4.55
Human Resources,2025-11-01,Compute Instances,2,282.19,0.57,-5.78
Human Resources,2025-11-01,Container Registry,1,121.52,0.24,-2.98
Human Resources,2025-11-01,Data Warehouse,1,98.99,0.2,-3.97
Human Resources,2025-11-01,Db2 for z/OS,1,378.26,0.76,-5.58
Human Resources,2025-11-01,F5 Load Balancing,2,523.21,1.05,-7.36
Human Resources,2025-11-01,JCL Scheduler,1,10550.77,21.23,-8.26
Human Resources,2025-11-01,Kubernetes Service,2,560.07,1.13,-7.02
Human Resources,2025-11-01,Log Analytics,1,542.98,1.09,-4.03
Human Resources,2025-11-01,MQ for z/OS,1,10541.74,21.21,-12.03
Human Resources,2025-11-01,Machine Learning Platform,2,677.5,1.36,-8.01
Human Resources,2025-11-01,Message Queue,2,661.17,1.33,-6.25
Human Resources,2025-11-01,NetApp Storage,2,983.5,1.98,-6.74
Human Resources,2025-11-01,Object Storage,1,44.47,0.09,-7.41
Human Resources,2025-11-01,Oracle Database,1,59.23,0.12,-8.09
Human Resources,2025-11-01,RACF Security,3,5859.24,11.79,-5.77
Human Resources,2025-11-01,Red Hat Enterprise Linux,2,419.59,0.84,-6.96
Human Resources,2025-11-01,Secrets Manager,1,203.0,0.41,-3.16
Human Resources,2025-11-01,Serverless Functions,1,207.36,0.42,-3.87
Human Resources,2025-11-01,Streaming Ingest,2,510.97,1.03,-7.61
Human Resources,2025-11-01,Tomcat,2,397.93,0.8,-5.58
Human Resources,2025-11-01,VSAM Storage,1,2468.83,4.97,-12.25
Human Resources,2025-11-01,Veeam Backup,1,772.27,1.55,-11.72
Human Resources,2025-11-01,WebSphere Application Server,2,732.62,1.47,-7.3
Human Resources,2025-11-01,Windows Server,4,1695.51,3.41,-6.48
Human Resources,2025-11-01,z/OS Connect,1,526.32,1.06,-8.34
Human Resources,2025-12-01,API Gateway,1,175.13,0.31,8.45
Human Resources,2025-12-01,Active Directory,1,210.64,0.38,6.57
Human Resources,2025-12-01,Block Storage,2,525.81,0.94,5.81
Human Resources,2025-12-01,CICS Transaction Server,1,410.56,0.73,10.33
Human Resources,2025-12-01,COBOL Batch,1,9442.89,16.9,9.12
Human Resources,2025-12-01,Compute Instances,2,307.98,0.55,9.14
Human Resources,2025-12-01,Container Registry,1,124.21,0.22,2.21
Human Resources,2025-12-01,Data Warehouse,1,104.1,0.19,5.16
Human Resources,2025-12-01,Db2 for z/OS,1,436.16,0.78,15.31
Human Resources,2025-12-01,F5 Load Balancing,2,570.45,1.02,9.03
Human Resources,2025-12-01,JCL Scheduler,1,12054.21,21.58,14.25
Human Resources,2025-12-01,Kubernetes Service,2,611.65,1.09,9.21
Human Resources,2025-12-01,Log Analytics,1,595.11,1.07,9.6
Human Resources,2025-12-01,MQ for z/OS,1,12376.14,22.16,17.4
Human Resources,2025-12-01,Machine Learning Platform,2,725.8,1.3,7.13
Human Resources,2025-12-01,Message Queue,2,682.11,1.22,3.17
Human Resources,2025-12-01,NetApp Storage,2,1065.71,1.91,8.36
Human Resources,2025-12-01,Object Storage,1,47.6,0.09,7.04
Human Resources,2025-12-01,Oracle Database,1,63.73,0.11,7.6
Human Resources,2025-12-01,RACF Security,3,6462.54,11.57,10.3
Human Resources,2025-12-01,Red Hat Enterprise Linux,2,459.48,0.82,9.51
Human Resources,2025-12-01,Secrets Manager,1,216.55,0.39,6.67
Human Resources,2025-12-01,Serverless Functions,1,215.73,0.39,4.04
Human Resources,2025-12-01,Streaming Ingest,2,532.25,0.95,4.16
Human Resources,2025-12-01,Tomcat,2,431.1,0.77,8.34
Human Resources,2025-12-01,VSAM Storage,1,2980.34,5.34,20.72
Human Resources,2025-12-01,Veeam Backup,1,859.11,1.54,11.24
Human Resources,2025-12-01,WebSphere Application Server,2,767.33,1.37,4.74
Human Resources,2025-12-01,Windows Server,4,1796.86,3.22,5.98
Human Resources,2025-12-01,z/OS Connect,1,608.72,1.09,15.66
Human Resources,2026-01-01,API Gateway,1,171.47,0.32,-2.09
Human Resources,2026-01-01,Active Directory,1,209.35,0.4,-0.61
Human Resources,2026-01-01,Block Storage,2,535.37,1.01,1.82
Human Resources,2026-01-01,CICS Transaction Server,1,389.71,0.74,-5.08
Human Resources,2026-01-01,COBOL Batch,1,8769.9,16.62,-7.13
Human Resources,2026-01-01,Compute Instances,2,305.76,0.58,-0.72
Human Resources,2026-01-01,Container Registry,1,125.9,0.24,1.36
Human Resources,2026-01-01,Data Warehouse,1,103.27,0.2,-0.8
Human Resources,2026-01-01,Db2 for z/OS,1,420.67,0.8,-3.55
Human Resources,2026-01-01,F5 Load Balancing,2,560.3,1.06,-1.78
Human Resources,2026-01-01,JCL Scheduler,1,11297.04,21.41,-6.28
Human Resources,2026-01-01,Kubernetes Service,2,606.47,1.15,-0.85
Human Resources,2026-01-01,Log Analytics,1,588.53,1.12,-1.11
Human Resources,2026-01-01,MQ for z/OS,1,11344.07,21.5,-8.34
Human Resources,2026-01-01,Machine Learning Platform,2,722.23,1.37,-0.49
Human Resources,2026-01-01,Message Queue,2,680.29,1.29,-0.27
Human Resources,2026-01-01,NetApp Storage,2,1033.51,1.96,-3.02
Human Resources,2026-01-01,Object Storage,1,47.57,0.09,-0.06
Human Resources,2026-01-01,Oracle Database,1,59.69,0.11,-6.34
Human Resources,2026-01-01,RACF Security,3,6214.4,11.78,-3.84
Human Resources,2026-01-01,Red Hat Enterprise Linux,2,449.82,0.85,-2.1
Human Resources,2026-01-01,Secrets Manager,1,221.4,0.42,2.24
Human Resources,2026-01-01,Serverless Functions,1,217.64,0.41,0.89
Human Resources,2026-01-01,Streaming Ingest,2,538.02,1.02,1.08
Human Resources,2026-01-01,Tomcat,2,414.4,0.79,-3.87
Human Resources,2026-01-01,VSAM Storage,1,2708.0,5.13,-9.14
Human Resources,2026-01-01,Veeam Backup,1,883.3,1.67,2.82
Human Resources,2026-01-01,WebSphere Application Server,2,782.2,1.48,1.94
Human Resources,2026-01-01,Windows Server,4,1807.67,3.43,0.6
Human Resources,2026-01-01,z/OS Connect,1,558.53,1.06,-8.25
Human Resources,2026-02-01,API Gateway,1,156.78,0.33,-8.57
Human Resources,2026-02-01,Active Directory,1,183.81,0.38,-12.2
Human Resources,2026-02-01,Block Storage,2,462.38,0.97,-13.63
Human Resources,2026-02-01,CICS Transaction Server,1,353.8,0.74,-9.21
Human Resources,2026-02-01,COBOL Batch,1,8261.87,17.3,-5.79
Human Resources,2026-02-01,Compute Instances,2,268.08,0.56,-12.32
Human Resources,2026-02-01,Container Registry,1,114.41,0.24,-9.13
Human Resources,2026-02-01,Data Warehouse,1,93.48,0.2,-9.48
Human Resources,2026-02-01,Db2 for z/OS,1,362.4,0.76,-13.85
Human Resources,2026-02-01,F5 Load Balancing,2,500.5,1.05,-10.67
Human Resources,2026-02-01,JCL Scheduler,1,10066.94,21.07,-10.89
Human Resources,2026-02-01,Kubernetes Service,2,536.2,1.12,-11.59
Human Resources,2026-02-01,Log Analytics,1,517.66,1.08,-12.04
Human Resources,2026-02-01,MQ for z/OS,1,10323.9,21.61,-8.99
Human Resources,2026-02-01,Machine Learning Platform,2,657.86,1.38,-8.91
Human Resources,2026-02-01,Message Queue,2,648.13,1.36,-4.73
Human Resources,2026-02-01,NetApp Storage,2,946.43,1.98,-8.43
Human Resources,2026-02-01,Object Storage,1,44.51,0.09,-6.43
Human Resources,2026-02-01,Oracle Database,1,55.95,0.12,-6.27
Human Resources,2026-02-01,RACF Security,3,5576.0,11.67,-10.27
Human Resources,2026-02-01,Red Hat Enterprise Linux,2,393.37,0.82,-12.55
Human Resources,2026-02-01,Secrets Manager,1,198.27,0.42,-10.45
Human Resources,2026-02-01,Serverless Functions,1,190.68,0.4,-12.39
Human Resources,2026-02-01,Streaming Ingest,2,483.32,1.01,-10.17
Human Resources,2026-02-01,Tomcat,2,371.19,0.78,-10.43
Human Resources,2026-02-01,VSAM Storage,1,2399.77,5.02,-11.38
Human Resources,2026-02-01,Veeam Backup,1,763.94,1.6,-13.51
Human Resources,2026-02-01,WebSphere Application Server,2,711.63,1.49,-9.02
Human Resources,2026-02-01,Windows Server,4,1615.8,3.38,-10.61
Human Resources,2026-02-01,z/OS Connect,1,511.15,1.07,-8.48
Human Resources,2026-03-01,API Gateway,1,165.65,0.3,5.66
Human Resources,2026-03-01,Active Directory,1,212.17,0.38,15.43
Human Resources,2026-03-01,Block Storage,2,531.66,0.96,14.98
Human Resources,2026-03-01,CICS Transaction Server,1,411.99,0.74,16.45
Human Resources,2026-03-01,COBOL Batch,1,9368.04,16.93,13.39
Human Resources,2026-03-01,Compute Instances,2,298.9,0.54,11.5
Human Resources,2026-03-01,Container Registry,1,118.72,0.21,3.77
Human Resources,2026-03-01,Data Warehouse,1,105.8,0.19,13.18
Human Resources,2026-03-01,Db2 for z/OS,1,435.81,0.79,20.26
Human Resources,2026-03-01,F5 Load Balancing,2,573.02,1.04,14.49
Human Resources,2026-03-01,JCL Scheduler,1,12080.11,21.84,20.0
Human Resources,2026-03-01,Kubernetes Service,2,591.68,1.07,10.35
Human Resources,2026-03-01,Log Analytics,1,578.72,1.05,11.8
Human Resources,2026-03-01,MQ for z/OS,1,11955.69,21.61,15.81
Human Resources,2026-03-01,Machine Learning Platform,2,716.93,1.3,8.98
Human Resources,2026-03-01,Message Queue,2,693.42,1.25,6.99
Human Resources,2026-03-01,NetApp Storage,2,1058.05,1.91,11.79
Human Resources,2026-03-01,Object Storage,1,48.31,0.09,8.54
Human Resources,2026-03-01,Oracle Database,1,62.24,0.11,11.24
Human Resources,2026-03-01,RACF Security,3,6715.99,12.14,20.44
Human Resources,2026-03-01,Red Hat Enterprise Linux,2,458.6,0.83,16.58
Human Resources,2026-03-01,Secrets Manager,1,212.02,0.38,6.93
Human Resources,2026-03-01,Serverless Functions,1,213.89,0.39,12.17
Human Resources,2026-03-01,Streaming Ingest,2,534.73,0.97,10.64
Human Resources,2026-03-01,Tomcat,2,427.34,0.77,15.13
Human Resources,2026-03-01,VSAM Storage,1,2806.31,5.07,16.94
Human Resources,2026-03-01,Veeam Backup,1,847.25,1.53,10.91
Human Resources,2026-03-01,WebSphere Application Server,2,784.66,1.42,10.26
Human Resources,2026-03-01,Windows Server,4,1740.38,3.15,7.71
Human Resources,2026-03-01,z/OS Connect,1,572.93,1.04,12.09
Human Resources,2026-04-01,API Gateway,1,174.32,0.34,5.23
Human Resources,2026-04-01,Active Directory,1,200.12,0.39,-5.68
Human Resources,2026-04-01,Block Storage,2,512.17,0.99,-3.67
Human Resources,2026-04-01,CICS Transaction Server,1,397.54,0.77,-3.51
Human Resources,2026-04-01,COBOL Batch,1,8594.93,16.59,-8.25
Human Resources,2026-04-01,Compute Instances,2,287.02,0.55,-3.97
Human Resources,2026-04-01,Container Registry,1,120.35,0.23,1.37
Human Resources,2026-04-01,Data Warehouse,1,102.61,0.2,-3.02
Human Resources,2026-04-01,Db2 for z/OS,1,387.18,0.75,-11.16
Human Resources,2026-04-01,F5 Load Balancing,2,533.67,1.03,-6.87
Human Resources,2026-04-01,JCL Scheduler,1,10967.34,21.17,-9.21
Human Resources,2026-04-01,Kubernetes Service,2,579.33,1.12,-2.09
Human Resources,2026-04-01,Log Analytics,1,580.2,1.12,0.26
Human Resources,2026-04-01,MQ for z/OS,1,11511.08,22.22,-3.72
Human Resources,2026-04-01,Machine Learning Platform,2,704.6,1.36,-1.72
Human Resources,2026-04-01,Message Queue,2,695.05,1.34,0.24
Human Resources,2026-04-01,NetApp Storage,2,1018.81,1.97,-3.71
Human Resources,2026-04-01,Object Storage,1,45.48,0.09,-5.86
Human Resources,2026-04-01,Oracle Database,1,60.1,0.12,-3.44
Human Resources,2026-04-01,RACF Security,3,6084.56,11.74,-9.4
Human Resources,2026-04-01,Red Hat Enterprise Linux,2,430.21,0.83,-6.19
Human Resources,2026-04-01,Secrets Manager,1,208.98,0.4,-1.43
Human Resources,2026-04-01,Serverless Functions,1,210.96,0.41,-1.37
Human Resources,2026-04-01,Streaming Ingest,2,543.8,1.05,1.7
Human Resources,2026-04-01,Tomcat,2,403.19,0.78,-5.65
Human Resources,2026-04-01,VSAM Storage,1,2583.23,4.99,-7.95
Human Resources,2026-04-01,Veeam Backup,1,805.85,1.56,-4.89
Human Resources,2026-04-01,WebSphere Application Server,2,757.59,1.46,-3.45
Human Resources,2026-04-01,Windows Server,4,1745.67,3.37,0.3
Human Resources,2026-04-01,z/OS Connect,1,568.84,1.1,-0.71
Human Resources,2026-05-01,API Gateway,1,170.21,0.33,-2.36
Human Resources,2026-05-01,Active Directory,1,199.4,0.39,-0.36
Human Resources,2026-05-01,Block Storage,2,516.11,1.0,0.77
Human Resources,2026-05-01,CICS Transaction Server,1,372.26,0.72,-6.36
Human Resources,2026-05-01,COBOL Batch,1,8674.27,16.76,0.92
Human Resources,2026-05-01,Compute Instances,2,288.68,0.56,0.58
Human Resources,2026-05-01,Container Registry,1,122.83,0.24,2.06
Human Resources,2026-05-01,Data Warehouse,1,102.02,0.2,-0.57
Human Resources,2026-05-01,Db2 for z/OS,1,400.55,0.77,3.45
Human Resources,2026-05-01,F5 Load Balancing,2,542.23,1.05,1.6
Human Resources,2026-05-01,JCL Scheduler,1,10950.59,21.16,-0.15
Human Resources,2026-05-01,Kubernetes Service,2,593.81,1.15,2.5
Human Resources,2026-05-01,Log Analytics,1,575.35,1.11,-0.84
Human Resources,2026-05-01,MQ for z/OS,1,11293.09,21.82,-1.89
Human Resources,2026-05-01,Machine Learning Platform,2,710.07,1.37,0.78
Human Resources,2026-05-01,Message Queue,2,699.62,1.35,0.66
Human Resources,2026-05-01,NetApp Storage,2,1018.45,1.97,-0.04
Human Resources,2026-05-01,Object Storage,1,47.08,0.09,3.52
Human Resources,2026-05-01,Oracle Database,1,61.2,0.12,1.83
Human Resources,2026-05-01,RACF Security,3,6014.67,11.62,-1.15
Human Resources,2026-05-01,Red Hat Enterprise Linux,2,455.76,0.88,5.94
Human Resources,2026-05-01,Secrets Manager,1,220.94,0.43,5.72
Human Resources,2026-05-01,Serverless Functions,1,208.14,0.4,-1.34
Human Resources,2026-05-01,Streaming Ingest,2,529.15,1.02,-2.69
Human Resources,2026-05-01,Tomcat,2,415.99,0.8,3.17
Human Resources,2026-05-01,VSAM Storage,1,2626.93,5.08,1.69
Human Resources,2026-05-01,Veeam Backup,1,841.27,1.63,4.4
Human Resources,2026-05-01,WebSphere Application Server,2,763.71,1.48,0.81
Human Resources,2026-05-01,Windows Server,4,1781.19,3.44,2.03
Human Resources,2026-05-01,z/OS Connect,1,562.8,1.09,-1.06
Human Resources,2026-06-01,API Gateway,1,169.26,0.31,-0.56
Human Resources,2026-06-01,Active Directory,1,200.13,0.37,0.37
Human Resources,2026-06-01,Block Storage,2,522.12,0.96,1.16
Human Resources,2026-06-01,CICS Transaction Server,1,400.36,0.74,7.55
Human Resources,2026-06-01,COBOL Batch,1,9242.41,17.06,6.55
Human Resources,2026-06-01,Compute Instances,2,295.58,0.55,2.39
Human Resources,2026-06-01,Container Registry,1,123.89,0.23,0.86
Human Resources,2026-06-01,Data Warehouse,1,102.89,0.19,0.85
Human Resources,2026-06-01,Db2 for z/OS,1,418.46,0.77,4.47
Human Resources,2026-06-01,F5 Load Balancing,2,562.57,1.04,3.75
Human Resources,2026-06-01,JCL Scheduler,1,11955.61,22.07,9.18
Human Resources,2026-06-01,Kubernetes Service,2,574.96,1.06,-3.17
Human Resources,2026-06-01,Log Analytics,1,582.45,1.08,1.23
Human Resources,2026-06-01,MQ for z/OS,1,11464.13,21.17,1.51
Human Resources,2026-06-01,Machine Learning Platform,2,682.15,1.26,-3.93
Human Resources,2026-06-01,Message Queue,2,690.74,1.28,-1.27
Human Resources,2026-06-01,NetApp Storage,2,1001.65,1.85,-1.65
Human Resources,2026-06-01,Object Storage,1,46.05,0.09,-2.19
Human Resources,2026-06-01,Oracle Database,1,59.4,0.11,-2.94
Human Resources,2026-06-01,RACF Security,3,6458.63,11.92,7.38
Human Resources,2026-06-01,Red Hat Enterprise Linux,2,433.58,0.8,-4.87
Human Resources,2026-06-01,Secrets Manager,1,212.81,0.39,-3.68
Human Resources,2026-06-01,Serverless Functions,1,205.48,0.38,-1.28
Human Resources,2026-06-01,Streaming Ingest,2,538.58,0.99,1.78
Human Resources,2026-06-01,Tomcat,2,405.15,0.75,-2.61
Human Resources,2026-06-01,VSAM Storage,1,2854.96,5.27,8.68
Human Resources,2026-06-01,Veeam Backup,1,833.38,1.54,-0.94
Human Resources,2026-06-01,WebSphere Application Server,2,756.98,1.4,-0.88
Human Resources,2026-06-01,Windows Server,4,1763.67,3.26,-0.98
Human Resources,2026-06-01,z/OS Connect,1,605.09,1.12,7.51
Human Resources,2026-07-01,API Gateway,1,178.06,0.33,5.2
Human Resources,2026-07-01,Active Directory,1,215.46,0.4,7.66
Human Resources,2026-07-01,Block Storage,2,535.67,0.99,2.6
Human Resources,2026-07-01,CICS Transaction Server,1,410.15,0.76,2.45
Human Resources,2026-07-01,COBOL Batch,1,9084.16,16.79,-1.71
Human Resources,2026-07-01,Compute Instances,2,303.54,0.56,2.69
Human Resources,2026-07-01,Container Registry,1,121.69,0.22,-1.78
Human Resources,2026-07-01,Data Warehouse,1,107.61,0.2,4.59
Human Resources,2026-07-01,Db2 for z/OS,1,401.62,0.74,-4.02
Human Resources,2026-07-01,F5 Load Balancing,2,576.72,1.07,2.52
Human Resources,2026-07-01,JCL Scheduler,1,11449.65,21.17,-4.23
Human Resources,2026-07-01,Kubernetes Service,2,610.19,1.13,6.13
Human Resources,2026-07-01,Log Analytics,1,600.3,1.11,3.06
Human Resources,2026-07-01,MQ for z/OS,1,11836.5,21.88,3.25
Human Resources,2026-07-01,Machine Learning Platform,2,729.83,1.35,6.99
Human Resources,2026-07-01,Message Queue,2,719.18,1.33,4.12
Human Resources,2026-07-01,NetApp Storage,2,1036.14,1.92,3.44
Human Resources,2026-07-01,Object Storage,1,47.76,0.09,3.71
Human Resources,2026-07-01,Oracle Database,1,62.65,0.12,5.47
Human Resources,2026-07-01,RACF Security,3,6344.04,11.73,-1.77
Human Resources,2026-07-01,Red Hat Enterprise Linux,2,458.1,0.85,5.66
Human Resources,2026-07-01,Secrets Manager,1,212.82,0.39,0.0
Human Resources,2026-07-01,Serverless Functions,1,226.48,0.42,10.22
Human Resources,2026-07-01,Streaming Ingest,2,537.6,0.99,-0.18
Human Resources,2026-07-01,Tomcat,2,430.26,0.8,6.2
Human Resources,2026-07-01,VSAM Storage,1,2787.06,5.15,-2.38
Human Resources,2026-07-01,Veeam Backup,1,847.48,1.57,1.69
Human Resources,2026-07-01,WebSphere Application Server,2,804.78,1.49,6.31
Human Resources,2026-07-01,Windows Server,4,1850.55,3.42,4.93
Human Resources,2026-07-01,z/OS Connect,1,570.55,1.05,-5.71
Human Resources,2026-08-01,API Gateway,1,172.1,0.33,-3.35
Human Resources,2026-08-01,Active Directory,1,208.8,0.4,-3.09
Human Resources,2026-08-01,Block Storage,2,521.97,1.0,-2.56
Human Resources,2026-08-01,CICS Transaction Server,1,394.73,0.76,-3.76
Human Resources,2026-08-01,COBOL Batch,1,8578.25,16.47,-5.57
Human Resources,2026-08-01,Compute Instances,2,291.99,0.56,-3.81
Human Resources,2026-08-01,Container Registry,1,125.39,0.24,3.04
Human Resources,2026-08-01,Data Warehouse,1,101.95,0.2,-5.26
Human Resources,2026-08-01,Db2 for z/OS,1,408.54,0.78,1.72
Human Resources,2026-08-01,F5 Load Balancing,2,555.26,1.07,-3.72
Human Resources,2026-08-01,JCL Scheduler,1,11275.21,21.65,-1.52
Human Resources,2026-08-01,Kubernetes Service,2,586.31,1.13,-3.91
Human Resources,2026-08-01,Log Analytics,1,584.96,1.12,-2.56
Human Resources,2026-08-01,MQ for z/OS,1,11128.81,21.36,-5.98
Human Resources,2026-08-01,Machine Learning Platform,2,696.22,1.34,-4.61
Human Resources,2026-08-01,Message Queue,2,676.01,1.3,-6.0
Human Resources,2026-08-01,NetApp Storage,2,1031.95,1.98,-0.4
Human Resources,2026-08-01,Object Storage,1,46.04,0.09,-3.6
Human Resources,2026-08-01,Oracle Database,1,60.66,0.12,-3.18
Human Resources,2026-08-01,RACF Security,3,6216.73,11.93,-2.01
Human Resources,2026-08-01,Red Hat Enterprise Linux,2,442.1,0.85,-3.49
Human Resources,2026-08-01,Secrets Manager,1,203.39,0.39,-4.43
Human Resources,2026-08-01,Serverless Functions,1,216.84,0.42,-4.26
Human Resources,2026-08-01,Streaming Ingest,2,529.62,1.02,-1.48
Human Resources,2026-08-01,Tomcat,2,409.85,0.79,-4.74
Human Resources,2026-08-01,VSAM Storage,1,2646.89,5.08,-5.03
Human Resources,2026-08-01,Veeam Backup,1,835.26,1.6,-1.44
Human Resources,2026-08-01,WebSphere Application Server,2,779.06,1.5,-3.2
Human Resources,2026-08-01,Windows Server,4,1791.07,3.44,-3.21
Human Resources,2026-08-01,z/OS Connect,1,573.12,1.1,0.45
Human Resources,2026-09-01,API Gateway,1,167.04,0.31,-2.94
Human Resources,2026-09-01,Active Directory,1,206.13,0.38,-1.28
Human Resources,2026-09-01,Block Storage,2,526.87,0.98,0.94
Human Resources,2026-09-01,CICS Transaction Server,1,408.52,0.76,3.49
Human Resources,2026-09-01,COBOL Batch,1,8856.05,16.52,3.24
Human Resources,2026-09-01,Compute Instances,2,288.2,0.54,-1.3
Human Resources,2026-09-01,Container Registry,1,119.41,0.22,-4.77
Human Resources,2026-09-01,Data Warehouse,1,102.06,0.19,0.11
Human Resources,2026-09-01,Db2 for z/OS,1,428.73,0.8,4.94
Human Resources,2026-09-01,F5 Load Balancing,2,549.82,1.03,-0.98
Human Resources,2026-09-01,JCL Scheduler,1,11645.14,21.73,3.28
Human Resources,2026-09-01,Kubernetes Service,2,574.47,1.07,-2.02
Human Resources,2026-09-01,Log Analytics,1,578.96,1.08,-1.03
Human Resources,2026-09-01,MQ for z/OS,1,11639.43,21.72,4.59
Human Resources,2026-09-01,Machine Learning Platform,2,688.6,1.28,-1.09
Human Resources,2026-09-01,Message Queue,2,680.72,1.27,0.7
Human Resources,2026-09-01,NetApp Storage,2,1017.74,1.9,-1.38
Human Resources,2026-09-01,Object Storage,1,47.35,0.09,2.85
Human Resources,2026-09-01,Oracle Database,1,59.26,0.11,-2.31
Human Resources,2026-09-01,RACF Security,3,6582.7,12.28,5.89
Human Resources,2026-09-01,Red Hat Enterprise Linux,2,434.22,0.81,-1.78
Human Resources,2026-09-01,Secrets Manager,1,210.76,0.39,3.62
Human Resources,2026-09-01,Serverless Functions,1,205.24,0.38,-5.35
Human Resources,2026-09-01,Streaming Ingest,2,527.72,0.98,-0.36
Human Resources,2026-09-01,Tomcat,2,400.66,0.75,-2.24
Human Resources,2026-09-01,VSAM Storage,1,2718.22,5.07,2.69
Human Resources,2026-09-01,Veeam Backup,1,821.63,1.53,-1.63
Human Resources,2026-09-01,WebSphere Application Server,2,747.58,1.39,-4.04
Human Resources,2026-09-01,Windows Server,4,1772.75,3.31,-1.02
Human Resources,2026-09-01,z/OS Connect,1,594.75,1.11,3.77
Infrastructure,2025-10-01,Active Directory,1,225.6,0.63,
Infrastructure,2025-10-01,COBOL Batch,1,3772.17,10.61,
Infrastructure,2025-10-01,Compute Instances,1,265.15,0.75,
Infrastructure,2025-10-01,Container Registry,1,207.03,0.58,
Infrastructure,2025-10-01,Content Delivery,1,119.06,0.33,
Infrastructure,2025-10-01,Data Warehouse,2,148.42,0.42,
Infrastructure,2025-10-01,Db2 for z/OS,1,3470.5,9.76,
Infrastructure,2025-10-01,F5 Load Balancing,1,233.52,0.66,
Infrastructure,2025-10-01,IMS Transaction Manager,2,5151.89,14.48,
Infrastructure,2025-10-01,JCL Scheduler,1,2194.38,6.17,
Infrastructure,2025-10-01,Kubernetes Service,1,705.54,1.98,
Infrastructure,2025-10-01,Log Analytics,1,324.86,0.91,
Infrastructure,2025-10-01,MQ for z/OS,1,341.04,0.96,
Infrastructure,2025-10-01,Machine Learning Platform,2,128.37,0.36,
Infrastructure,2025-10-01,Managed PostgreSQL,1,76.75,0.22,
Infrastructure,2025-10-01,Message Queue,2,1250.64,3.52,
Infrastructure,2025-10-01,Object Storage,1,127.49,0.36,
Infrastructure,2025-10-01,Oracle Database,1,577.98,1.62,
Infrastructure,2025-10-01,Serverless Functions,2,223.03,0.63,
Infrastructure,2025-10-01,Streaming Ingest,1,323.52,0.91,
Infrastructure,2025-10-01,Sysplex Coupling,1,928.1,2.61,
Infrastructure,2025-10-01,VMware vSphere,1,496.25,1.4,
Infrastructure,2025-10-01,VSAM Storage,4,6083.13,17.1,
Infrastructure,2025-10-01,WebSphere Application Server,1,59.0,0.17,
Infrastructure,2025-10-01,Windows Server,1,65.76,0.18,
Infrastructure,2025-10-01,z/OS Connect,3,8069.69,22.69,
Infrastructure,2025-11-01,Active Directory,1,203.83,0.62,-9.65
Infrastructure,2025-11-01,COBOL Batch,1,3499.62,10.71,-7.23
Infrastructure,2025-11-01,Compute Instances,1,247.02,0.76,-6.84
Infrastructure,2025-11-01,Container Registry,1,191.53,0.59,-7.49
Infrastructure,2025-11-01,Content Delivery,1,114.55,0.35,-3.79
Infrastructure,2025-11-01,Data Warehouse,2,141.19,0.43,-4.87
Infrastructure,2025-11-01,Db2 for z/OS,1,3114.62,9.53,-10.25
Infrastructure,2025-11-01,F5 Load Balancing,1,223.4,0.68,-4.33
Infrastructure,2025-11-01,IMS Transaction Manager,2,4609.64,14.11,-10.53
Infrastructure,2025-11-01,JCL Scheduler,1,2102.58,6.44,-4.18
Infrastructure,2025-11-01,Kubernetes Service,1,681.95,2.09,-3.34
Infrastructure,2025-11-01,Log Analytics,1,305.72,0.94,-5.89
Infrastructure,2025-11-01,MQ for z/OS,1,300.5,0.92,-11.89
Infrastructure,2025-11-01,Machine Learning Platform,2,120.61,0.37,-6.05
Infrastructure,2025-11-01,Managed PostgreSQL,1,71.53,0.22,-6.8
Infrastructure,2025-11-01,Message Queue,2,1196.37,3.66,-4.34
Infrastructure,2025-11-01,Object Storage,1,118.55,0.36,-7.01
Infrastructure,2025-11-01,Oracle Database,1,549.62,1.68,-4.91
Infrastructure,2025-11-01,Serverless Functions,2,203.31,0.62,-8.84
Infrastructure,2025-11-01,Streaming Ingest,1,311.41,0.95,-3.74
Infrastructure,2025-11-01,Sysplex Coupling,1,854.05,2.61,-7.98
Infrastructure,2025-11-01,VMware vSphere,1,472.1,1.44,-4.87
Infrastructure,2025-11-01,VSAM Storage,4,5599.4,17.14,-7.95
Infrastructure,2025-11-01,WebSphere Application Server,1,53.46,0.16,-9.39
Infrastructure,2025-11-01,Windows Server,1,63.0,0.19,-4.2
Infrastructure,2025-11-01,z/OS Connect,3,7322.75,22.41,-9.26
Infrastructure,2025-12-01,Active Directory,1,219.36,0.59,7.62
Infrastructure,2025-12-01,COBOL Batch,1,3882.32,10.53,10.94
Infrastructure,2025-12-01,Compute Instances,1,268.56,0.73,8.72
Infrastructure,2025-12-01,Container Registry,1,204.3,0.55,6.67
Infrastructure,2025-12-01,Content Delivery,1,116.33,0.32,1.55
Infrastructure,2025-12-01,Data Warehouse,2,144.25,0.39,2.17
Infrastructure,2025-12-01,Db2 for z/OS,1,3597.71,9.76,15.51
Infrastructure,2025-12-01,F5 Load Balancing,1,237.16,0.64,6.16
Infrastructure,2025-12-01,IMS Transaction Manager,2,5363.7,14.55,16.36
Infrastructure,2025-12-01,JCL Scheduler,1,2334.2,6.33,11.02
Infrastructure,2025-12-01,Kubernetes Service,1,732.92,1.99,7.47
Infrastructure,2025-12-01,Log Analytics,1,325.24,0.88,6.38
Infrastructure,2025-12-01,MQ for z/OS,1,364.69,0.99,21.36
Infrastructure,2025-12-01,Machine Learning Platform,2,133.46,0.36,10.65
Infrastructure,2025-12-01,Managed PostgreSQL,1,79.01,0.21,10.46
Infrastructure,2025-12-01,Message Queue,2,1225.01,3.32,2.39
Infrastructure,2025-12-01,Object Storage,1,126.38,0.34,6.6
Infrastructure,2025-12-01,Oracle Database,1,572.41,1.55,4.15
Infrastructure,2025-12-01,Serverless Functions,2,217.65,0.59,7.05
Infrastructure,2025-12-01,Streaming Ingest,1,327.37,0.89,5.13
Infrastructure,2025-12-01,Sysplex Coupling,1,960.64,2.61,12.48
Infrastructure,2025-12-01,VMware vSphere,1,508.74,1.38,7.76
Infrastructure,2025-12-01,VSAM Storage,4,6486.34,17.59,15.84
Infrastructure,2025-12-01,WebSphere Application Server,1,57.22,0.16,7.03
Infrastructure,2025-12-01,Windows Server,1,68.14,0.18,8.16
Infrastructure,2025-12-01,z/OS Connect,3,8320.37,22.56,13.62
Infrastructure,2026-01-01,Active Directory,1,215.14,0.62,-1.92
Infrastructure,2026-01-01,COBOL Batch,1,3567.09,10.27,-8.12
Infrastructure,2026-01-01,Compute Instances,1,264.67,0.76,-1.45
Infrastructure,2026-01-01,Container Registry,1,206.91,0.6,1.28
Infrastructure,2026-01-01,Content Delivery,1,120.01,0.35,3.16
Infrastructure,2026-01-01,Data Warehouse,2,142.04,0.41,-1.53
Infrastructure,2026-01-01,Db2 for z/OS,1,3302.93,9.51,-8.19
Infrastructure,2026-01-01,F5 Load Balancing,1,224.94,0.65,-5.15
Infrastructure,2026-01-01,IMS Transaction Manager,2,4889.16,14.07,-8.85
Infrastructure,2026-01-01,JCL Scheduler,1,2149.07,6.18,-7.93
Infrastructure,2026-01-01,Kubernetes Service,1,709.97,2.04,-3.13
Infrastructure,2026-01-01,Log Analytics,1,316.17,0.91,-2.79
Infrastructure,2026-01-01,MQ for z/OS,1,330.69,0.95,-9.32
Infrastructure,2026-01-01,Machine Learning Platform,2,128.18,0.37,-3.96
Infrastructure,2026-01-01,Managed PostgreSQL,1,75.85,0.22,-4.0
Infrastructure,2026-01-01,Message Queue,2,1271.33,3.66,3.78
Infrastructure,2026-01-01,Object Storage,1,122.4,0.35,-3.15
Infrastructure,2026-01-01,Oracle Database,1,566.43,1.63,-1.04
Infrastructure,2026-01-01,Serverless Functions,2,212.74,0.61,-2.26
Infrastructure,2026-01-01,Streaming Ingest,1,318.47,0.92,-2.72
Infrastructure,2026-01-01,Sysplex Coupling,1,895.43,2.58,-6.79
Infrastructure,2026-01-01,VMware vSphere,1,490.79,1.41,-3.53
Infrastructure,2026-01-01,VSAM Storage,4,6009.68,17.29,-7.35
Infrastructure,2026-01-01,WebSphere Application Server,1,56.3,0.16,-1.61
Infrastructure,2026-01-01,Windows Server,1,64.67,0.19,-5.09
Infrastructure,2026-01-01,z/OS Connect,3,8097.28,23.3,-2.68
Infrastructure,2026-02-01,Active Directory,1,196.86,0.62,-8.5
Infrastructure,2026-02-01,COBOL Batch,1,3423.75,10.84,-4.02
Infrastructure,2026-02-01,Compute Instances,1,243.76,0.77,-7.9
Infrastructure,2026-02-01,Container Registry,1,185.04,0.59,-10.57
Infrastructure,2026-02-01,Content Delivery,1,109.25,0.35,-8.97
Infrastructure,2026-02-01,Data Warehouse,2,127.69,0.4,-10.1
Infrastructure,2026-02-01,Db2 for z/OS,1,3040.05,9.62,-7.96
Infrastructure,2026-02-01,F5 Load Balancing,1,211.55,0.67,-5.95
Infrastructure,2026-02-01,IMS Transaction Manager,2,4469.96,14.15,-8.57
Infrastructure,2026-02-01,JCL Scheduler,1,1985.09,6.28,-7.63
Infrastructure,2026-02-01,Kubernetes Service,1,655.26,2.07,-7.71
Infrastructure,2026-02-01,Log Analytics,1,285.67,0.9,-9.65
Infrastructure,2026-02-01,MQ for z/OS,1,307.4,0.97,-7.04
Infrastructure,2026-02-01,Machine Learning Platform,2,114.5,0.36,-10.67
Infrastructure,2026-02-01,Managed PostgreSQL,1,70.37,0.22,-7.22
Infrastructure,2026-02-01,Message Queue,2,1115.61,3.53,-12.25
Infrastructure,2026-02-01,Object Storage,1,108.81,0.34,-11.1
Infrastructure,2026-02-01,Oracle Database,1,509.25,1.61,-10.09
Infrastructure,2026-02-01,Serverless Functions,2,196.21,0.62,-7.77
Infrastructure,2026-02-01,Streaming Ingest,1,283.6,0.9,-10.95
Infrastructure,2026-02-01,Sysplex Coupling,1,835.67,2.64,-6.67
Infrastructure,2026-02-01,VMware vSphere,1,443.53,1.4,-9.63
Infrastructure,2026-02-01,VSAM Storage,4,5444.78,17.23,-9.4
Infrastructure,2026-02-01,WebSphere Application Server,1,51.29,0.16,-8.9
Infrastructure,2026-02-01,Windows Server,1,59.17,0.19,-8.5
Infrastructure,2026-02-01,z/OS Connect,3,7120.98,22.54,-12.06
Infrastructure,2026-03-01,Active Directory,1,214.69,0.59,9.06
Infrastructure,2026-03-01,COBOL Batch,1,3881.33,10.69,13.36
Infrastructure,2026-03-01,Compute Instances,1,258.73,0.71,6.14
Infrastructure,2026-03-01,Container Registry,1,198.96,0.55,7.52
Infrastructure,2026-03-01,Content Delivery,1,118.07,0.33,8.07
Infrastructure,2026-03-01,Data Warehouse,2,141.76,0.39,11.02
Infrastructure,2026-03-01,Db2 for z/OS,1,3558.23,9.8,17.05
Infrastructure,2026-03-01,F5 Load Balancing,1,236.22,0.65,11.66
Infrastructure,2026-03-01,IMS Transaction Manager,2,5195.92,14.31,16.24
Infrastructure,2026-03-01,JCL Scheduler,1,2292.8,6.31,15.5
Infrastructure,2026-03-01,Kubernetes Service,1,725.24,2.0,10.68
Infrastructure,2026-03-01,Log Analytics,1,321.25,0.88,12.45
Infrastructure,2026-03-01,MQ for z/OS,1,357.08,0.98,16.16
Infrastructure,2026-03-01,Machine Learning Platform,2,128.8,0.35,12.49
Infrastructure,2026-03-01,Managed PostgreSQL,1,76.14,0.21,8.2
Infrastructure,2026-03-01,Message Queue,2,1239.28,3.41,11.09
Infrastructure,2026-03-01,Object Storage,1,124.53,0.34,14.45
Infrastructure,2026-03-01,Oracle Database,1,552.62,1.52,8.52
Infrastructure,2026-03-01,Serverless Functions,2,220.17,0.61,12.21
Infrastructure,2026-03-01,Streaming Ingest,1,325.29,0.9,14.7
Infrastructure,2026-03-01,Sysplex Coupling,1,931.15,2.56,11.43
Infrastructure,2026-03-01,VMware vSphere,1,497.96,1.37,12.27
Infrastructure,2026-03-01,VSAM Storage,4,6246.58,17.2,14.73
Infrastructure,2026-03-01,WebSphere Application Server,1,56.62,0.16,10.39
Infrastructure,2026-03-01,Windows Server,1,65.47,0.18,10.65
Infrastructure,2026-03-01,z/OS Connect,3,8356.44,23.01,17.35
Infrastructure,2026-04-01,Active Directory,1,212.59,0.62,-0.98
Infrastructure,2026-04-01,COBOL Batch,1,3571.49,10.4,-7.98
Infrastructure,2026-04-01,Compute Instances,1,266.44,0.78,2.98
Infrastructure,2026-04-01,Container Registry,1,199.26,0.58,0.15
Infrastructure,2026-04-01,Content Delivery,1,119.36,0.35,1.09
Infrastructure,2026-04-01,Data Warehouse,2,142.75,0.42,0.7
Infrastructure,2026-04-01,Db2 for z/OS,1,3350.48,9.75,-5.84
Infrastructure,2026-04-01,F5 Load Balancing,1,233.34,0.68,-1.22
Infrastructure,2026-04-01,IMS Transaction Manager,2,5036.31,14.66,-3.07
Infrastructure,2026-04-01,JCL Scheduler,1,2195.85,6.39,-4.23
Infrastructure,2026-04-01,Kubernetes Service,1,701.24,2.04,-3.31
Infrastructure,2026-04-01,Log Analytics,1,314.36,0.92,-2.14
Infrastructure,2026-04-01,MQ for z/OS,1,327.17,0.95,-8.38
Infrastructure,2026-04-01,Machine Learning Platform,2,125.65,0.37,-2.45
Infrastructure,2026-04-01,Managed PostgreSQL,1,71.94,0.21,-5.52
Infrastructure,2026-04-01,Message Queue,2,1211.76,3.53,-2.22
Infrastructure,2026-04-01,Object Storage,1,122.31,0.36,-1.78
Infrastructure,2026-04-01,Oracle Database,1,550.11,1.6,-0.45
Infrastructure,2026-04-01,Serverless Functions,2,212.72,0.62,-3.38
Infrastructure,2026-04-01,Streaming Ingest,1,319.99,0.93,-1.63
Infrastructure,2026-04-01,Sysplex Coupling,1,899.03,2.62,-3.45
Infrastructure,2026-04-01,VMware vSphere,1,487.18,1.42,-2.16
Infrastructure,2026-04-01,VSAM Storage,4,5914.85,17.22,-5.31
Infrastructure,2026-04-01,WebSphere Application Server,1,54.96,0.16,-2.93
Infrastructure,2026-04-01,Windows Server,1,62.93,0.18,-3.88
Infrastructure,2026-04-01,z/OS Connect,3,7649.1,22.27,-8.46
Infrastructure,2026-05-01,Active Directory,1,208.72,0.62,-1.82
Infrastructure,2026-05-01,COBOL Batch,1,3643.47,10.75,2.02
Infrastructure,2026-05-01,Compute Instances,1,256.6,0.76,-3.69
Infrastructure,2026-05-01,Container Registry,1,199.71,0.59,0.23
Infrastructure,2026-05-01,Content Delivery,1,118.96,0.35,-0.34
Infrastructure,2026-05-01,Data Warehouse,2,145.56,0.43,1.97
Infrastructure,2026-05-01,Db2 for z/OS,1,3390.55,10.0,1.2
Infrastructure,2026-05-01,F5 Load Balancing,1,235.17,0.69,0.78
Infrastructure,2026-05-01,IMS Transaction Manager,2,4779.36,14.1,-5.1
Infrastructure,2026-05-01,JCL Scheduler,1,2072.94,6.12,-5.6
Infrastructure,2026-05-01,Kubernetes Service,1,698.94,2.06,-0.33
Infrastructure,2026-05-01,Log Analytics,1,314.55,0.93,0.06
Infrastructure,2026-05-01,MQ for z/OS,1,326.68,0.96,-0.15
Infrastructure,2026-05-01,Machine Learning Platform,2,123.55,0.36,-1.67
Infrastructure,2026-05-01,Managed PostgreSQL,1,74.87,0.22,4.07
Infrastructure,2026-05-01,Message Queue,2,1249.65,3.69,3.13
Infrastructure,2026-05-01,Object Storage,1,122.46,0.36,0.12
Infrastructure,2026-05-01,Oracle Database,1,580.63,1.71,5.55
Infrastructure,2026-05-01,Serverless Functions,2,211.25,0.62,-0.69
Infrastructure,2026-05-01,Streaming Ingest,1,309.3,0.91,-3.34
Infrastructure,2026-05-01,Sysplex Coupling,1,842.53,2.49,-6.28
Infrastructure,2026-05-01,VMware vSphere,1,468.33,1.38,-3.87
Infrastructure,2026-05-01,VSAM Storage,4,5645.84,16.66,-4.55
Infrastructure,2026-05-01,WebSphere Application Server,1,54.88,0.16,-0.15
Infrastructure,2026-05-01,Windows Server,1,67.12,0.2,6.66
Infrastructure,2026-05-01,z/OS Connect,3,7752.36,22.87,1.35
Infrastructure,2026-06-01,Active Directory,1,214.27,0.6,2.66
Infrastructure,2026-06-01,COBOL Batch,1,3859.29,10.78,5.92
Infrastructure,2026-06-01,Compute Instances,1,265.67,0.74,3.53
Infrastructure,2026-06-01,Container Registry,1,204.72,0.57,2.51
Infrastructure,2026-06-01,Content Delivery,1,112.94,0.32,-5.06
Infrastructure,2026-06-01,Data Warehouse,2,144.03,0.4,-1.05
Infrastructure,2026-06-01,Db2 for z/OS,1,3538.81,9.88,4.37
Infrastructure,2026-06-01,F5 Load Balancing,1,237.0,0.66,0.78
Infrastructure,2026-06-01,IMS Transaction Manager,2,5144.06,14.37,7.63
Infrastructure,2026-06-01,JCL Scheduler,1,2260.15,6.31,9.03
Infrastructure,2026-06-01,Kubernetes Service,1,694.43,1.94,-0.65
Infrastructure,2026-06-01,Log Analytics,1,300.5,0.84,-4.47
Infrastructure,2026-06-01,MQ for z/OS,1,355.71,0.99,8.89
Infrastructure,2026-06-01,Machine Learning Platform,2,124.37,0.35,0.66
Infrastructure,2026-06-01,Managed PostgreSQL,1,74.2,0.21,-0.89
Infrastructure,2026-06-01,Message Queue,2,1227.33,3.43,-1.79
Infrastructure,2026-06-01,Object Storage,1,120.66,0.34,-1.47
Infrastructure,2026-06-01,Oracle Database,1,545.79,1.52,-6.0
Infrastructure,2026-06-01,Serverless Functions,2,210.97,0.59,-0.13
Infrastructure,2026-06-01,Streaming Ingest,1,313.63,0.88,1.4
Infrastructure,2026-06-01,Sysplex Coupling,1,951.24,2.66,12.9
Infrastructure,2026-06-01,VMware vSphere,1,482.96,1.35,3.12
Infrastructure,2026-06-01,VSAM Storage,4,6274.78,17.52,11.14
Infrastructure,2026-06-01,WebSphere Application Server,1,56.48,0.16,2.92
Infrastructure,2026-06-01,Windows Server,1,66.13,0.18,-1.47
Infrastructure,2026-06-01,z/OS Connect,3,8026.41,22.42,3.54
Infrastructure,2026-07-01,Active Directory,1,219.15,0.62,2.28
Infrastructure,2026-07-01,COBOL Batch,1,3738.8,10.57,-3.12
Infrastructure,2026-07-01,Compute Instances,1,263.23,0.74,-0.92
Infrastructure,2026-07-01,Container Registry,1,208.77,0.59,1.98
Infrastructure,2026-07-01,Content Delivery,1,118.49,0.33,4.91
Infrastructure,2026-07-01,Data Warehouse,2,147.85,0.42,2.65
Infrastructure,2026-07-01,Db2 for z/OS,1,3306.22,9.35,-6.57
Infrastructure,2026-07-01,F5 Load Balancing,1,243.23,0.69,2.63
Infrastructure,2026-07-01,IMS Transaction Manager,2,5089.04,14.39,-1.07
Infrastructure,2026-07-01,JCL Scheduler,1,2189.49,6.19,-3.13
Infrastructure,2026-07-01,Kubernetes Service,1,715.34,2.02,3.01
Infrastructure,2026-07-01,Log Analytics,1,323.32,0.91,7.59
Infrastructure,2026-07-01,MQ for z/OS,1,346.58,0.98,-2.57
Infrastructure,2026-07-01,Machine Learning Platform,2,123.01,0.35,-1.09
Infrastructure,2026-07-01,Managed PostgreSQL,1,77.43,0.22,4.35
Infrastructure,2026-07-01,Message Queue,2,1259.86,3.56,2.65
Infrastructure,2026-07-01,Object Storage,1,124.33,0.35,3.04
Infrastructure,2026-07-01,Oracle Database,1,575.82,1.63,5.5
Infrastructure,2026-07-01,Serverless Functions,2,221.3,0.63,4.9
Infrastructure,2026-07-01,Streaming Ingest,1,336.2,0.95,7.2
Infrastructure,2026-07-01,Sysplex Coupling,1,924.78,2.61,-2.78
Infrastructure,2026-07-01,VMware vSphere,1,495.5,1.4,2.6
Infrastructure,2026-07-01,VSAM Storage,4,6041.99,17.08,-3.71
Infrastructure,2026-07-01,WebSphere Application Server,1,57.47,0.16,1.75
Infrastructure,2026-07-01,Windows Server,1,67.46,0.19,2.01
Infrastructure,2026-07-01,z/OS Connect,3,8157.92,23.06,1.64
Infrastructure,2026-08-01,Active Directory,1,216.62,0.63,-1.15
Infrastructure,2026-08-01,COBOL Batch,1,3620.28,10.46,-3.17
Infrastructure,2026-08-01,Compute Instances,1,266.41,0.77,1.21
Infrastructure,2026-08-01,Container Registry,1,201.42,0.58,-3.52
Infrastructure,2026-08-01,Content Delivery,1,117.38,0.34,-0.94
Infrastructure,2026-08-01,Data Warehouse,2,144.82,0.42,-2.05
Infrastructure,2026-08-01,Db2 for z/OS,1,3423.04,9.89,3.53
Infrastructure,2026-08-01,F5 Load Balancing,1,238.45,0.69,-1.97
Infrastructure,2026-08-01,IMS Transaction Manager,2,4998.98,14.45,-1.77
Infrastructure,2026-08-01,JCL Scheduler,1,2159.77,6.24,-1.36
Infrastructure,2026-08-01,Kubernetes Service,1,705.9,2.04,-1.32
Infrastructure,2026-08-01,Log Analytics,1,314.04,0.91,-2.87
Infrastructure,2026-08-01,MQ for z/OS,1,350.93,1.01,1.26
Infrastructure,2026-08-01,Machine Learning Platform,2,127.3,0.37,3.49
Infrastructure,2026-08-01,Managed PostgreSQL,1,73.99,0.21,-4.44
Infrastructure,2026-08-01,Message Queue,2,1225.44,3.54,-2.73
Infrastructure,2026-08-01,Object Storage,1,121.36,0.35,-2.39
Infrastructure,2026-08-01,Oracle Database,1,568.48,1.64,-1.27
Infrastructure,2026-08-01,Serverless Functions,2,206.5,0.6,-6.69
Infrastructure,2026-08-01,Streaming Ingest,1,319.19,0.92,-5.06
Infrastructure,2026-08-01,Sysplex Coupling,1,881.81,2.55,-4.65
Infrastructure,2026-08-01,VMware vSphere,1,470.99,1.36,-4.95
Infrastructure,2026-08-01,VSAM Storage,4,5747.43,16.61,-4.88
Infrastructure,2026-08-01,WebSphere Application Server,1,54.48,0.16,-5.2
Infrastructure,2026-08-01,Windows Server,1,68.81,0.2,2.0
Infrastructure,2026-08-01,z/OS Connect,3,7973.21,23.05,-2.26
Infrastructure,2026-09-01,Active Directory,1,212.21,0.59,-2.04
Infrastructure,2026-09-01,COBOL Batch,1,3912.42,10.93,8.07
Infrastructure,2026-09-01,Compute Instances,1,258.85,0.72,-2.84
Infrastructure,2026-09-01,Container Registry,1,190.25,0.53,-5.55
Infrastructure,2026-09-01,Content Delivery,1,118.95,0.33,1.34
Infrastructure,2026-09-01,Data Warehouse,2,137.98,0.39,-4.72
Infrastructure,2026-09-01,Db2 for z/OS,1,3436.26,9.6,0.39
Infrastructure,2026-09-01,F5 Load Balancing,1,238.82,0.67,0.16
Infrastructure,2026-09-01,IMS Transaction Manager,2,5142.07,14.36,2.86
Infrastructure,2026-09-01,JCL Scheduler,1,2257.69,6.31,4.53
Infrastructure,2026-09-01,Kubernetes Service,1,687.21,1.92,-2.65
Infrastructure,2026-09-01,Log Analytics,1,312.55,0.87,-0.47
Infrastructure,2026-09-01,MQ for z/OS,1,364.29,1.02,3.81
Infrastructure,2026-09-01,Machine Learning Platform,2,125.06,0.35,-1.76
Infrastructure,2026-09-01,Managed PostgreSQL,1,73.0,0.2,-1.34
Infrastructure,2026-09-01,Message Queue,2,1258.32,3.51,2.68
Infrastructure,2026-09-01,Object Storage,1,123.1,0.34,1.43
Infrastructure,2026-09-01,Oracle Database,1,534.36,1.49,-6.0
Infrastructure,2026-09-01,Serverless Functions,2,210.06,0.59,1.72
Infrastructure,2026-09-01,Streaming Ingest,1,319.21,0.89,0.01
Infrastructure,2026-09-01,Sysplex Coupling,1,900.65,2.52,2.14
Infrastructure,2026-09-01,VMware vSphere,1,478.47,1.34,1.59
Infrastructure,2026-09-01,VSAM Storage,4,6144.34,17.16,6.91
Infrastructure,2026-09-01,WebSphere Application Server,1,52.91,0.15,-2.88
Infrastructure,2026-09-01,Windows Server,1,64.53,0.18,-6.22
Infrastructure,2026-09-01,z/OS Connect,3,8246.21,23.03,3.42
Insurance,2025-10-01,API Gateway,4,1664.2,2.27,
Insurance,2025-10-01,Active Directory,1,416.22,0.57,
Insurance,2025-10-01,CICS Transaction Server,1,8679.96,11.83,
Insurance,2025-10-01,COBOL Batch,1,2164.04,2.95,
Insurance,2025-10-01,Compute Instances,2,604.32,0.82,
Insurance,2025-10-01,Container Registry,2,330.06,0.45,
Insurance,2025-10-01,Content Delivery,1,187.06,0.25,
Insurance,2025-10-01,Data Warehouse,2,595.78,0.81,
Insurance,2025-10-01,IMS Transaction Manager,1,2446.66,3.33,
Insurance,2025-10-01,JCL Scheduler,2,2655.97,3.62,
Insurance,2025-10-01,Kubernetes Service,4,602.22,0.82,
Insurance,2025-10-01,MQ for z/OS,1,6010.83,8.19,
Insurance,2025-10-01,Message Queue,1,122.81,0.17,
Insurance,2025-10-01,NetApp Storage,2,124.44,0.17,
Insurance,2025-10-01,Object Storage,5,4828.72,6.58,
Insurance,2025-10-01,Oracle Database,3,319.96,0.44,
Insurance,2025-10-01,RACF Security,1,4420.04,6.02,
Insurance,2025-10-01,Red Hat Enterprise Linux,1,135.5,0.18,
Insurance,2025-10-01,SMF Analytics,4,9731.2,13.26,
Insurance,2025-10-01,Secrets Manager,1,174.26,0.24,
Insurance,2025-10-01,Serverless Functions,1,44.88,0.06,
Insurance,2025-10-01,Streaming Ingest,1,714.48,0.97,
Insurance,2025-10-01,Tape Virtualisation,2,3088.65,4.21,
Insurance,2025-10-01,Tomcat,1,61.17,0.08,
Insurance,2025-10-01,VSAM Storage,2,21674.81,29.53,
Insurance,2025-10-01,Veeam Backup,5,979.36,1.33,
Insurance,2025-10-01,Windows Server,1,612.35,0.83,
Insurance,2025-11-01,API Gateway,4,1597.86,2.35,-3.99
Insurance,2025-11-01,Active Directory,1,397.62,0.58,-4.47
Insurance,2025-11-01,CICS Transaction Server,1,7850.38,11.55,-9.56
Insurance,2025-11-01,COBOL Batch,1,2030.95,2.99,-6.15
Insurance,2025-11-01,Compute Instances,2,540.49,0.8,-10.56
Insurance,2025-11-01,Container Registry,2,315.7,0.46,-4.35
Insurance,2025-11-01,Content Delivery,1,175.07,0.26,-6.41
Insurance,2025-11-01,Data Warehouse,2,556.49,0.82,-6.59
Insurance,2025-11-01,IMS Transaction Manager,1,2242.2,3.3,-8.36
Insurance,2025-11-01,JCL Scheduler,2,2536.87,3.73,-4.48
Insurance,2025-11-01,Kubernetes Service,4,558.23,0.82,-7.3
Insurance,2025-11-01,MQ for z/OS,1,5780.54,8.5,-3.83
Insurance,2025-11-01,Message Queue,1,119.36,0.18,-2.81
Insurance,2025-11-01,NetApp Storage,2,115.82,0.17,-6.93
Insurance,2025-11-01,Object Storage,5,4614.32,6.79,-4.44
Insurance,2025-11-01,Oracle Database,3,306.25,0.45,-4.28
Insurance,2025-11-01,RACF Security,1,4086.14,6.01,-7.55
Insurance,2025-11-01,Red Hat Enterprise Linux,1,124.6,0.18,-8.04
Insurance,2025-11-01,SMF Analytics,4,9076.49,13.35,-6.73
Insurance,2025-11-01,Secrets Manager,1,159.98,0.24,-8.19
Insurance,2025-11-01,Serverless Functions,1,42.46,0.06,-5.39
Insurance,2025-11-01,Streaming Ingest,1,658.89,0.97,-7.78
Insurance,2025-11-01,Tape Virtualisation,2,2764.61,4.07,-10.49
Insurance,2025-11-01,Tomcat,1,56.8,0.08,-7.14
Insurance,2025-11-01,VSAM Storage,2,19760.38,29.07,-8.83
Insurance,2025-11-01,Veeam Backup,5,921.1,1.36,-5.95
Insurance,2025-11-01,Windows Server,1,581.62,0.86,-5.02
Insurance,2025-12-01,API Gateway,4,1681.5,2.21,5.23
Insurance,2025-12-01,Active Directory,1,413.54,0.54,4.0
Insurance,2025-12-01,CICS Transaction Server,1,9040.37,11.88,15.16
Insurance,2025-12-01,COBOL Batch,1,2457.34,3.23,20.99
Insurance,2025-12-01,Compute Instances,2,600.24,0.79,11.05
Insurance,2025-12-01,Container Registry,2,335.41,0.44,6.24
Insurance,2025-12-01,Content Delivery,1,194.71,0.26,11.22
Insurance,2025-12-01,Data Warehouse,2,599.33,0.79,7.7
Insurance,2025-12-01,IMS Transaction Manager,1,2520.25,3.31,12.4
Insurance,2025-12-01,JCL Scheduler,2,2797.02,3.68,10.25
Insurance,2025-12-01,Kubernetes Service,4,594.79,0.78,6.55
Insurance,2025-12-01,MQ for z/OS,1,6116.32,8.04,5.81
Insurance,2025-12-01,Message Queue,1,120.21,0.16,0.71
Insurance,2025-12-01,NetApp Storage,2,128.46,0.17,10.91
Insurance,2025-12-01,Object Storage,5,4782.09,6.28,3.64
Insurance,2025-12-01,Oracle Database,3,326.01,0.43,6.45
Insurance,2025-12-01,RACF Security,1,4781.27,6.28,17.01
Insurance,2025-12-01,Red Hat Enterprise Linux,1,135.47,0.18,8.72
Insurance,2025-12-01,SMF Analytics,4,10077.21,13.24,11.03
Insurance,2025-12-01,Secrets Manager,1,172.15,0.23,7.61
Insurance,2025-12-01,Serverless Functions,1,44.88,0.06,5.7
Insurance,2025-12-01,Streaming Ingest,1,728.41,0.96,10.55
Insurance,2025-12-01,Tape Virtualisation,2,3055.82,4.02,10.53
Insurance,2025-12-01,Tomcat,1,60.23,0.08,6.04
Insurance,2025-12-01,VSAM Storage,2,22748.1,29.9,15.12
Insurance,2025-12-01,Veeam Backup,5,972.55,1.28,5.59
Insurance,2025-12-01,Windows Server,1,608.38,0.8,4.6
Insurance,2026-01-01,API Gateway,4,1658.28,2.33,-1.38
Insurance,2026-01-01,Active Directory,1,433.91,0.61,4.93
Insurance,2026-01-01,CICS Transaction Server,1,8681.62,12.2,-3.97
Insurance,2026-01-01,COBOL Batch,1,2139.77,3.01,-12.92
Insurance,2026-01-01,Compute Instances,2,597.57,0.84,-0.44
Insurance,2026-01-01,Container Registry,2,326.47,0.46,-2.67
Insurance,2026-01-01,Content Delivery,1,196.32,0.28,0.83
Insurance,2026-01-01,Data Warehouse,2,605.79,0.85,1.08
Insurance,2026-01-01,IMS Transaction Manager,1,2287.36,3.21,-9.24
Insurance,2026-01-01,JCL Scheduler,2,2622.14,3.69,-6.25
Insurance,2026-01-01,Kubernetes Service,4,590.89,0.83,-0.66
Insurance,2026-01-01,MQ for z/OS,1,5822.45,8.18,-4.8
Insurance,2026-01-01,Message Queue,1,124.79,0.18,3.81
Insurance,2026-01-01,NetApp Storage,2,128.75,0.18,0.23
Insurance,2026-01-01,Object Storage,5,4709.97,6.62,-1.51
Insurance,2026-01-01,Oracle Database,3,310.73,0.44,-4.69
Insurance,2026-01-01,RACF Security,1,4272.41,6.0,-10.64
Insurance,2026-01-01,Red Hat Enterprise Linux,1,137.36,0.19,1.4
Insurance,2026-01-01,SMF Analytics,4,9551.52,13.42,-5.22
Insurance,2026-01-01,Secrets Manager,1,173.0,0.24,0.49
Insurance,2026-01-01,Serverless Functions,1,44.78,0.06,-0.22
Insurance,2026-01-01,Streaming Ingest,1,666.72,0.94,-8.47
Insurance,2026-01-01,Tape Virtualisation,2,2966.8,4.17,-2.91
Insurance,2026-01-01,Tomcat,1,58.24,0.08,-3.3
Insurance,2026-01-01,VSAM Storage,2,20476.05,28.78,-9.99
Insurance,2026-01-01,Veeam Backup,5,966.32,1.36,-0.64
Insurance,2026-01-01,Windows Server,1,606.24,0.85,-0.35
Insurance,2026-02-01,API Gateway,4,1476.53,2.28,-10.96
Insurance,2026-02-01,Active Directory,1,391.23,0.6,-9.84
Insurance,2026-02-01,CICS Transaction Server,1,7636.74,11.81,-12.04
Insurance,2026-02-01,COBOL Batch,1,1823.29,2.82,-14.79
Insurance,2026-02-01,Compute Instances,2,529.4,0.82,-11.41
Insurance,2026-02-01,Container Registry,2,300.58,0.46,-7.93
Insurance,2026-02-01,Content Delivery,1,173.97,0.27,-11.38
Insurance,2026-02-01,Data Warehouse,2,529.39,0.82,-12.61
Insurance,2026-02-01,IMS Transaction Manager,1,2215.7,3.43,-3.13
Insurance,2026-02-01,JCL Scheduler,2,2369.47,3.66,-9.64
Insurance,2026-02-01,Kubernetes Service,4,531.49,0.82,-10.05
Insurance,2026-02-01,MQ for z/OS,1,5130.73,7.93,-11.88
Insurance,2026-02-01,Message Queue,1,110.0,0.17,-11.85
Insurance,2026-02-01,NetApp Storage,2,113.24,0.18,-12.05
Insurance,2026-02-01,Object Storage,5,4312.1,6.67,-8.45
Insurance,2026-02-01,Oracle Database,3,291.09,0.45,-6.32
Insurance,2026-02-01,RACF Security,1,3924.26,6.07,-8.15
Insurance,2026-02-01,Red Hat Enterprise Linux,1,120.3,0.19,-12.42
Insurance,2026-02-01,SMF Analytics,4,8829.86,13.65,-7.56
Insurance,2026-02-01,Secrets Manager,1,164.35,0.25,-5.0
Insurance,2026-02-01,Serverless Functions,1,39.85,0.06,-11.01
Insurance,2026-02-01,Streaming Ingest,1,641.7,0.99,-3.75
Insurance,2026-02-01,Tape Virtualisation,2,2651.0,4.1,-10.64
Insurance,2026-02-01,Tomcat,1,53.32,0.08,-8.45
Insurance,2026-02-01,VSAM Storage,2,18928.96,29.26,-7.56
Insurance,2026-02-01,Veeam Backup,5,870.03,1.34,-9.96
Insurance,2026-02-01,Windows Server,1,529.93,0.82,-12.59
Insurance,2026-03-01,API Gateway,4,1634.66,2.17,10.71
Insurance,2026-03-01,Active Directory,1,431.35,0.57,10.25
Insurance,2026-03-01,CICS Transaction Server,1,8807.68,11.7,15.33
Insurance,2026-03-01,COBOL Batch,1,2299.16,3.05,26.1
Insurance,2026-03-01,Compute Instances,2,592.64,0.79,11.95
Insurance,2026-03-01,Container Registry,2,322.42,0.43,7.27
Insurance,2026-03-01,Content Delivery,1,190.06,0.25,9.25
Insurance,2026-03-01,Data Warehouse,2,603.01,0.8,13.91
Insurance,2026-03-01,IMS Transaction Manager,1,2413.97,3.21,8.95
Insurance,2026-03-01,JCL Scheduler,2,2814.7,3.74,18.79
Insurance,2026-03-01,Kubernetes Service,4,573.12,0.76,7.83
Insurance,2026-03-01,MQ for z/OS,1,6382.67,8.48,24.4
Insurance,2026-03-01,Message Queue,1,123.97,0.16,12.7
Insurance,2026-03-01,NetApp Storage,2,128.37,0.17,13.36
Insurance,2026-03-01,Object Storage,5,4934.11,6.56,14.42
Insurance,2026-03-01,Oracle Database,3,320.6,0.43,10.14
Insurance,2026-03-01,RACF Security,1,4690.96,6.23,19.54
Insurance,2026-03-01,Red Hat Enterprise Linux,1,137.33,0.18,14.16
Insurance,2026-03-01,SMF Analytics,4,10248.96,13.62,16.07
Insurance,2026-03-01,Secrets Manager,1,169.3,0.22,3.01
Insurance,2026-03-01,Serverless Functions,1,47.39,0.06,18.92
Insurance,2026-03-01,Streaming Ingest,1,704.36,0.94,9.76
Insurance,2026-03-01,Tape Virtualisation,2,3126.46,4.15,17.94
Insurance,2026-03-01,Tomcat,1,57.32,0.08,7.5
Insurance,2026-03-01,VSAM Storage,2,21964.01,29.18,16.03
Insurance,2026-03-01,Veeam Backup,5,960.66,1.28,10.42
Insurance,2026-03-01,Windows Server,1,590.54,0.78,11.44
Insurance,2026-04-01,API Gateway,4,1589.61,2.25,-2.76
Insurance,2026-04-01,Active Directory,1,399.35,0.57,-7.42
Insurance,2026-04-01,CICS Transaction Server,1,8166.47,11.58,-7.28
Insurance,2026-04-01,COBOL Batch,1,2110.82,2.99,-8.19
Insurance,2026-04-01,Compute Instances,2,576.94,0.82,-2.65
Insurance,2026-04-01,Container Registry,2,321.01,0.46,-0.44
Insurance,2026-04-01,Content Delivery,1,183.74,0.26,-3.33
Insurance,2026-04-01,Data Warehouse,2,573.97,0.81,-4.82
Insurance,2026-04-01,IMS Transaction Manager,1,2383.61,3.38,-1.26
Insurance,2026-04-01,JCL Scheduler,2,2601.08,3.69,-7.59
Insurance,2026-04-01,Kubernetes Service,4,583.2,0.83,1.76
Insurance,2026-04-01,MQ for z/OS,1,5746.33,8.15,-9.97
Insurance,2026-04-01,Message Queue,1,118.4,0.17,-4.49
Insurance,2026-04-01,NetApp Storage,2,121.14,0.17,-5.63
Insurance,2026-04-01,Object Storage,5,4811.0,6.82,-2.5
Insurance,2026-04-01,Oracle Database,3,317.7,0.45,-0.9
Insurance,2026-04-01,RACF Security,1,4508.65,6.39,-3.89
Insurance,2026-04-01,Red Hat Enterprise Linux,1,135.21,0.19,-1.54
Insurance,2026-04-01,SMF Analytics,4,9279.74,13.16,-9.46
Insurance,2026-04-01,Secrets Manager,1,170.9,0.24,0.95
Insurance,2026-04-01,Serverless Functions,1,44.61,0.06,-5.87
Insurance,2026-04-01,Streaming Ingest,1,682.98,0.97,-3.04
Insurance,2026-04-01,Tape Virtualisation,2,3021.3,4.28,-3.36
Insurance,2026-04-01,Tomcat,1,57.76,0.08,0.77
Insurance,2026-04-01,VSAM Storage,2,20510.23,29.08,-6.62
Insurance,2026-04-01,Veeam Backup,5,932.54,1.32,-2.93
Insurance,2026-04-01,Windows Server,1,592.36,0.84,0.31
Insurance,2026-05-01,API Gateway,4,1613.36,2.26,1.49
Insurance,2026-05-01,Active Directory,1,411.6,0.58,3.07
Insurance,2026-05-01,CICS Transaction Server,1,8320.55,11.66,1.89
Insurance,2026-05-01,COBOL Batch,1,2090.1,2.93,-0.98
Insurance,2026-05-01,Compute Instances,2,573.97,0.8,-0.51
Insurance,2026-05-01,Container Registry,2,314.36,0.44,-2.07
Insurance,2026-05-01,Content Delivery,1,185.44,0.26,0.93
Insurance,2026-05-01,Data Warehouse,2,604.91,0.85,5.39
Insurance,2026-05-01,IMS Transaction Manager,1,2377.91,3.33,-0.24
Insurance,2026-05-01,JCL Scheduler,2,2591.13,3.63,-0.38
Insurance,2026-05-01,Kubernetes Service,4,587.41,0.82,0.72
Insurance,2026-05-01,MQ for z/OS,1,6029.75,8.45,4.93
Insurance,2026-05-01,Message Queue,1,125.98,0.18,6.4
Insurance,2026-05-01,NetApp Storage,2,125.7,0.18,3.76
Insurance,2026-05-01,Object Storage,5,4793.21,6.71,-0.37
Insurance,2026-05-01,Oracle Database,3,306.07,0.43,-3.66
Insurance,2026-05-01,RACF Security,1,4383.03,6.14,-2.79
Insurance,2026-05-01,Red Hat Enterprise Linux,1,128.32,0.18,-5.1
Insurance,2026-05-01,SMF Analytics,4,9385.75,13.15,1.14
Insurance,2026-05-01,Secrets Manager,1,172.8,0.24,1.11
Insurance,2026-05-01,Serverless Functions,1,44.22,0.06,-0.87
Insurance,2026-05-01,Streaming Ingest,1,669.03,0.94,-2.04
Insurance,2026-05-01,Tape Virtualisation,2,2860.6,4.01,-5.32
Insurance,2026-05-01,Tomcat,1,56.27,0.08,-2.58
Insurance,2026-05-01,VSAM Storage,2,21073.28,29.52,2.75
Insurance,2026-05-01,Veeam Backup,5,952.55,1.33,2.15
Insurance,2026-05-01,Windows Server,1,607.56,0.85,2.57
Insurance,2026-06-01,API Gateway,4,1602.32,2.17,-0.68
Insurance,2026-06-01,Active Directory,1,425.94,0.58,3.48
Insurance,2026-06-01,CICS Transaction Server,1,8587.6,11.61,3.21
Insurance,2026-06-01,COBOL Batch,1,2252.87,3.05,7.79
Insurance,2026-06-01,Compute Instances,2,574.65,0.78,0.12
Insurance,2026-06-01,Container Registry,2,317.94,0.43,1.14
Insurance,2026-06-01,Content Delivery,1,186.1,0.25,0.36
Insurance,2026-06-01,Data Warehouse,2,585.55,0.79,-3.2
Insurance,2026-06-01,IMS Transaction Manager,1,2533.04,3.42,6.52
Insurance,2026-06-01,JCL Scheduler,2,2740.53,3.7,5.77
Insurance,2026-06-01,Kubernetes Service,4,571.15,0.77,-2.77
Insurance,2026-06-01,MQ for z/OS,1,6211.16,8.4,3.01
Insurance,2026-06-01,Message Queue,1,119.33,0.16,-5.28
Insurance,2026-06-01,NetApp Storage,2,124.63,0.17,-0.85
Insurance,2026-06-01,Object Storage,5,4787.12,6.47,-0.13
Insurance,2026-06-01,Oracle Database,3,316.69,0.43,3.47
Insurance,2026-06-01,RACF Security,1,4491.2,6.07,2.47
Insurance,2026-06-01,Red Hat Enterprise Linux,1,134.48,0.18,4.8
Insurance,2026-06-01,SMF Analytics,4,9856.13,13.32,5.01
Insurance,2026-06-01,Secrets Manager,1,170.4,0.23,-1.39
Insurance,2026-06-01,Serverless Functions,1,42.07,0.06,-4.86
Insurance,2026-06-01,Streaming Ingest,1,693.85,0.94,3.71
Insurance,2026-06-01,Tape Virtualisation,2,3024.74,4.09,5.74
Insurance,2026-06-01,Tomcat,1,55.4,0.07,-1.55
Insurance,2026-06-01,VSAM Storage,2,22048.15,29.8,4.63
Insurance,2026-06-01,Veeam Backup,5,935.39,1.26,-1.8
Insurance,2026-06-01,Windows Server,1,588.94,0.8,-3.06
Insurance,2026-07-01,API Gateway,4,1660.97,2.26,3.66
Insurance,2026-07-01,Active Directory,1,425.13,0.58,-0.19
Insurance,2026-07-01,CICS Transaction Server,1,8535.45,11.61,-0.61
Insurance,2026-07-01,COBOL Batch,1,2197.78,2.99,-2.45
Insurance,2026-07-01,Compute Instances,2,610.16,0.83,6.18
Insurance,2026-07-01,Container Registry,2,327.13,0.45,2.89
Insurance,2026-07-01,Content Delivery,1,195.02,0.27,4.79
Insurance,2026-07-01,Data Warehouse,2,585.53,0.8,-0.0
Insurance,2026-07-01,IMS Transaction Manager,1,2496.19,3.4,-1.45
Insurance,2026-07-01,JCL Scheduler,2,2686.79,3.66,-1.96
Insurance,2026-07-01,Kubernetes Service,4,593.5,0.81,3.91
Insurance,2026-07-01,MQ for z/OS,1,6284.89,8.55,1.19
Insurance,2026-07-01,Message Queue,1,125.56,0.17,5.22
Insurance,2026-07-01,NetApp Storage,2,125.98,0.17,1.08
Insurance,2026-07-01,Object Storage,5,4788.89,6.52,0.04
Insurance,2026-07-01,Oracle Database,3,322.19,0.44,1.74
Insurance,2026-07-01,RACF Security,1,4638.97,6.31,3.29
Insurance,2026-07-01,Red Hat Enterprise Linux,1,134.83,0.18,0.26
Insurance,2026-07-01,SMF Analytics,4,9900.87,13.47,0.45
Insurance,2026-07-01,Secrets Manager,1,179.37,0.24,5.26
Insurance,2026-07-01,Serverless Functions,1,45.82,0.06,8.91
Insurance,2026-07-01,Streaming Ingest,1,694.18,0.94,0.05
Insurance,2026-07-01,Tape Virtualisation,2,3093.46,4.21,2.27
Insurance,2026-07-01,Tomcat,1,57.64,0.08,4.04
Insurance,2026-07-01,VSAM Storage,2,21202.11,28.85,-3.84
Insurance,2026-07-01,Veeam Backup,5,974.12,1.33,4.14
Insurance,2026-07-01,Windows Server,1,616.19,0.84,4.63
Insurance,2026-08-01,API Gateway,4,1610.11,2.24,-3.06
Insurance,2026-08-01,Active Directory,1,418.23,0.58,-1.62
Insurance,2026-08-01,CICS Transaction Server,1,8439.93,11.75,-1.12
Insurance,2026-08-01,COBOL Batch,1,2143.09,2.98,-2.49
Insurance,2026-08-01,Compute Instances,2,577.84,0.8,-5.3
Insurance,2026-08-01,Container Registry,2,314.6,0.44,-3.83
Insurance,2026-08-01,Content Delivery,1,184.55,0.26,-5.37
Insurance,2026-08-01,Data Warehouse,2,581.11,0.81,-0.75
Insurance,2026-08-01,IMS Transaction Manager,1,2413.4,3.36,-3.32
Insurance,2026-08-01,JCL Scheduler,2,2595.8,3.61,-3.39
Insurance,2026-08-01,Kubernetes Service,4,579.02,0.81,-2.44
Insurance,2026-08-01,MQ for z/OS,1,6132.22,8.54,-2.43
Insurance,2026-08-01,Message Queue,1,118.88,0.17,-5.32
Insurance,2026-08-01,NetApp Storage,2,125.84,0.18,-0.11
Insurance,2026-08-01,Object Storage,5,4819.15,6.71,0.63
Insurance,2026-08-01,Oracle Database,3,312.76,0.44,-2.93
Insurance,2026-08-01,RACF Security,1,4453.08,6.2,-4.01
Insurance,2026-08-01,Red Hat Enterprise Linux,1,130.37,0.18,-3.31
Insurance,2026-08-01,SMF Analytics,4,9728.18,13.55,-1.74
Insurance,2026-08-01,Secrets Manager,1,168.49,0.23,-6.07
Insurance,2026-08-01,Serverless Functions,1,45.77,0.06,-0.11
Insurance,2026-08-01,Streaming Ingest,1,702.09,0.98,1.14
Insurance,2026-08-01,Tape Virtualisation,2,2940.74,4.09,-4.94
Insurance,2026-08-01,Tomcat,1,58.1,0.08,0.8
Insurance,2026-08-01,VSAM Storage,2,20674.82,28.79,-2.49
Insurance,2026-08-01,Veeam Backup,5,949.26,1.32,-2.55
Insurance,2026-08-01,Windows Server,1,598.86,0.83,-2.81
Insurance,2026-09-01,API Gateway,4,1632.36,2.21,1.38
Insurance,2026-09-01,Active Directory,1,410.38,0.56,-1.88
Insurance,2026-09-01,CICS Transaction Server,1,8710.56,11.81,3.21
Insurance,2026-09-01,COBOL Batch,1,2221.12,3.01,3.64
Insurance,2026-09-01,Compute Instances,2,569.46,0.77,-1.45
Insurance,2026-09-01,Container Registry,2,321.15,0.44,2.08
Insurance,2026-09-01,Content Delivery,1,186.24,0.25,0.92
Insurance,2026-09-01,Data Warehouse,2,578.05,0.78,-0.53
Insurance,2026-09-01,IMS Transaction Manager,1,2468.51,3.35,2.28
Insurance,2026-09-01,JCL Scheduler,2,2664.56,3.61,2.65
Insurance,2026-09-01,Kubernetes Service,4,569.62,0.77,-1.62
Insurance,2026-09-01,MQ for z/OS,1,6329.73,8.58,3.22
Insurance,2026-09-01,Message Queue,1,123.15,0.17,3.59
Insurance,2026-09-01,NetApp Storage,2,123.69,0.17,-1.71
Insurance,2026-09-01,Object Storage,5,4605.39,6.24,-4.44
Insurance,2026-09-01,Oracle Database,3,313.66,0.43,0.29
Insurance,2026-09-01,RACF Security,1,4589.46,6.22,3.06
Insurance,2026-09-01,Red Hat Enterprise Linux,1,129.58,0.18,-0.61
Insurance,2026-09-01,SMF Analytics,4,10008.38,13.57,2.88
Insurance,2026-09-01,Secrets Manager,1,165.89,0.22,-1.54
Insurance,2026-09-01,Serverless Functions,1,43.43,0.06,-5.11
Insurance,2026-09-01,Streaming Ingest,1,664.96,0.9,-5.29
Insurance,2026-09-01,Tape Virtualisation,2,3168.29,4.3,7.74
Insurance,2026-09-01,Tomcat,1,56.83,0.08,-2.19
Insurance,2026-09-01,VSAM Storage,2,21570.54,29.25,4.33
Insurance,2026-09-01,Veeam Backup,5,936.61,1.27,-1.33
Insurance,2026-09-01,Windows Server,1,589.9,0.8,-1.5
Internal Audit,2025-10-01,COBOL Batch,2,6893.47,10.18,
Internal Audit,2025-10-01,Compute Instances,2,735.63,1.09,
Internal Audit,2025-10-01,Container Registry,1,78.88,0.12,
Internal Audit,2025-10-01,Data Warehouse,1,85.39,0.13,
Internal Audit,2025-10-01,IMS Transaction Manager,3,20610.38,30.43,
Internal Audit,2025-10-01,JCL Scheduler,2,5151.72,7.61,
Internal Audit,2025-10-01,Kubernetes Service,1,560.15,0.83,
Internal Audit,2025-10-01,Log Analytics,3,242.82,0.36,
Internal Audit,2025-10-01,Managed PostgreSQL,4,324.82,0.48,
Internal Audit,2025-10-01,Managed Redis,2,546.63,0.81,
Internal Audit,2025-10-01,Message Queue,2,247.14,0.36,
Internal Audit,2025-10-01,Nagios Monitoring,3,445.45,0.66,
Internal Audit,2025-10-01,NetApp Storage,1,723.11,1.07,
Internal Audit,2025-10-01,RACF Security,1,1574.91,2.33,
Internal Audit,2025-10-01,SMF Analytics,3,2879.68,4.25,
Internal Audit,2025-10-01,Secrets Manager,1,216.35,0.32,
Internal Audit,2025-10-01,Serverless Functions,2,261.04,0.39,
Internal Audit,2025-10-01,Sysplex Coupling,1,1671.71,2.47,
Internal Audit,2025-10-01,Tape Virtualisation,2,4426.38,6.53,
Internal Audit,2025-10-01,Tomcat,3,1099.77,1.62,
Internal Audit,2025-10-01,VSAM Storage,3,12299.17,18.16,
Internal Audit,2025-10-01,WebSphere Application Server,2,126.78,0.19,
Internal Audit,2025-10-01,Windows Server,2,707.35,1.04,
Internal Audit,2025-10-01,z/OS Connect,2,5828.31,8.6,
Internal Audit,2025-11-01,COBOL Batch,2,6371.1,10.13,-7.58
Internal Audit,2025-11-01,Compute Instances,2,696.83,1.11,-5.27
Internal Audit,2025-11-01,Container Registry,1,75.73,0.12,-3.99
Internal Audit,2025-11-01,Data Warehouse,1,80.29,0.13,-5.97
Internal Audit,2025-11-01,IMS Transaction Manager,3,18936.95,30.12,-8.12
Internal Audit,2025-11-01,JCL Scheduler,2,5065.69,8.06,-1.67
Internal Audit,2025-11-01,Kubernetes Service,1,535.39,0.85,-4.42
Internal Audit,2025-11-01,Log Analytics,3,226.78,0.36,-6.61
Internal Audit,2025-11-01,Managed PostgreSQL,4,309.39,0.49,-4.75
Internal Audit,2025-11-01,Managed Redis,2,514.37,0.82,-5.9
Internal Audit,2025-11-01,Message Queue,2,234.47,0.37,-5.13
Internal Audit,2025-11-01,Nagios Monitoring,3,416.46,0.66,-6.51
Internal Audit,2025-11-01,NetApp Storage,1,675.56,1.07,-6.58
Internal Audit,2025-11-01,RACF Security,1,1475.19,2.35,-6.33
Internal Audit,2025-11-01,SMF Analytics,3,2627.86,4.18,-8.74
Internal Audit,2025-11-01,Secrets Manager,1,208.28,0.33,-3.73
Internal Audit,2025-11-01,Serverless Functions,2,248.46,0.4,-4.82
Internal Audit,2025-11-01,Sysplex Coupling,1,1502.75,2.39,-10.11
Internal Audit,2025-11-01,Tape Virtualisation,2,4080.36,6.49,-7.82
Internal Audit,2025-11-01,Tomcat,3,1047.06,1.67,-4.79
Internal Audit,2025-11-01,VSAM Storage,3,11354.03,18.06,-7.68
Internal Audit,2025-11-01,WebSphere Application Server,2,119.13,0.19,-6.03
Internal Audit,2025-11-01,Windows Server,2,648.79,1.03,-8.28
Internal Audit,2025-11-01,z/OS Connect,2,5421.14,8.62,-6.99
Internal Audit,2025-12-01,COBOL Batch,2,7041.92,9.98,10.53
Internal Audit,2025-12-01,Compute Instances,2,720.73,1.02,3.43
Internal Audit,2025-12-01,Container Registry,1,79.94,0.11,5.56
Internal Audit,2025-12-01,Data Warehouse,1,85.82,0.12,6.89
Internal Audit,2025-12-01,IMS Transaction Manager,3,21448.92,30.39,13.26
Internal Audit,2025-12-01,JCL Scheduler,2,5308.43,7.52,4.79
Internal Audit,2025-12-01,Kubernetes Service,1,577.94,0.82,7.95
Internal Audit,2025-12-01,Log Analytics,3,243.87,0.35,7.54
Internal Audit,2025-12-01,Managed PostgreSQL,4,318.44,0.45,2.93
Internal Audit,2025-12-01,Managed Redis,2,557.66,0.79,8.42
Internal Audit,2025-12-01,Message Queue,2,251.7,0.36,7.35
Internal Audit,2025-12-01,Nagios Monitoring,3,443.91,0.63,6.59
Internal Audit,2025-12-01,NetApp Storage,1,674.16,0.96,-0.21
Internal Audit,2025-12-01,RACF Security,1,1755.59,2.49,19.01
Internal Audit,2025-12-01,SMF Analytics,3,2952.44,4.18,12.35
Internal Audit,2025-12-01,Secrets Manager,1,229.57,0.33,10.22
Internal Audit,2025-12-01,Serverless Functions,2,264.24,0.37,6.35
Internal Audit,2025-12-01,Sysplex Coupling,1,1721.66,2.44,14.57
Internal Audit,2025-12-01,Tape Virtualisation,2,4848.53,6.87,18.83
Internal Audit,2025-12-01,Tomcat,3,1097.98,1.56,4.86
Internal Audit,2025-12-01,VSAM Storage,3,12983.6,18.4,14.35
Internal Audit,2025-12-01,WebSphere Application Server,2,129.02,0.18,8.3
Internal Audit,2025-12-01,Windows Server,2,705.32,1.0,8.71
Internal Audit,2025-12-01,z/OS Connect,2,6137.8,8.7,13.22
Internal Audit,2026-01-01,COBOL Batch,2,6580.14,9.97,-6.56
Internal Audit,2026-01-01,Compute Instances,2,721.68,1.09,0.13
Internal Audit,2026-01-01,Container Registry,1,78.56,0.12,-1.73
Internal Audit,2026-01-01,Data Warehouse,1,82.7,0.13,-3.64
Internal Audit,2026-01-01,IMS Transaction Manager,3,20343.09,30.82,-5.16
Internal Audit,2026-01-01,JCL Scheduler,2,5137.74,7.78,-3.22
Internal Audit,2026-01-01,Kubernetes Service,1,565.28,0.86,-2.19
Internal Audit,2026-01-01,Log Analytics,3,239.04,0.36,-1.98
Internal Audit,2026-01-01,Managed PostgreSQL,4,319.71,0.48,0.4
Internal Audit,2026-01-01,Managed Redis,2,545.52,0.83,-2.18
Internal Audit,2026-01-01,Message Queue,2,240.7,0.36,-4.37
Internal Audit,2026-01-01,Nagios Monitoring,3,437.61,0.66,-1.42
Internal Audit,2026-01-01,NetApp Storage,1,697.03,1.06,3.39
Internal Audit,2026-01-01,RACF Security,1,1527.15,2.31,-13.01
Internal Audit,2026-01-01,SMF Analytics,3,2775.39,4.2,-6.0
Internal Audit,2026-01-01,Secrets Manager,1,226.12,0.34,-1.5
Internal Audit,2026-01-01,Serverless Functions,2,263.4,0.4,-0.32
Internal Audit,2026-01-01,Sysplex Coupling,1,1555.99,2.36,-9.62
Internal Audit,2026-01-01,Tape Virtualisation,2,4230.0,6.41,-12.76
Internal Audit,2026-01-01,Tomcat,3,1105.97,1.68,0.73
Internal Audit,2026-01-01,VSAM Storage,3,11850.66,17.95,-8.73
Internal Audit,2026-01-01,WebSphere Application Server,2,123.79,0.19,-4.05
Internal Audit,2026-01-01,Windows Server,2,704.11,1.07,-0.17
Internal Audit,2026-01-01,z/OS Connect,2,5657.51,8.57,-7.83
Internal Audit,2026-02-01,COBOL Batch,2,5983.71,9.96,-9.06
Internal Audit,2026-02-01,Compute Instances,2,666.61,1.11,-7.63
Internal Audit,2026-02-01,Container Registry,1,69.66,0.12,-11.33
Internal Audit,2026-02-01,Data Warehouse,1,77.15,0.13,-6.71
Internal Audit,2026-02-01,IMS Transaction Manager,3,18124.55,30.18,-10.91
Internal Audit,2026-02-01,JCL Scheduler,2,4812.09,8.01,-6.34
Internal Audit,2026-02-01,Kubernetes Service,1,504.09,0.84,-10.82
Internal Audit,2026-02-01,Log Analytics,3,214.37,0.36,-10.32
Internal Audit,2026-02-01,Managed PostgreSQL,4,290.05,0.48,-9.28
Internal Audit,2026-02-01,Managed Redis,2,489.55,0.82,-10.26
Internal Audit,2026-02-01,Message Queue,2,225.26,0.38,-6.41
Internal Audit,2026-02-01,Nagios Monitoring,3,396.49,0.66,-9.4
Internal Audit,2026-02-01,NetApp Storage,1,632.01,1.05,-9.33
Internal Audit,2026-02-01,RACF Security,1,1410.86,2.35,-7.61
Internal Audit,2026-02-01,SMF Analytics,3,2522.34,4.2,-9.12
Internal Audit,2026-02-01,Secrets Manager,1,199.61,0.33,-11.72
Internal Audit,2026-02-01,Serverless Functions,2,237.31,0.4,-9.91
Internal Audit,2026-02-01,Sysplex Coupling,1,1461.55,2.43,-6.07
Internal Audit,2026-02-01,Tape Virtualisation,2,3945.6,6.57,-6.72
Internal Audit,2026-02-01,Tomcat,3,1016.25,1.69,-8.11
Internal Audit,2026-02-01,VSAM Storage,3,10847.01,18.06,-8.47
Internal Audit,2026-02-01,WebSphere Application Server,2,113.7,0.19,-8.15
Internal Audit,2026-02-01,Windows Server,2,632.13,1.05,-10.22
Internal Audit,2026-02-01,z/OS Connect,2,5175.78,8.62,-8.51
Internal Audit,2026-03-01,COBOL Batch,2,6994.24,10.05,16.89
Internal Audit,2026-03-01,Compute Instances,2,714.65,1.03,7.21
Internal Audit,2026-03-01,Container Registry,1,77.73,0.11,11.58
Internal Audit,2026-03-01,Data Warehouse,1,83.69,0.12,8.48
Internal Audit,2026-03-01,IMS Transaction Manager,3,21274.48,30.57,17.38
Internal Audit,2026-03-01,JCL Scheduler,2,5467.98,7.86,13.63
Internal Audit,2026-03-01,Kubernetes Service,1,548.39,0.79,8.79
Internal Audit,2026-03-01,Log Analytics,3,241.28,0.35,12.55
Internal Audit,2026-03-01,Managed PostgreSQL,4,317.56,0.46,9.48
Internal Audit,2026-03-01,Managed Redis,2,531.9,0.76,8.65
Internal Audit,2026-03-01,Message Queue,2,246.73,0.35,9.53
Internal Audit,2026-03-01,Nagios Monitoring,3,437.62,0.63,10.37
Internal Audit,2026-03-01,NetApp Storage,1,708.07,1.02,12.03
Internal Audit,2026-03-01,RACF Security,1,1669.31,2.4,18.32
Internal Audit,2026-03-01,SMF Analytics,3,2868.52,4.12,13.72
Internal Audit,2026-03-01,Secrets Manager,1,224.86,0.32,12.65
Internal Audit,2026-03-01,Serverless Functions,2,260.47,0.37,9.76
Internal Audit,2026-03-01,Sysplex Coupling,1,1719.98,2.47,17.68
Internal Audit,2026-03-01,Tape Virtualisation,2,4690.86,6.74,18.89
Internal Audit,2026-03-01,Tomcat,3,1103.23,1.59,8.56
Internal Audit,2026-03-01,VSAM Storage,3,12673.38,18.21,16.84
Internal Audit,2026-03-01,WebSphere Application Server,2,127.81,0.18,12.41
Internal Audit,2026-03-01,Windows Server,2,683.13,0.98,8.07
Internal Audit,2026-03-01,z/OS Connect,2,5937.26,8.53,14.71
Internal Audit,2026-04-01,COBOL Batch,2,6441.81,9.81,-7.9
Internal Audit,2026-04-01,Compute Instances,2,707.8,1.08,-0.96
Internal Audit,2026-04-01,Container Registry,1,78.21,0.12,0.62
Internal Audit,2026-04-01,Data Warehouse,1,81.89,0.12,-2.15
Internal Audit,2026-04-01,IMS Transaction Manager,3,20292.95,30.89,-4.61
Internal Audit,2026-04-01,JCL Scheduler,2,5219.45,7.95,-4.55
Internal Audit,2026-04-01,Kubernetes Service,1,540.62,0.82,-1.42
Internal Audit,2026-04-01,Log Analytics,3,233.49,0.36,-3.23
Internal Audit,2026-04-01,Managed PostgreSQL,4,305.82,0.47,-3.7
Internal Audit,2026-04-01,Managed Redis,2,527.85,0.8,-0.76
Internal Audit,2026-04-01,Message Queue,2,239.26,0.36,-3.03
Internal Audit,2026-04-01,Nagios Monitoring,3,431.58,0.66,-1.38
Internal Audit,2026-04-01,NetApp Storage,1,700.51,1.07,-1.07
Internal Audit,2026-04-01,RACF Security,1,1543.55,2.35,-7.53
Internal Audit,2026-04-01,SMF Analytics,3,2712.71,4.13,-5.43
Internal Audit,2026-04-01,Secrets Manager,1,220.9,0.34,-1.76
Internal Audit,2026-04-01,Serverless Functions,2,260.6,0.4,0.05
Internal Audit,2026-04-01,Sysplex Coupling,1,1535.82,2.34,-10.71
Internal Audit,2026-04-01,Tape Virtualisation,2,4315.97,6.57,-7.99
Internal Audit,2026-04-01,Tomcat,3,1058.83,1.61,-4.02
Internal Audit,2026-04-01,VSAM Storage,3,11813.71,17.98,-6.78
Internal Audit,2026-04-01,WebSphere Application Server,2,124.58,0.19,-2.53
Internal Audit,2026-04-01,Windows Server,2,681.23,1.04,-0.28
Internal Audit,2026-04-01,z/OS Connect,2,5618.03,8.55,-5.38
Internal Audit,2026-05-01,COBOL Batch,2,6562.69,10.07,1.88
Internal Audit,2026-05-01,Compute Instances,2,722.53,1.11,2.08
Internal Audit,2026-05-01,Container Registry,1,77.59,0.12,-0.79
Internal Audit,2026-05-01,Data Warehouse,1,83.34,0.13,1.77
Internal Audit,2026-05-01,IMS Transaction Manager,3,19391.78,29.76,-4.44
Internal Audit,2026-05-01,JCL Scheduler,2,5220.62,8.01,0.02
Internal Audit,2026-05-01,Kubernetes Service,1,561.91,0.86,3.94
Internal Audit,2026-05-01,Log Analytics,3,231.89,0.36,-0.69
Internal Audit,2026-05-01,Managed PostgreSQL,4,317.74,0.49,3.9
Internal Audit,2026-05-01,Managed Redis,2,529.95,0.81,0.4
Internal Audit,2026-05-01,Message Queue,2,241.98,0.37,1.14
Internal Audit,2026-05-01,Nagios Monitoring,3,438.12,0.67,1.52
Internal Audit,2026-05-01,NetApp Storage,1,680.05,1.04,-2.92
Internal Audit,2026-05-01,RACF Security,1,1503.89,2.31,-2.57
Internal Audit,2026-05-01,SMF Analytics,3,2710.26,4.16,-0.09
Internal Audit,2026-05-01,Secrets Manager,1,220.18,0.34,-0.33
Internal Audit,2026-05-01,Serverless Functions,2,258.11,0.4,-0.96
Internal Audit,2026-05-01,Sysplex Coupling,1,1607.57,2.47,4.67
Internal Audit,2026-05-01,Tape Virtualisation,2,4470.41,6.86,3.58
Internal Audit,2026-05-01,Tomcat,3,1065.66,1.64,0.65
Internal Audit,2026-05-01,VSAM Storage,3,11880.6,18.24,0.57
Internal Audit,2026-05-01,WebSphere Application Server,2,125.9,0.19,1.06
Internal Audit,2026-05-01,Windows Server,2,678.7,1.04,-0.37
Internal Audit,2026-05-01,z/OS Connect,2,5570.38,8.55,-0.85
Internal Audit,2026-06-01,COBOL Batch,2,6884.47,10.08,4.9
Internal Audit,2026-06-01,Compute Instances,2,718.52,1.05,-0.55
Internal Audit,2026-06-01,Container Registry,1,78.89,0.12,1.68
Internal Audit,2026-06-01,Data Warehouse,1,82.5,0.12,-1.01
Internal Audit,2026-06-01,IMS Transaction Manager,3,20684.82,30.3,6.67
Internal Audit,2026-06-01,JCL Scheduler,2,5375.94,7.87,2.98
Internal Audit,2026-06-01,Kubernetes Service,1,529.46,0.78,-5.77
Internal Audit,2026-06-01,Log Analytics,3,235.81,0.35,1.69
Internal Audit,2026-06-01,Managed PostgreSQL,4,320.44,0.47,0.85
Internal Audit,2026-06-01,Managed Redis,2,531.85,0.78,0.36
Internal Audit,2026-06-01,Message Queue,2,242.91,0.36,0.38
Internal Audit,2026-06-01,Nagios Monitoring,3,429.31,0.63,-2.01
Internal Audit,2026-06-01,NetApp Storage,1,678.2,0.99,-0.27
Internal Audit,2026-06-01,RACF Security,1,1591.15,2.33,5.8
Internal Audit,2026-06-01,SMF Analytics,3,2786.74,4.08,2.82
Internal Audit,2026-06-01,Secrets Manager,1,211.76,0.31,-3.82
Internal Audit,2026-06-01,Serverless Functions,2,255.26,0.37,-1.1
Internal Audit,2026-06-01,Sysplex Coupling,1,1666.16,2.44,3.64
Internal Audit,2026-06-01,Tape Virtualisation,2,4622.11,6.77,3.39
Internal Audit,2026-06-01,Tomcat,3,1061.24,1.55,-0.41
Internal Audit,2026-06-01,VSAM Storage,3,12478.85,18.28,5.04
Internal Audit,2026-06-01,WebSphere Application Server,2,124.07,0.18,-1.45
Internal Audit,2026-06-01,Windows Server,2,665.67,0.97,-1.92
Internal Audit,2026-06-01,z/OS Connect,2,6021.23,8.82,8.09
Internal Audit,2026-07-01,COBOL Batch,2,6759.06,9.9,-1.82
Internal Audit,2026-07-01,Compute Instances,2,710.78,1.04,-1.08
Internal Audit,2026-07-01,Container Registry,1,76.6,0.11,-2.9
Internal Audit,2026-07-01,Data Warehouse,1,83.74,0.12,1.5
Internal Audit,2026-07-01,IMS Transaction Manager,3,20854.68,30.54,0.82
Internal Audit,2026-07-01,JCL Scheduler,2,5382.52,7.88,0.12
Internal Audit,2026-07-01,Kubernetes Service,1,571.59,0.84,7.96
Internal Audit,2026-07-01,Log Analytics,3,244.77,0.36,3.8
Internal Audit,2026-07-01,Managed PostgreSQL,4,330.01,0.48,2.99
Internal Audit,2026-07-01,Managed Redis,2,540.9,0.79,1.7
Internal Audit,2026-07-01,Message Queue,2,253.11,0.37,4.2
Internal Audit,2026-07-01,Nagios Monitoring,3,451.25,0.66,5.11
Internal Audit,2026-07-01,NetApp Storage,1,725.52,1.06,6.98
Internal Audit,2026-07-01,RACF Security,1,1636.31,2.4,2.84
Internal Audit,2026-07-01,SMF Analytics,3,2816.91,4.12,1.08
Internal Audit,2026-07-01,Secrets Manager,1,228.16,0.33,7.74
Internal Audit,2026-07-01,Serverless Functions,2,271.02,0.4,6.17
Internal Audit,2026-07-01,Sysplex Coupling,1,1623.17,2.38,-2.58
Internal Audit,2026-07-01,Tape Virtualisation,2,4493.03,6.58,-2.79
Internal Audit,2026-07-01,Tomcat,3,1089.79,1.6,2.69
Internal Audit,2026-07-01,VSAM Storage,3,12401.17,18.16,-0.62
Internal Audit,2026-07-01,WebSphere Application Server,2,127.3,0.19,2.6
Internal Audit,2026-07-01,Windows Server,2,696.96,1.02,4.7
Internal Audit,2026-07-01,z/OS Connect,2,5921.19,8.67,-1.66
Internal Audit,2026-08-01,COBOL Batch,2,6705.06,10.12,-0.8
Internal Audit,2026-08-01,Compute Instances,2,713.32,1.08,0.36
Internal Audit,2026-08-01,Container Registry,1,75.53,0.11,-1.4
Internal Audit,2026-08-01,Data Warehouse,1,81.5,0.12,-2.67
Internal Audit,2026-08-01,IMS Transaction Manager,3,19736.08,29.78,-5.36
Internal Audit,2026-08-01,JCL Scheduler,2,5235.54,7.9,-2.73
Internal Audit,2026-08-01,Kubernetes Service,1,568.33,0.86,-0.57
Internal Audit,2026-08-01,Log Analytics,3,239.54,0.36,-2.14
Internal Audit,2026-08-01,Managed PostgreSQL,4,320.77,0.48,-2.8
Internal Audit,2026-08-01,Managed Redis,2,536.54,0.81,-0.81
Internal Audit,2026-08-01,Message Queue,2,242.08,0.37,-4.36
Internal Audit,2026-08-01,Nagios Monitoring,3,435.13,0.66,-3.57
Internal Audit,2026-08-01,NetApp Storage,1,663.41,1.0,-8.56
Internal Audit,2026-08-01,RACF Security,1,1609.09,2.43,-1.66
Internal Audit,2026-08-01,SMF Analytics,3,2831.93,4.27,0.53
Internal Audit,2026-08-01,Secrets Manager,1,227.34,0.34,-0.36
Internal Audit,2026-08-01,Serverless Functions,2,255.71,0.39,-5.65
Internal Audit,2026-08-01,Sysplex Coupling,1,1649.27,2.49,1.61
Internal Audit,2026-08-01,Tape Virtualisation,2,4376.89,6.6,-2.58
Internal Audit,2026-08-01,Tomcat,3,1063.22,1.6,-2.44
Internal Audit,2026-08-01,VSAM Storage,3,12115.69,18.28,-2.3
Internal Audit,2026-08-01,WebSphere Application Server,2,123.7,0.19,-2.83
Internal Audit,2026-08-01,Windows Server,2,687.0,1.04,-1.43
Internal Audit,2026-08-01,z/OS Connect,2,5790.2,8.74,-2.21
Internal Audit,2026-09-01,COBOL Batch,2,7060.98,10.31,5.31
Internal Audit,2026-09-01,Compute Instances,2,690.62,1.01,-3.18
Internal Audit,2026-09-01,Container Registry,1,76.57,0.11,1.38
Internal Audit,2026-09-01,Data Warehouse,1,81.54,0.12,0.05
Internal Audit,2026-09-01,IMS Transaction Manager,3,20587.5,30.07,4.31
Internal Audit,2026-09-01,JCL Scheduler,2,5304.58,7.75,1.32
Internal Audit,2026-09-01,Kubernetes Service,1,514.65,0.75,-9.45
Internal Audit,2026-09-01,Log Analytics,3,233.61,0.34,-2.48
Internal Audit,2026-09-01,Managed PostgreSQL,4,312.97,0.46,-2.43
Internal Audit,2026-09-01,Managed Redis,2,517.07,0.76,-3.63
Internal Audit,2026-09-01,Message Queue,2,239.41,0.35,-1.1
Internal Audit,2026-09-01,Nagios Monitoring,3,423.16,0.62,-2.75
Internal Audit,2026-09-01,NetApp Storage,1,710.89,1.04,7.16
Internal Audit,2026-09-01,RACF Security,1,1643.24,2.4,2.12
Internal Audit,2026-09-01,SMF Analytics,3,2868.8,4.19,1.3
Internal Audit,2026-09-01,Secrets Manager,1,217.53,0.32,-4.32
Internal Audit,2026-09-01,Serverless Functions,2,249.89,0.36,-2.28
Internal Audit,2026-09-01,Sysplex Coupling,1,1661.77,2.43,0.76
Internal Audit,2026-09-01,Tape Virtualisation,2,4720.36,6.89,7.85
Internal Audit,2026-09-01,Tomcat,3,1038.88,1.52,-2.29
Internal Audit,2026-09-01,VSAM Storage,3,12508.92,18.27,3.25
Internal Audit,2026-09-01,WebSphere Application Server,2,124.68,0.18,0.79
Internal Audit,2026-09-01,Windows Server,2,677.87,0.99,-1.33
Internal Audit,2026-09-01,z/OS Connect,2,6007.82,8.77,3.76
Legal,2025-10-01,Block Storage,1,202.14,0.46,
Legal,2025-10-01,CICS Transaction Server,1,1676.37,3.8,
Legal,2025-10-01,Compute Instances,1,113.92,0.26,
Legal,2025-10-01,Container Registry,2,340.45,0.77,
Legal,2025-10-01,Content Delivery,2,417.75,0.95,
Legal,2025-10-01,Data Warehouse,2,583.42,1.32,
Legal,2025-10-01,Db2 for z/OS,1,11541.03,26.19,
Legal,2025-10-01,F5 Load Balancing,1,65.5,0.15,
Legal,2025-10-01,Kubernetes Service,2,221.79,0.5,
Legal,2025-10-01,MQ for z/OS,1,1841.79,4.18,
Legal,2025-10-01,Machine Learning Platform,2,415.38,0.94,
Legal,2025-10-01,Managed PostgreSQL,2,268.14,0.61,
Legal,2025-10-01,Managed Redis,1,103.16,0.23,
Legal,2025-10-01,Message Queue,1,109.15,0.25,
Legal,2025-10-01,NetApp Storage,2,346.24,0.79,
Legal,2025-10-01,Object Storage,1,217.47,0.49,
Legal,2025-10-01,Oracle Database,3,1544.24,3.5,
Legal,2025-10-01,SMF Analytics,2,9793.01,22.23,
Legal,2025-10-01,SQL Server,1,120.53,0.27,
Legal,2025-10-01,Serverless Functions,2,110.24,0.25,
Legal,2025-10-01,Streaming Ingest,1,190.86,0.43,
Legal,2025-10-01,Sysplex Coupling,2,4949.16,11.23,
Legal,2025-10-01,Tape Virtualisation,2,3814.35,8.66,
Legal,2025-10-01,Veeam Backup,1,53.72,0.12,
Legal,2025-10-01,Windows Server,2,445.12,1.01,
Legal,2025-10-01,z/OS Connect,1,4573.87,10.38,
Legal,2025-11-01,Block Storage,1,184.64,0.45,-8.66
Legal,2025-11-01,CICS Transaction Server,1,1600.0,3.94,-4.56
Legal,2025-11-01,Compute Instances,1,113.83,0.28,-0.08
Legal,2025-11-01,Container Registry,2,323.67,0.8,-4.93
Legal,2025-11-01,Content Delivery,2,402.42,0.99,-3.67
Legal,2025-11-01,Data Warehouse,2,545.08,1.34,-6.57
Legal,2025-11-01,Db2 for z/OS,1,10444.77,25.72,-9.5
Legal,2025-11-01,F5 Load Balancing,1,63.31,0.16,-3.34
Legal,2025-11-01,Kubernetes Service,2,204.03,0.5,-8.01
Legal,2025-11-01,MQ for z/OS,1,1637.46,4.03,-11.09
Legal,2025-11-01,Machine Learning Platform,2,389.39,0.96,-6.26
Legal,2025-11-01,Managed PostgreSQL,2,254.74,0.63,-5.0
Legal,2025-11-01,Managed Redis,1,101.33,0.25,-1.77
Legal,2025-11-01,Message Queue,1,102.37,0.25,-6.21
Legal,2025-11-01,NetApp Storage,2,329.84,0.81,-4.74
Legal,2025-11-01,Object Storage,1,193.72,0.48,-10.92
Legal,2025-11-01,Oracle Database,3,1444.29,3.56,-6.47
Legal,2025-11-01,SMF Analytics,2,9016.65,22.2,-7.93
Legal,2025-11-01,SQL Server,1,118.1,0.29,-2.02
Legal,2025-11-01,Serverless Functions,2,105.3,0.26,-4.48
Legal,2025-11-01,Streaming Ingest,1,182.27,0.45,-4.5
Legal,2025-11-01,Sysplex Coupling,2,4544.57,11.19,-8.17
Legal,2025-11-01,Tape Virtualisation,2,3516.92,8.66,-7.8
Legal,2025-11-01,Veeam Backup,1,48.89,0.12,-8.99
Legal,2025-11-01,Windows Server,2,423.07,1.04,-4.95
Legal,2025-11-01,z/OS Connect,1,4326.67,10.65,-5.4
Legal,2025-12-01,Block Storage,1,203.49,0.45,10.21
Legal,2025-12-01,CICS Transaction Server,1,1822.97,4.02,13.94
Legal,2025-12-01,Compute Instances,1,116.67,0.26,2.49
Legal,2025-12-01,Container Registry,2,352.79,0.78,9.0
Legal,2025-12-01,Content Delivery,2,421.59,0.93,4.76
Legal,2025-12-01,Data Warehouse,2,585.43,1.29,7.4
Legal,2025-12-01,Db2 for z/OS,1,11514.11,25.39,10.24
Legal,2025-12-01,F5 Load Balancing,1,65.51,0.14,3.47
Legal,2025-12-01,Kubernetes Service,2,220.43,0.49,8.04
Legal,2025-12-01,MQ for z/OS,1,1872.67,4.13,14.36
Legal,2025-12-01,Machine Learning Platform,2,419.56,0.93,7.75
Legal,2025-12-01,Managed PostgreSQL,2,273.89,0.6,7.52
Legal,2025-12-01,Managed Redis,1,105.43,0.23,4.05
Legal,2025-12-01,Message Queue,1,109.04,0.24,6.52
Legal,2025-12-01,NetApp Storage,2,349.9,0.77,6.08
Legal,2025-12-01,Object Storage,1,206.21,0.45,6.45
Legal,2025-12-01,Oracle Database,3,1530.54,3.38,5.97
Legal,2025-12-01,SMF Analytics,2,10407.1,22.95,15.42
Legal,2025-12-01,SQL Server,1,126.03,0.28,6.71
Legal,2025-12-01,Serverless Functions,2,107.92,0.24,2.49
Legal,2025-12-01,Streaming Ingest,1,195.58,0.43,7.3
Legal,2025-12-01,Sysplex Coupling,2,5023.89,11.08,10.55
Legal,2025-12-01,Tape Virtualisation,2,4000.06,8.82,13.74
Legal,2025-12-01,Veeam Backup,1,51.98,0.11,6.32
Legal,2025-12-01,Windows Server,2,448.74,0.99,6.07
Legal,2025-12-01,z/OS Connect,1,4817.26,10.62,11.34
Legal,2026-01-01,Block Storage,1,194.48,0.46,-4.43
Legal,2026-01-01,CICS Transaction Server,1,1622.16,3.82,-11.02
Legal,2026-01-01,Compute Instances,1,117.2,0.28,0.45
Legal,2026-01-01,Container Registry,2,329.79,0.78,-6.52
Legal,2026-01-01,Content Delivery,2,414.36,0.98,-1.71
Legal,2026-01-01,Data Warehouse,2,557.42,1.31,-4.78
Legal,2026-01-01,Db2 for z/OS,1,11316.81,26.65,-1.71
Legal,2026-01-01,F5 Load Balancing,1,65.98,0.16,0.72
Legal,2026-01-01,Kubernetes Service,2,217.53,0.51,-1.32
Legal,2026-01-01,MQ for z/OS,1,1748.14,4.12,-6.65
Legal,2026-01-01,Machine Learning Platform,2,411.45,0.97,-1.93
Legal,2026-01-01,Managed PostgreSQL,2,261.89,0.62,-4.38
Legal,2026-01-01,Managed Redis,1,104.56,0.25,-0.83
Legal,2026-01-01,Message Queue,1,103.79,0.24,-4.81
Legal,2026-01-01,NetApp Storage,2,340.42,0.8,-2.71
Legal,2026-01-01,Object Storage,1,210.55,0.5,2.1
Legal,2026-01-01,Oracle Database,3,1505.68,3.55,-1.62
Legal,2026-01-01,SMF Analytics,2,9330.55,21.97,-10.34
Legal,2026-01-01,SQL Server,1,124.77,0.29,-1.0
Legal,2026-01-01,Serverless Functions,2,108.42,0.26,0.46
Legal,2026-01-01,Streaming Ingest,1,200.0,0.47,2.26
Legal,2026-01-01,Sysplex Coupling,2,4451.08,10.48,-11.4
Legal,2026-01-01,Tape Virtualisation,2,3896.34,9.17,-2.59
Legal,2026-01-01,Veeam Backup,1,51.51,0.12,-0.9
Legal,2026-01-01,Windows Server,2,438.66,1.03,-2.25
Legal,2026-01-01,z/OS Connect,1,4344.94,10.23,-9.8
Legal,2026-02-01,Block Storage,1,177.36,0.46,-8.8
Legal,2026-02-01,CICS Transaction Server,1,1505.28,3.89,-7.21
Legal,2026-02-01,Compute Instances,1,104.68,0.27,-10.68
Legal,2026-02-01,Container Registry,2,317.99,0.82,-3.58
Legal,2026-02-01,Content Delivery,2,374.68,0.97,-9.58
Legal,2026-02-01,Data Warehouse,2,516.83,1.34,-7.28
Legal,2026-02-01,Db2 for z/OS,1,9886.39,25.55,-12.64
Legal,2026-02-01,F5 Load Balancing,1,58.22,0.15,-11.76
Legal,2026-02-01,Kubernetes Service,2,192.44,0.5,-11.53
Legal,2026-02-01,MQ for z/OS,1,1566.5,4.05,-10.39
Legal,2026-02-01,Machine Learning Platform,2,367.88,0.95,-10.59
Legal,2026-02-01,Managed PostgreSQL,2,234.18,0.61,-10.58
Legal,2026-02-01,Managed Redis,1,95.25,0.25,-8.9
Legal,2026-02-01,Message Queue,1,91.86,0.24,-11.49
Legal,2026-02-01,NetApp Storage,2,311.57,0.81,-8.47
Legal,2026-02-01,Object Storage,1,191.85,0.5,-8.88
Legal,2026-02-01,Oracle Database,3,1379.72,3.57,-8.37
Legal,2026-02-01,SMF Analytics,2,8586.35,22.19,-7.98
Legal,2026-02-01,SQL Server,1,113.32,0.29,-9.18
Legal,2026-02-01,Serverless Functions,2,99.53,0.26,-8.2
Legal,2026-02-01,Streaming Ingest,1,173.47,0.45,-13.27
Legal,2026-02-01,Sysplex Coupling,2,4343.89,11.22,-2.41
Legal,2026-02-01,Tape Virtualisation,2,3337.55,8.62,-14.34
Legal,2026-02-01,Veeam Backup,1,48.09,0.12,-6.64
Legal,2026-02-01,Windows Server,2,397.04,1.03,-9.49
Legal,2026-02-01,z/OS Connect,1,4227.37,10.92,-2.71
Legal,2026-03-01,Block Storage,1,200.9,0.45,13.27
Legal,2026-03-01,CICS Transaction Server,1,1796.27,4.02,19.33
Legal,2026-03-01,Compute Instances,1,113.37,0.25,8.3
Legal,2026-03-01,Container Registry,2,338.63,0.76,6.49
Legal,2026-03-01,Content Delivery,2,431.24,0.96,15.1
Legal,2026-03-01,Data Warehouse,2,571.03,1.28,10.49
Legal,2026-03-01,Db2 for z/OS,1,11666.68,26.1,18.01
Legal,2026-03-01,F5 Load Balancing,1,63.95,0.14,9.84
Legal,2026-03-01,Kubernetes Service,2,221.81,0.5,15.26
Legal,2026-03-01,MQ for z/OS,1,1874.06,4.19,19.63
Legal,2026-03-01,Machine Learning Platform,2,414.58,0.93,12.69
Legal,2026-03-01,Managed PostgreSQL,2,274.72,0.61,17.31
Legal,2026-03-01,Managed Redis,1,106.09,0.24,11.38
Legal,2026-03-01,Message Queue,1,103.13,0.23,12.27
Legal,2026-03-01,NetApp Storage,2,347.98,0.78,11.69
Legal,2026-03-01,Object Storage,1,206.43,0.46,7.6
Legal,2026-03-01,Oracle Database,3,1526.51,3.41,10.64
Legal,2026-03-01,SMF Analytics,2,9950.45,22.26,15.89
Legal,2026-03-01,SQL Server,1,123.43,0.28,8.92
Legal,2026-03-01,Serverless Functions,2,109.36,0.24,9.88
Legal,2026-03-01,Streaming Ingest,1,181.15,0.41,4.43
Legal,2026-03-01,Sysplex Coupling,2,4892.81,10.94,12.64
Legal,2026-03-01,Tape Virtualisation,2,4048.73,9.06,21.31
Legal,2026-03-01,Veeam Backup,1,49.67,0.11,3.29
Legal,2026-03-01,Windows Server,2,435.58,0.97,9.71
Legal,2026-03-01,z/OS Connect,1,4658.93,10.42,10.21
Legal,2026-04-01,Block Storage,1,196.83,0.47,-2.03
Legal,2026-04-01,CICS Transaction Server,1,1605.22,3.8,-10.64
Legal,2026-04-01,Compute Instances,1,110.4,0.26,-2.62
Legal,2026-04-01,Container Registry,2,339.75,0.81,0.33
Legal,2026-04-01,Content Delivery,2,407.19,0.96,-5.58
Legal,2026-04-01,Data Warehouse,2,547.14,1.3,-4.18
Legal,2026-04-01,Db2 for z/OS,1,10991.71,26.05,-5.79
Legal,2026-04-01,F5 Load Balancing,1,63.13,0.15,-1.28
Legal,2026-04-01,Kubernetes Service,2,215.59,0.51,-2.8
Legal,2026-04-01,MQ for z/OS,1,1745.21,4.14,-6.88
Legal,2026-04-01,Machine Learning Platform,2,401.24,0.95,-3.22
Legal,2026-04-01,Managed PostgreSQL,2,253.63,0.6,-7.68
Legal,2026-04-01,Managed Redis,1,104.52,0.25,-1.48
Legal,2026-04-01,Message Queue,1,102.27,0.24,-0.83
Legal,2026-04-01,NetApp Storage,2,336.53,0.8,-3.29
Legal,2026-04-01,Object Storage,1,195.4,0.46,-5.34
Legal,2026-04-01,Oracle Database,3,1476.14,3.5,-3.3
Legal,2026-04-01,SMF Analytics,2,9415.4,22.31,-5.38
Legal,2026-04-01,SQL Server,1,121.6,0.29,-1.48
Legal,2026-04-01,Serverless Functions,2,104.72,0.25,-4.24
Legal,2026-04-01,Streaming Ingest,1,189.4,0.45,4.55
Legal,2026-04-01,Sysplex Coupling,2,4585.61,10.87,-6.28
Legal,2026-04-01,Tape Virtualisation,2,3755.16,8.9,-7.25
Legal,2026-04-01,Veeam Backup,1,53.05,0.13,6.8
Legal,2026-04-01,Windows Server,2,431.24,1.02,-1.0
Legal,2026-04-01,z/OS Connect,1,4450.22,10.55,-4.48
Legal,2026-05-01,Block Storage,1,195.23,0.47,-0.81
Legal,2026-05-01,CICS Transaction Server,1,1597.0,3.82,-0.51
Legal,2026-05-01,Compute Instances,1,111.58,0.27,1.07
Legal,2026-05-01,Container Registry,2,328.92,0.79,-3.19
Legal,2026-05-01,Content Delivery,2,397.78,0.95,-2.31
Legal,2026-05-01,Data Warehouse,2,556.87,1.33,1.78
Legal,2026-05-01,Db2 for z/OS,1,10744.52,25.72,-2.25
Legal,2026-05-01,F5 Load Balancing,1,64.03,0.15,1.43
Legal,2026-05-01,Kubernetes Service,2,219.86,0.53,1.98
Legal,2026-05-01,MQ for z/OS,1,1742.83,4.17,-0.14
Legal,2026-05-01,Machine Learning Platform,2,392.92,0.94,-2.07
Legal,2026-05-01,Managed PostgreSQL,2,265.01,0.63,4.49
Legal,2026-05-01,Managed Redis,1,103.09,0.25,-1.37
Legal,2026-05-01,Message Queue,1,101.31,0.24,-0.94
Legal,2026-05-01,NetApp Storage,2,341.99,0.82,1.62
Legal,2026-05-01,Object Storage,1,207.03,0.5,5.95
Legal,2026-05-01,Oracle Database,3,1496.17,3.58,1.36
Legal,2026-05-01,SMF Analytics,2,9299.13,22.26,-1.23
Legal,2026-05-01,SQL Server,1,121.43,0.29,-0.14
Legal,2026-05-01,Serverless Functions,2,109.97,0.26,5.01
Legal,2026-05-01,Streaming Ingest,1,187.49,0.45,-1.01
Legal,2026-05-01,Sysplex Coupling,2,4611.41,11.04,0.56
Legal,2026-05-01,Tape Virtualisation,2,3700.09,8.86,-1.47
Legal,2026-05-01,Veeam Backup,1,52.74,0.13,-0.58
Legal,2026-05-01,Windows Server,2,441.38,1.06,2.35
Legal,2026-05-01,z/OS Connect,1,4388.62,10.5,-1.38
Legal,2026-06-01,Block Storage,1,200.81,0.46,2.86
Legal,2026-06-01,CICS Transaction Server,1,1716.33,3.89,7.47
Legal,2026-06-01,Compute Instances,1,114.5,0.26,2.62
Legal,2026-06-01,Container Registry,2,324.68,0.74,-1.29
Legal,2026-06-01,Content Delivery,2,389.47,0.88,-2.09
Legal,2026-06-01,Data Warehouse,2,563.2,1.28,1.14
Legal,2026-06-01,Db2 for z/OS,1,11251.3,25.52,4.72
Legal,2026-06-01,F5 Load Balancing,1,65.98,0.15,3.05
Legal,2026-06-01,Kubernetes Service,2,213.42,0.48,-2.93
Legal,2026-06-01,MQ for z/OS,1,1774.91,4.03,1.84
Legal,2026-06-01,Machine Learning Platform,2,391.66,0.89,-0.32
Legal,2026-06-01,Managed PostgreSQL,2,261.93,0.59,-1.16
Legal,2026-06-01,Managed Redis,1,101.93,0.23,-1.13
Legal,2026-06-01,Message Queue,1,97.95,0.22,-3.32
Legal,2026-06-01,NetApp Storage,2,330.84,0.75,-3.26
Legal,2026-06-01,Object Storage,1,204.48,0.46,-1.23
Legal,2026-06-01,Oracle Database,3,1484.26,3.37,-0.8
Legal,2026-06-01,SMF Analytics,2,10205.51,23.14,9.75
Legal,2026-06-01,SQL Server,1,119.22,0.27,-1.82
Legal,2026-06-01,Serverless Functions,2,106.78,0.24,-2.9
Legal,2026-06-01,Streaming Ingest,1,191.46,0.43,2.12
Legal,2026-06-01,Sysplex Coupling,2,4955.68,11.24,7.47
Legal,2026-06-01,Tape Virtualisation,2,3867.35,8.77,4.52
Legal,2026-06-01,Veeam Backup,1,51.51,0.12,-2.33
Legal,2026-06-01,Windows Server,2,428.81,0.97,-2.85
Legal,2026-06-01,z/OS Connect,1,4680.03,10.61,6.64
Legal,2026-07-01,Block Storage,1,199.5,0.46,-0.65
Legal,2026-07-01,CICS Transaction Server,1,1668.78,3.82,-2.77
Legal,2026-07-01,Compute Instances,1,116.94,0.27,2.13
Legal,2026-07-01,Container Registry,2,357.7,0.82,10.17
Legal,2026-07-01,Content Delivery,2,417.04,0.95,7.08
Legal,2026-07-01,Data Warehouse,2,571.72,1.31,1.51
Legal,2026-07-01,Db2 for z/OS,1,11219.98,25.69,-0.28
Legal,2026-07-01,F5 Load Balancing,1,67.66,0.15,2.55
Legal,2026-07-01,Kubernetes Service,2,216.23,0.5,1.32
Legal,2026-07-01,MQ for z/OS,1,1757.98,4.02,-0.95
Legal,2026-07-01,Machine Learning Platform,2,418.81,0.96,6.93
Legal,2026-07-01,Managed PostgreSQL,2,267.52,0.61,2.13
Legal,2026-07-01,Managed Redis,1,108.84,0.25,6.78
Legal,2026-07-01,Message Queue,1,107.54,0.25,9.79
Legal,2026-07-01,NetApp Storage,2,347.92,0.8,5.16
Legal,2026-07-01,Object Storage,1,206.03,0.47,0.76
Legal,2026-07-01,Oracle Database,3,1504.24,3.44,1.35
Legal,2026-07-01,SMF Analytics,2,10169.27,23.28,-0.36
Legal,2026-07-01,SQL Server,1,120.21,0.28,0.83
Legal,2026-07-01,Serverless Functions,2,112.28,0.26,5.15
Legal,2026-07-01,Streaming Ingest,1,192.33,0.44,0.45
Legal,2026-07-01,Sysplex Coupling,2,4821.17,11.04,-2.71
Legal,2026-07-01,Tape Virtualisation,2,3768.77,8.63,-2.55
Legal,2026-07-01,Veeam Backup,1,53.26,0.12,3.4
Legal,2026-07-01,Windows Server,2,434.3,0.99,1.28
Legal,2026-07-01,z/OS Connect,1,4450.51,10.19,-4.9
Legal,2026-08-01,Block Storage,1,196.13,0.46,-1.69
Legal,2026-08-01,CICS Transaction Server,1,1651.35,3.88,-1.04
Legal,2026-08-01,Compute Instances,1,119.61,0.28,2.28
Legal,2026-08-01,Container Registry,2,339.8,0.8,-5.0
Legal,2026-08-01,Content Delivery,2,418.95,0.99,0.46
Legal,2026-08-01,Data Warehouse,2,562.69,1.32,-1.58
Legal,2026-08-01,Db2 for z/OS,1,10917.01,25.68,-2.7
Legal,2026-08-01,F5 Load Balancing,1,65.62,0.15,-3.02
Legal,2026-08-01,Kubernetes Service,2,211.52,0.5,-2.18
Legal,2026-08-01,MQ for z/OS,1,1707.62,4.02,-2.86
Legal,2026-08-01,Machine Learning Platform,2,405.56,0.95,-3.16
Legal,2026-08-01,Managed PostgreSQL,2,261.14,0.61,-2.38
Legal,2026-08-01,Managed Redis,1,104.06,0.24,-4.39
Legal,2026-08-01,Message Queue,1,105.55,0.25,-1.85
Legal,2026-08-01,NetApp Storage,2,340.85,0.8,-2.03
Legal,2026-08-01,Object Storage,1,208.84,0.49,1.36
Legal,2026-08-01,Oracle Database,3,1485.08,3.49,-1.27
Legal,2026-08-01,SMF Analytics,2,9730.98,22.89,-4.31
Legal,2026-08-01,SQL Server,1,122.18,0.29,1.64
Legal,2026-08-01,Serverless Functions,2,105.29,0.25,-6.23
Legal,2026-08-01,Streaming Ingest,1,199.6,0.47,3.78
Legal,2026-08-01,Sysplex Coupling,2,4693.54,11.04,-2.65
Legal,2026-08-01,Tape Virtualisation,2,3695.71,8.69,-1.94
Legal,2026-08-01,Veeam Backup,1,54.97,0.13,3.21
Legal,2026-08-01,Windows Server,2,436.01,1.03,0.39
Legal,2026-08-01,z/OS Connect,1,4372.56,10.29,-1.75
Legal,2026-09-01,Block Storage,1,196.69,0.45,0.29
Legal,2026-09-01,CICS Transaction Server,1,1688.55,3.87,2.25
Legal,2026-09-01,Compute Instances,1,112.81,0.26,-5.69
Legal,2026-09-01,Container Registry,2,333.6,0.77,-1.82
Legal,2026-09-01,Content Delivery,2,413.87,0.95,-1.21
Legal,2026-09-01,Data Warehouse,2,549.99,1.26,-2.26
Legal,2026-09-01,Db2 for z/OS,1,11218.58,25.73,2.76
Legal,2026-09-01,F5 Load Balancing,1,63.31,0.15,-3.52
Legal,2026-09-01,Kubernetes Service,2,207.18,0.48,-2.05
Legal,2026-09-01,MQ for z/OS,1,1854.98,4.25,8.63
Legal,2026-09-01,Machine Learning Platform,2,407.17,0.93,0.4
Legal,2026-09-01,Managed PostgreSQL,2,267.05,0.61,2.26
Legal,2026-09-01,Managed Redis,1,107.98,0.25,3.77
Legal,2026-09-01,Message Queue,1,101.65,0.23,-3.69
Legal,2026-09-01,NetApp Storage,2,335.02,0.77,-1.71
Legal,2026-09-01,Object Storage,1,202.17,0.46,-3.19
Legal,2026-09-01,Oracle Database,3,1456.91,3.34,-1.9
Legal,2026-09-01,SMF Analytics,2,9976.23,22.88,2.52
Legal,2026-09-01,SQL Server,1,119.37,0.27,-2.3
Legal,2026-09-01,Serverless Functions,2,108.32,0.25,2.88
Legal,2026-09-01,Streaming Ingest,1,189.88,0.44,-4.87
Legal,2026-09-01,Sysplex Coupling,2,4759.51,10.91,1.41
Legal,2026-09-01,Tape Virtualisation,2,3871.32,8.88,4.75
Legal,2026-09-01,Veeam Backup,1,51.43,0.12,-6.44
Legal,2026-09-01,Windows Server,2,427.71,0.98,-1.9
Legal,2026-09-01,z/OS Connect,1,4584.1,10.51,4.84
Marketing,2025-10-01,API Gateway,1,174.16,0.42,
Marketing,2025-10-01,Block Storage,1,473.11,1.14,
Marketing,2025-10-01,COBOL Batch,1,925.92,2.23,
Marketing,2025-10-01,Container Registry,1,113.78,0.27,
Marketing,2025-10-01,Content Delivery,1,399.6,0.96,
Marketing,2025-10-01,Data Warehouse,1,141.31,0.34,
Marketing,2025-10-01,Db2 for z/OS,2,15670.28,37.81,
Marketing,2025-10-01,F5 Load Balancing,1,607.6,1.47,
Marketing,2025-10-01,IMS Transaction Manager,2,5246.6,12.66,
Marketing,2025-10-01,JCL Scheduler,1,4194.18,10.12,
Marketing,2025-10-01,Log Analytics,3,558.26,1.35,
Marketing,2025-10-01,Managed Redis,1,100.35,0.24,
Marketing,2025-10-01,Nagios Monitoring,6,2930.93,7.07,
Marketing,2025-10-01,NetApp Storage,2,175.02,0.42,
Marketing,2025-10-01,Object Storage,1,51.61,0.12,
Marketing,2025-10-01,Oracle Database,2,636.77,1.54,
Marketing,2025-10-01,RACF Security,1,1643.87,3.97,
Marketing,2025-10-01,Secrets Manager,4,620.86,1.5,
Marketing,2025-10-01,Tape Virtualisation,1,853.59,2.06,
Marketing,2025-10-01,Veeam Backup,1,63.56,0.15,
Marketing,2025-10-01,WebSphere Application Server,3,1185.89,2.86,
Marketing,2025-10-01,Windows Server,1,654.32,1.58,
Marketing,2025-10-01,z/OS Connect,2,4019.11,9.7,
Marketing,2025-11-01,API Gateway,1,165.57,0.43,-4.93
Marketing,2025-11-01,Block Storage,1,430.96,1.11,-8.91
Marketing,2025-11-01,COBOL Batch,1,832.57,2.14,-10.08
Marketing,2025-11-01,Container Registry,1,105.79,0.27,-7.02
Marketing,2025-11-01,Content Delivery,1,379.82,0.98,-4.95
Marketing,2025-11-01,Data Warehouse,1,130.62,0.34,-7.56
Marketing,2025-11-01,Db2 for z/OS,2,14727.14,37.89,-6.02
Marketing,2025-11-01,F5 Load Balancing,1,591.47,1.52,-2.65
Marketing,2025-11-01,IMS Transaction Manager,2,5027.34,12.93,-4.18
Marketing,2025-11-01,JCL Scheduler,1,3903.86,10.04,-6.92
Marketing,2025-11-01,Log Analytics,3,524.63,1.35,-6.02
Marketing,2025-11-01,Managed Redis,1,92.76,0.24,-7.56
Marketing,2025-11-01,Nagios Monitoring,6,2791.06,7.18,-4.77
Marketing,2025-11-01,NetApp Storage,2,166.94,0.43,-4.62
Marketing,2025-11-01,Object Storage,1,49.58,0.13,-3.93
Marketing,2025-11-01,Oracle Database,2,596.03,1.53,-6.4
Marketing,2025-11-01,RACF Security,1,1576.91,4.06,-4.07
Marketing,2025-11-01,Secrets Manager,4,559.29,1.44,-9.92
Marketing,2025-11-01,Tape Virtualisation,1,775.54,2.0,-9.14
Marketing,2025-11-01,Veeam Backup,1,62.45,0.16,-1.75
Marketing,2025-11-01,WebSphere Application Server,3,1097.54,2.82,-7.45
Marketing,2025-11-01,Windows Server,1,623.93,1.61,-4.64
Marketing,2025-11-01,z/OS Connect,2,3657.32,9.41,-9.0
Marketing,2025-12-01,API Gateway,1,176.41,0.41,6.55
Marketing,2025-12-01,Block Storage,1,463.41,1.08,7.53
Marketing,2025-12-01,COBOL Batch,1,952.5,2.22,14.4
Marketing,2025-12-01,Container Registry,1,114.62,0.27,8.35
Marketing,2025-12-01,Content Delivery,1,409.14,0.95,7.72
Marketing,2025-12-01,Data Warehouse,1,141.12,0.33,8.04
Marketing,2025-12-01,Db2 for z/OS,2,16214.25,37.77,10.1
Marketing,2025-12-01,F5 Load Balancing,1,621.86,1.45,5.14
Marketing,2025-12-01,IMS Transaction Manager,2,5498.07,12.81,9.36
Marketing,2025-12-01,JCL Scheduler,1,4440.8,10.34,13.75
Marketing,2025-12-01,Log Analytics,3,563.7,1.31,7.45
Marketing,2025-12-01,Managed Redis,1,99.1,0.23,6.83
Marketing,2025-12-01,Nagios Monitoring,6,2939.15,6.85,5.31
Marketing,2025-12-01,NetApp Storage,2,171.9,0.4,2.97
Marketing,2025-12-01,Object Storage,1,52.58,0.12,6.05
Marketing,2025-12-01,Oracle Database,2,647.59,1.51,8.65
Marketing,2025-12-01,RACF Security,1,1791.26,4.17,13.59
Marketing,2025-12-01,Secrets Manager,4,613.04,1.43,9.61
Marketing,2025-12-01,Tape Virtualisation,1,905.3,2.11,16.73
Marketing,2025-12-01,Veeam Backup,1,64.18,0.15,2.77
Marketing,2025-12-01,WebSphere Application Server,3,1215.3,2.83,10.73
Marketing,2025-12-01,Windows Server,1,679.85,1.58,8.96
Marketing,2025-12-01,z/OS Connect,2,4159.37,9.69,13.73
Marketing,2026-01-01,API Gateway,1,174.64,0.43,-1.0
Marketing,2026-01-01,Block Storage,1,438.52,1.08,-5.37
Marketing,2026-01-01,COBOL Batch,1,882.25,2.17,-7.38
Marketing,2026-01-01,Container Registry,1,113.4,0.28,-1.06
Marketing,2026-01-01,Content Delivery,1,393.8,0.97,-3.75
Marketing,2026-01-01,Data Warehouse,1,135.7,0.33,-3.84
Marketing,2026-01-01,Db2 for z/OS,2,15385.94,37.9,-5.11
Marketing,2026-01-01,F5 Load Balancing,1,624.12,1.54,0.36
Marketing,2026-01-01,IMS Transaction Manager,2,5215.26,12.85,-5.14
Marketing,2026-01-01,JCL Scheduler,1,4059.67,10.0,-8.58
Marketing,2026-01-01,Log Analytics,3,549.4,1.35,-2.54
Marketing,2026-01-01,Managed Redis,1,94.06,0.23,-5.09
Marketing,2026-01-01,Nagios Monitoring,6,2870.53,7.07,-2.33
Marketing,2026-01-01,NetApp Storage,2,171.12,0.42,-0.45
Marketing,2026-01-01,Object Storage,1,51.25,0.13,-2.53
Marketing,2026-01-01,Oracle Database,2,628.5,1.55,-2.95
Marketing,2026-01-01,RACF Security,1,1605.32,3.95,-10.38
Marketing,2026-01-01,Secrets Manager,4,596.46,1.47,-2.7
Marketing,2026-01-01,Tape Virtualisation,1,811.22,2.0,-10.39
Marketing,2026-01-01,Veeam Backup,1,61.84,0.15,-3.65
Marketing,2026-01-01,WebSphere Application Server,3,1154.36,2.84,-5.01
Marketing,2026-01-01,Windows Server,1,661.69,1.63,-2.67
Marketing,2026-01-01,z/OS Connect,2,3915.16,9.64,-5.87
Marketing,2026-02-01,API Gateway,1,160.01,0.43,-8.38
Marketing,2026-02-01,Block Storage,1,406.96,1.1,-7.2
Marketing,2026-02-01,COBOL Batch,1,796.34,2.15,-9.74
Marketing,2026-02-01,Container Registry,1,103.83,0.28,-8.44
Marketing,2026-02-01,Content Delivery,1,349.56,0.94,-11.23
Marketing,2026-02-01,Data Warehouse,1,128.57,0.35,-5.25
Marketing,2026-02-01,Db2 for z/OS,2,14097.94,38.1,-8.37
Marketing,2026-02-01,F5 Load Balancing,1,541.11,1.46,-13.3
Marketing,2026-02-01,IMS Transaction Manager,2,4731.19,12.79,-9.28
Marketing,2026-02-01,JCL Scheduler,1,3812.68,10.3,-6.08
Marketing,2026-02-01,Log Analytics,3,503.18,1.36,-8.41
Marketing,2026-02-01,Managed Redis,1,85.61,0.23,-8.98
Marketing,2026-02-01,Nagios Monitoring,6,2584.89,6.99,-9.95
Marketing,2026-02-01,NetApp Storage,2,155.41,0.42,-9.18
Marketing,2026-02-01,Object Storage,1,46.02,0.12,-10.2
Marketing,2026-02-01,Oracle Database,2,556.79,1.5,-11.41
Marketing,2026-02-01,RACF Security,1,1460.07,3.95,-9.05
Marketing,2026-02-01,Secrets Manager,4,539.18,1.46,-9.6
Marketing,2026-02-01,Tape Virtualisation,1,727.8,1.97,-10.28
Marketing,2026-02-01,Veeam Backup,1,56.45,0.15,-8.72
Marketing,2026-02-01,WebSphere Application Server,3,1044.73,2.82,-9.5
Marketing,2026-02-01,Windows Server,1,597.27,1.61,-9.74
Marketing,2026-02-01,z/OS Connect,2,3518.63,9.51,-10.13
Marketing,2026-03-01,API Gateway,1,175.04,0.41,9.39
Marketing,2026-03-01,Block Storage,1,473.25,1.11,16.29
Marketing,2026-03-01,COBOL Batch,1,947.22,2.23,18.95
Marketing,2026-03-01,Container Registry,1,115.12,0.27,10.87
Marketing,2026-03-01,Content Delivery,1,392.59,0.92,12.31
Marketing,2026-03-01,Data Warehouse,1,136.52,0.32,6.18
Marketing,2026-03-01,Db2 for z/OS,2,16158.98,38.01,14.62
Marketing,2026-03-01,F5 Load Balancing,1,599.21,1.41,10.74
Marketing,2026-03-01,IMS Transaction Manager,2,5534.88,13.02,16.99
Marketing,2026-03-01,JCL Scheduler,1,4402.04,10.35,15.46
Marketing,2026-03-01,Log Analytics,3,545.29,1.28,8.37
Marketing,2026-03-01,Managed Redis,1,96.95,0.23,13.25
Marketing,2026-03-01,Nagios Monitoring,6,2857.77,6.72,10.56
Marketing,2026-03-01,NetApp Storage,2,170.46,0.4,9.68
Marketing,2026-03-01,Object Storage,1,50.98,0.12,10.78
Marketing,2026-03-01,Oracle Database,2,632.12,1.49,13.53
Marketing,2026-03-01,RACF Security,1,1723.96,4.06,18.07
Marketing,2026-03-01,Secrets Manager,4,604.21,1.42,12.06
Marketing,2026-03-01,Tape Virtualisation,1,856.6,2.01,17.7
Marketing,2026-03-01,Veeam Backup,1,61.35,0.14,8.68
Marketing,2026-03-01,WebSphere Application Server,3,1196.25,2.81,14.5
Marketing,2026-03-01,Windows Server,1,658.96,1.55,10.33
Marketing,2026-03-01,z/OS Connect,2,4124.07,9.7,17.21
Marketing,2026-04-01,API Gateway,1,167.48,0.42,-4.32
Marketing,2026-04-01,Block Storage,1,453.62,1.14,-4.15
Marketing,2026-04-01,COBOL Batch,1,864.74,2.16,-8.71
Marketing,2026-04-01,Container Registry,1,109.99,0.28,-4.46
Marketing,2026-04-01,Content Delivery,1,395.7,0.99,0.79
Marketing,2026-04-01,Data Warehouse,1,137.6,0.34,0.79
Marketing,2026-04-01,Db2 for z/OS,2,14860.86,37.2,-8.03
Marketing,2026-04-01,F5 Load Balancing,1,600.06,1.5,0.14
Marketing,2026-04-01,IMS Transaction Manager,2,5183.52,12.97,-6.35
Marketing,2026-04-01,JCL Scheduler,1,4133.65,10.35,-6.1
Marketing,2026-04-01,Log Analytics,3,538.97,1.35,-1.16
Marketing,2026-04-01,Managed Redis,1,95.14,0.24,-1.87
Marketing,2026-04-01,Nagios Monitoring,6,2862.57,7.16,0.17
Marketing,2026-04-01,NetApp Storage,2,170.45,0.43,-0.01
Marketing,2026-04-01,Object Storage,1,49.85,0.12,-2.22
Marketing,2026-04-01,Oracle Database,2,617.92,1.55,-2.25
Marketing,2026-04-01,RACF Security,1,1624.66,4.07,-5.76
Marketing,2026-04-01,Secrets Manager,4,595.22,1.49,-1.49
Marketing,2026-04-01,Tape Virtualisation,1,816.57,2.04,-4.67
Marketing,2026-04-01,Veeam Backup,1,61.53,0.15,0.29
Marketing,2026-04-01,WebSphere Application Server,3,1147.04,2.87,-4.11
Marketing,2026-04-01,Windows Server,1,656.44,1.64,-0.38
Marketing,2026-04-01,z/OS Connect,2,3809.97,9.54,-7.62
Marketing,2026-05-01,API Gateway,1,175.12,0.44,4.56
Marketing,2026-05-01,Block Storage,1,465.43,1.16,2.6
Marketing,2026-05-01,COBOL Batch,1,863.9,2.16,-0.1
Marketing,2026-05-01,Container Registry,1,111.54,0.28,1.41
Marketing,2026-05-01,Content Delivery,1,389.14,0.97,-1.66
Marketing,2026-05-01,Data Warehouse,1,136.7,0.34,-0.65
Marketing,2026-05-01,Db2 for z/OS,2,15109.14,37.75,1.67
Marketing,2026-05-01,F5 Load Balancing,1,621.98,1.55,3.65
Marketing,2026-05-01,IMS Transaction Manager,2,5140.52,12.84,-0.83
Marketing,2026-05-01,JCL Scheduler,1,3971.39,9.92,-3.93
Marketing,2026-05-01,Log Analytics,3,532.88,1.33,-1.13
Marketing,2026-05-01,Managed Redis,1,93.59,0.23,-1.63
Marketing,2026-05-01,Nagios Monitoring,6,2912.3,7.28,1.74
Marketing,2026-05-01,NetApp Storage,2,168.58,0.42,-1.1
Marketing,2026-05-01,Object Storage,1,50.88,0.13,2.07
Marketing,2026-05-01,Oracle Database,2,615.33,1.54,-0.42
Marketing,2026-05-01,RACF Security,1,1602.09,4.0,-1.39
Marketing,2026-05-01,Secrets Manager,4,600.56,1.5,0.9
Marketing,2026-05-01,Tape Virtualisation,1,750.88,1.88,-8.04
Marketing,2026-05-01,Veeam Backup,1,61.31,0.15,-0.36
Marketing,2026-05-01,WebSphere Application Server,3,1182.68,2.95,3.11
Marketing,2026-05-01,Windows Server,1,668.68,1.67,1.86
Marketing,2026-05-01,z/OS Connect,2,3798.57,9.49,-0.3
Marketing,2026-06-01,API Gateway,1,169.13,0.4,-3.42
Marketing,2026-06-01,Block Storage,1,451.24,1.08,-3.05
Marketing,2026-06-01,COBOL Batch,1,880.09,2.1,1.87
Marketing,2026-06-01,Container Registry,1,116.04,0.28,4.03
Marketing,2026-06-01,Content Delivery,1,377.59,0.9,-2.97
Marketing,2026-06-01,Data Warehouse,1,135.67,0.32,-0.75
Marketing,2026-06-01,Db2 for z/OS,2,15871.55,37.91,5.05
Marketing,2026-06-01,F5 Load Balancing,1,592.61,1.42,-4.72
Marketing,2026-06-01,IMS Transaction Manager,2,5507.07,13.15,7.13
Marketing,2026-06-01,JCL Scheduler,1,4357.45,10.41,9.72
Marketing,2026-06-01,Log Analytics,3,533.16,1.27,0.05
Marketing,2026-06-01,Managed Redis,1,93.3,0.22,-0.31
Marketing,2026-06-01,Nagios Monitoring,6,2800.83,6.69,-3.83
Marketing,2026-06-01,NetApp Storage,2,166.67,0.4,-1.13
Marketing,2026-06-01,Object Storage,1,50.06,0.12,-1.61
Marketing,2026-06-01,Oracle Database,2,603.05,1.44,-2.0
Marketing,2026-06-01,RACF Security,1,1704.2,4.07,6.37
Marketing,2026-06-01,Secrets Manager,4,578.62,1.38,-3.65
Marketing,2026-06-01,Tape Virtualisation,1,858.42,2.05,14.32
Marketing,2026-06-01,Veeam Backup,1,60.36,0.14,-1.55
Marketing,2026-06-01,WebSphere Application Server,3,1150.48,2.75,-2.72
Marketing,2026-06-01,Windows Server,1,652.84,1.56,-2.37
Marketing,2026-06-01,z/OS Connect,2,4155.13,9.92,9.39
Marketing,2026-07-01,API Gateway,1,175.47,0.43,3.75
Marketing,2026-07-01,Block Storage,1,461.22,1.12,2.21
Marketing,2026-07-01,COBOL Batch,1,903.03,2.19,2.61
Marketing,2026-07-01,Container Registry,1,115.27,0.28,-0.66
Marketing,2026-07-01,Content Delivery,1,398.71,0.97,5.59
Marketing,2026-07-01,Data Warehouse,1,136.69,0.33,0.75
Marketing,2026-07-01,Db2 for z/OS,2,15282.97,37.02,-3.71
Marketing,2026-07-01,F5 Load Balancing,1,627.11,1.52,5.82
Marketing,2026-07-01,IMS Transaction Manager,2,5378.87,13.03,-2.33
Marketing,2026-07-01,JCL Scheduler,1,4293.16,10.4,-1.48
Marketing,2026-07-01,Log Analytics,3,542.49,1.31,1.75
Marketing,2026-07-01,Managed Redis,1,96.53,0.23,3.46
Marketing,2026-07-01,Nagios Monitoring,6,2908.21,7.04,3.83
Marketing,2026-07-01,NetApp Storage,2,176.39,0.43,5.83
Marketing,2026-07-01,Object Storage,1,51.4,0.12,2.68
Marketing,2026-07-01,Oracle Database,2,644.33,1.56,6.85
Marketing,2026-07-01,RACF Security,1,1737.38,4.21,1.95
Marketing,2026-07-01,Secrets Manager,4,603.73,1.46,4.34
Marketing,2026-07-01,Tape Virtualisation,1,825.37,2.0,-3.85
Marketing,2026-07-01,Veeam Backup,1,63.09,0.15,4.52
Marketing,2026-07-01,WebSphere Application Server,3,1190.33,2.88,3.46
Marketing,2026-07-01,Windows Server,1,669.15,1.62,2.5
Marketing,2026-07-01,z/OS Connect,2,4004.2,9.7,-3.63
Marketing,2026-08-01,API Gateway,1,171.14,0.43,-2.47
Marketing,2026-08-01,Block Storage,1,467.92,1.17,1.45
Marketing,2026-08-01,COBOL Batch,1,853.43,2.13,-5.49
Marketing,2026-08-01,Container Registry,1,111.02,0.28,-3.69
Marketing,2026-08-01,Content Delivery,1,393.86,0.98,-1.22
Marketing,2026-08-01,Data Warehouse,1,131.63,0.33,-3.7
Marketing,2026-08-01,Db2 for z/OS,2,14975.03,37.32,-2.01
Marketing,2026-08-01,F5 Load Balancing,1,592.48,1.48,-5.52
Marketing,2026-08-01,IMS Transaction Manager,2,5081.49,12.66,-5.53
Marketing,2026-08-01,JCL Scheduler,1,4169.48,10.39,-2.88
Marketing,2026-08-01,Log Analytics,3,529.42,1.32,-2.41
Marketing,2026-08-01,Managed Redis,1,96.37,0.24,-0.17
Marketing,2026-08-01,Nagios Monitoring,6,2860.85,7.13,-1.63
Marketing,2026-08-01,NetApp Storage,2,168.52,0.42,-4.46
Marketing,2026-08-01,Object Storage,1,52.3,0.13,1.75
Marketing,2026-08-01,Oracle Database,2,626.16,1.56,-2.82
Marketing,2026-08-01,RACF Security,1,1622.98,4.04,-6.58
Marketing,2026-08-01,Secrets Manager,4,593.52,1.48,-1.69
Marketing,2026-08-01,Tape Virtualisation,1,806.71,2.01,-2.26
Marketing,2026-08-01,Veeam Backup,1,63.87,0.16,1.24
Marketing,2026-08-01,WebSphere Application Server,3,1140.82,2.84,-4.16
Marketing,2026-08-01,Windows Server,1,663.9,1.65,-0.78
Marketing,2026-08-01,z/OS Connect,2,3956.41,9.86,-1.19
Marketing,2026-09-01,API Gateway,1,170.76,0.41,-0.22
Marketing,2026-09-01,Block Storage,1,452.08,1.09,-3.39
Marketing,2026-09-01,COBOL Batch,1,905.49,2.18,6.1
Marketing,2026-09-01,Container Registry,1,108.52,0.26,-2.25
Marketing,2026-09-01,Content Delivery,1,395.59,0.95,0.44
Marketing,2026-09-01,Data Warehouse,1,136.35,0.33,3.59
Marketing,2026-09-01,Db2 for z/OS,2,15626.51,37.61,4.35
Marketing,2026-09-01,F5 Load Balancing,1,590.95,1.42,-0.26
Marketing,2026-09-01,IMS Transaction Manager,2,5590.18,13.46,10.01
Marketing,2026-09-01,JCL Scheduler,1,4231.61,10.19,1.49
Marketing,2026-09-01,Log Analytics,3,532.27,1.28,0.54
Marketing,2026-09-01,Managed Redis,1,94.1,0.23,-2.36
Marketing,2026-09-01,Nagios Monitoring,6,2813.29,6.77,-1.66
Marketing,2026-09-01,NetApp Storage,2,168.48,0.41,-0.02
Marketing,2026-09-01,Object Storage,1,52.33,0.13,0.06
Marketing,2026-09-01,Oracle Database,2,605.73,1.46,-3.26
Marketing,2026-09-01,RACF Security,1,1706.45,4.11,5.14
Marketing,2026-09-01,Secrets Manager,4,577.8,1.39,-2.65
Marketing,2026-09-01,Tape Virtualisation,1,866.86,2.09,7.46
Marketing,2026-09-01,Veeam Backup,1,61.46,0.15,-3.77
Marketing,2026-09-01,WebSphere Application Server,3,1166.92,2.81,2.29
Marketing,2026-09-01,Windows Server,1,650.59,1.57,-2.0
Marketing,2026-09-01,z/OS Connect,2,4041.81,9.73,2.16
Mortgages,2025-10-01,Active Directory,1,149.23,0.25,
Mortgages,2025-10-01,Block Storage,1,146.74,0.25,
Mortgages,2025-10-01,CICS Transaction Server,3,8175.31,13.74,
Mortgages,2025-10-01,Content Delivery,2,181.5,0.31,
Mortgages,2025-10-01,Data Warehouse,1,330.44,0.56,
Mortgages,2025-10-01,F5 Load Balancing,2,543.6,0.91,
Mortgages,2025-10-01,JCL Scheduler,1,3983.35,6.69,
Mortgages,2025-10-01,Kubernetes Service,2,865.38,1.45,
Mortgages,2025-10-01,Log Analytics,2,316.93,0.53,
Mortgages,2025-10-01,Machine Learning Platform,2,103.23,0.17,
Mortgages,2025-10-01,Managed PostgreSQL,2,406.3,0.68,
Mortgages,2025-10-01,Managed Redis,2,201.03,0.34,
Mortgages,2025-10-01,NetApp Storage,2,359.53,0.6,
Mortgages,2025-10-01,Oracle Database,1,1208.55,2.03,
Mortgages,2025-10-01,RACF Security,1,893.5,1.5,
Mortgages,2025-10-01,SMF Analytics,1,10747.15,18.06,
Mortgages,2025-10-01,SQL Server,1,97.89,0.16,
Mortgages,2025-10-01,Secrets Manager,1,167.77,0.28,
Mortgages,2025-10-01,Serverless Functions,2,171.38,0.29,
Mortgages,2025-10-01,Sysplex Coupling,1,22696.97,38.14,
Mortgages,2025-10-01,Tape Virtualisation,1,5261.27,8.84,
Mortgages,2025-10-01,Tomcat,3,1748.78,2.94,
Mortgages,2025-10-01,Veeam Backup,3,598.91,1.01,
Mortgages,2025-10-01,WebSphere Application Server,1,86.88,0.15,
Mortgages,2025-10-01,Windows Server,1,61.42,0.1,
Mortgages,2025-11-01,Active Directory,1,141.02,0.25,-5.5
Mortgages,2025-11-01,Block Storage,1,134.03,0.24,-8.66
Mortgages,2025-11-01,CICS Transaction Server,3,7578.48,13.55,-7.3
Mortgages,2025-11-01,Content Delivery,2,167.52,0.3,-7.7
Mortgages,2025-11-01,Data Warehouse,1,316.34,0.57,-4.27
Mortgages,2025-11-01,F5 Load Balancing,2,509.61,0.91,-6.25
Mortgages,2025-11-01,JCL Scheduler,1,3636.47,6.5,-8.71
Mortgages,2025-11-01,Kubernetes Service,2,794.86,1.42,-8.15
Mortgages,2025-11-01,Log Analytics,2,292.41,0.52,-7.74
Mortgages,2025-11-01,Machine Learning Platform,2,93.5,0.17,-9.43
Mortgages,2025-11-01,Managed PostgreSQL,2,393.9,0.7,-3.05
Mortgages,2025-11-01,Managed Redis,2,181.55,0.32,-9.69
Mortgages,2025-11-01,NetApp Storage,2,339.54,0.61,-5.56
Mortgages,2025-11-01,Oracle Database,1,1105.44,1.98,-8.53
Mortgages,2025-11-01,RACF Security,1,849.57,1.52,-4.92
Mortgages,2025-11-01,SMF Analytics,1,10167.57,18.18,-5.39
Mortgages,2025-11-01,SQL Server,1,93.08,0.17,-4.91
Mortgages,2025-11-01,Secrets Manager,1,158.57,0.28,-5.48
Mortgages,2025-11-01,Serverless Functions,2,157.8,0.28,-7.92
Mortgages,2025-11-01,Sysplex Coupling,1,21240.67,37.98,-6.42
Mortgages,2025-11-01,Tape Virtualisation,1,5260.82,9.41,-0.01
Mortgages,2025-11-01,Tomcat,3,1613.57,2.88,-7.73
Mortgages,2025-11-01,Veeam Backup,3,567.56,1.01,-5.23
Mortgages,2025-11-01,WebSphere Application Server,1,81.68,0.15,-5.99
Mortgages,2025-11-01,Windows Server,1,55.6,0.1,-9.48
Mortgages,2025-12-01,Active Directory,1,148.24,0.24,5.12
Mortgages,2025-12-01,Block Storage,1,142.74,0.23,6.5
Mortgages,2025-12-01,CICS Transaction Server,3,8499.62,13.71,12.15
Mortgages,2025-12-01,Content Delivery,2,176.37,0.28,5.28
Mortgages,2025-12-01,Data Warehouse,1,336.07,0.54,6.24
Mortgages,2025-12-01,F5 Load Balancing,2,553.18,0.89,8.55
Mortgages,2025-12-01,JCL Scheduler,1,4208.91,6.79,15.74
Mortgages,2025-12-01,Kubernetes Service,2,873.53,1.41,9.9
Mortgages,2025-12-01,Log Analytics,2,318.5,0.51,8.92
Mortgages,2025-12-01,Machine Learning Platform,2,103.41,0.17,10.6
Mortgages,2025-12-01,Managed PostgreSQL,2,401.08,0.65,1.82
Mortgages,2025-12-01,Managed Redis,2,195.51,0.32,7.69
Mortgages,2025-12-01,NetApp Storage,2,357.12,0.58,5.18
Mortgages,2025-12-01,Oracle Database,1,1247.24,2.01,12.83
Mortgages,2025-12-01,RACF Security,1,961.2,1.55,13.14
Mortgages,2025-12-01,SMF Analytics,1,11295.71,18.22,11.1
Mortgages,2025-12-01,SQL Server,1,98.1,0.16,5.39
Mortgages,2025-12-01,Secrets Manager,1,175.47,0.28,10.66
Mortgages,2025-12-01,Serverless Functions,2,170.98,0.28,8.35
Mortgages,2025-12-01,Sysplex Coupling,1,23359.78,37.68,9.98
Mortgages,2025-12-01,Tape Virtualisation,1,5941.28,9.58,12.93
Mortgages,2025-12-01,Tomcat,3,1692.68,2.73,4.9
Mortgages,2025-12-01,Veeam Backup,3,600.88,0.97,5.87
Mortgages,2025-12-01,WebSphere Application Server,1,84.11,0.14,2.98
Mortgages,2025-12-01,Windows Server,1,60.96,0.1,9.64
Mortgages,2026-01-01,Active Directory,1,150.07,0.26,1.23
Mortgages,2026-01-01,Block Storage,1,141.71,0.24,-0.72
Mortgages,2026-01-01,CICS Transaction Server,3,8069.49,13.76,-5.06
Mortgages,2026-01-01,Content Delivery,2,177.54,0.3,0.66
Mortgages,2026-01-01,Data Warehouse,1,330.37,0.56,-1.7
Mortgages,2026-01-01,F5 Load Balancing,2,541.22,0.92,-2.16
Mortgages,2026-01-01,JCL Scheduler,1,3852.21,6.57,-8.47
Mortgages,2026-01-01,Kubernetes Service,2,836.12,1.43,-4.28
Mortgages,2026-01-01,Log Analytics,2,302.99,0.52,-4.87
Mortgages,2026-01-01,Machine Learning Platform,2,98.62,0.17,-4.63
Mortgages,2026-01-01,Managed PostgreSQL,2,401.92,0.69,0.21
Mortgages,2026-01-01,Managed Redis,2,191.78,0.33,-1.91
Mortgages,2026-01-01,NetApp Storage,2,353.63,0.6,-0.98
Mortgages,2026-01-01,Oracle Database,1,1216.77,2.07,-2.44
Mortgages,2026-01-01,RACF Security,1,896.14,1.53,-6.77
Mortgages,2026-01-01,SMF Analytics,1,10792.6,18.4,-4.45
Mortgages,2026-01-01,SQL Server,1,97.37,0.17,-0.74
Mortgages,2026-01-01,Secrets Manager,1,162.54,0.28,-7.37
Mortgages,2026-01-01,Serverless Functions,2,170.5,0.29,-0.28
Mortgages,2026-01-01,Sysplex Coupling,1,22009.19,37.52,-5.78
Mortgages,2026-01-01,Tape Virtualisation,1,5448.75,9.29,-8.29
Mortgages,2026-01-01,Tomcat,3,1662.79,2.83,-1.77
Mortgages,2026-01-01,Veeam Backup,3,599.93,1.02,-0.16
Mortgages,2026-01-01,WebSphere Application Server,1,88.13,0.15,4.78
Mortgages,2026-01-01,Windows Server,1,60.81,0.1,-0.25
Mortgages,2026-02-01,Active Directory,1,134.24,0.25,-10.55
Mortgages,2026-02-01,Block Storage,1,136.7,0.26,-3.54
Mortgages,2026-02-01,CICS Transaction Server,3,7161.41,13.45,-11.25
Mortgages,2026-02-01,Content Delivery,2,161.11,0.3,-9.25
Mortgages,2026-02-01,Data Warehouse,1,294.81,0.55,-10.76
Mortgages,2026-02-01,F5 Load Balancing,2,495.52,0.93,-8.44
Mortgages,2026-02-01,JCL Scheduler,1,3626.04,6.81,-5.87
Mortgages,2026-02-01,Kubernetes Service,2,779.83,1.47,-6.73
Mortgages,2026-02-01,Log Analytics,2,283.18,0.53,-6.54
Mortgages,2026-02-01,Machine Learning Platform,2,88.59,0.17,-10.17
Mortgages,2026-02-01,Managed PostgreSQL,2,362.02,0.68,-9.93
Mortgages,2026-02-01,Managed Redis,2,173.46,0.33,-9.55
Mortgages,2026-02-01,NetApp Storage,2,332.08,0.62,-6.09
Mortgages,2026-02-01,Oracle Database,1,1115.02,2.09,-8.36
Mortgages,2026-02-01,RACF Security,1,842.4,1.58,-6.0
Mortgages,2026-02-01,SMF Analytics,1,9268.34,17.41,-14.12
Mortgages,2026-02-01,SQL Server,1,91.73,0.17,-5.79
Mortgages,2026-02-01,Secrets Manager,1,156.31,0.29,-3.83
Mortgages,2026-02-01,Serverless Functions,2,152.95,0.29,-10.29
Mortgages,2026-02-01,Sysplex Coupling,1,20424.28,38.37,-7.2
Mortgages,2026-02-01,Tape Virtualisation,1,4984.98,9.37,-8.51
Mortgages,2026-02-01,Tomcat,3,1493.97,2.81,-10.15
Mortgages,2026-02-01,Veeam Backup,3,537.43,1.01,-10.42
Mortgages,2026-02-01,WebSphere Application Server,1,77.84,0.15,-11.68
Mortgages,2026-02-01,Windows Server,1,53.71,0.1,-11.68
Mortgages,2026-03-01,Active Directory,1,152.4,0.25,13.53
Mortgages,2026-03-01,Block Storage,1,140.7,0.23,2.93
Mortgages,2026-03-01,CICS Transaction Server,3,8502.43,13.83,18.73
Mortgages,2026-03-01,Content Delivery,2,179.46,0.29,11.39
Mortgages,2026-03-01,Data Warehouse,1,320.9,0.52,8.85
Mortgages,2026-03-01,F5 Load Balancing,2,534.71,0.87,7.91
Mortgages,2026-03-01,JCL Scheduler,1,4199.97,6.83,15.83
Mortgages,2026-03-01,Kubernetes Service,2,842.28,1.37,8.01
Mortgages,2026-03-01,Log Analytics,2,311.36,0.51,9.95
Mortgages,2026-03-01,Machine Learning Platform,2,99.28,0.16,12.07
Mortgages,2026-03-01,Managed PostgreSQL,2,412.64,0.67,13.98
Mortgages,2026-03-01,Managed Redis,2,197.74,0.32,14.0
Mortgages,2026-03-01,NetApp Storage,2,358.8,0.58,8.05
Mortgages,2026-03-01,Oracle Database,1,1216.62,1.98,9.11
Mortgages,2026-03-01,RACF Security,1,943.51,1.53,12.0
Mortgages,2026-03-01,SMF Analytics,1,11602.05,18.87,25.18
Mortgages,2026-03-01,SQL Server,1,98.55,0.16,7.43
Mortgages,2026-03-01,Secrets Manager,1,169.84,0.28,8.66
Mortgages,2026-03-01,Serverless Functions,2,168.57,0.27,10.21
Mortgages,2026-03-01,Sysplex Coupling,1,22923.96,37.29,12.24
Mortgages,2026-03-01,Tape Virtualisation,1,5642.38,9.18,13.19
Mortgages,2026-03-01,Tomcat,3,1711.28,2.78,14.55
Mortgages,2026-03-01,Veeam Backup,3,594.9,0.97,10.69
Mortgages,2026-03-01,WebSphere Application Server,1,82.5,0.13,5.99
Mortgages,2026-03-01,Windows Server,1,61.4,0.1,14.32
Mortgages,2026-04-01,Active Directory,1,142.28,0.25,-6.64
Mortgages,2026-04-01,Block Storage,1,140.05,0.24,-0.46
Mortgages,2026-04-01,CICS Transaction Server,3,7984.16,13.78,-6.1
Mortgages,2026-04-01,Content Delivery,2,172.24,0.3,-4.02
Mortgages,2026-04-01,Data Warehouse,1,324.78,0.56,1.21
Mortgages,2026-04-01,F5 Load Balancing,2,535.03,0.92,0.06
Mortgages,2026-04-01,JCL Scheduler,1,3902.37,6.74,-7.09
Mortgages,2026-04-01,Kubernetes Service,2,860.77,1.49,2.2
Mortgages,2026-04-01,Log Analytics,2,304.45,0.53,-2.22
Mortgages,2026-04-01,Machine Learning Platform,2,97.47,0.17,-1.82
Mortgages,2026-04-01,Managed PostgreSQL,2,407.71,0.7,-1.19
Mortgages,2026-04-01,Managed Redis,2,193.61,0.33,-2.09
Mortgages,2026-04-01,NetApp Storage,2,340.76,0.59,-5.03
Mortgages,2026-04-01,Oracle Database,1,1197.07,2.07,-1.61
Mortgages,2026-04-01,RACF Security,1,887.7,1.53,-5.92
Mortgages,2026-04-01,SMF Analytics,1,10673.43,18.42,-8.0
Mortgages,2026-04-01,SQL Server,1,96.12,0.17,-2.47
Mortgages,2026-04-01,Secrets Manager,1,163.3,0.28,-3.85
Mortgages,2026-04-01,Serverless Functions,2,166.7,0.29,-1.11
Mortgages,2026-04-01,Sysplex Coupling,1,21452.1,37.03,-6.42
Mortgages,2026-04-01,Tape Virtualisation,1,5538.67,9.56,-1.84
Mortgages,2026-04-01,Tomcat,3,1626.66,2.81,-4.94
Mortgages,2026-04-01,Veeam Backup,3,580.1,1.0,-2.49
Mortgages,2026-04-01,WebSphere Application Server,1,84.5,0.15,2.42
Mortgages,2026-04-01,Windows Server,1,58.35,0.1,-4.97
Mortgages,2026-05-01,Active Directory,1,152.57,0.27,7.23
Mortgages,2026-05-01,Block Storage,1,134.85,0.24,-3.71
Mortgages,2026-05-01,CICS Transaction Server,3,7735.18,13.5,-3.12
Mortgages,2026-05-01,Content Delivery,2,178.21,0.31,3.47
Mortgages,2026-05-01,Data Warehouse,1,321.02,0.56,-1.16
Mortgages,2026-05-01,F5 Load Balancing,2,526.47,0.92,-1.6
Mortgages,2026-05-01,JCL Scheduler,1,3756.96,6.56,-3.73
Mortgages,2026-05-01,Kubernetes Service,2,828.55,1.45,-3.74
Mortgages,2026-05-01,Log Analytics,2,307.85,0.54,1.12
Mortgages,2026-05-01,Machine Learning Platform,2,97.45,0.17,-0.02
Mortgages,2026-05-01,Managed PostgreSQL,2,406.57,0.71,-0.28
Mortgages,2026-05-01,Managed Redis,2,193.2,0.34,-0.21
Mortgages,2026-05-01,NetApp Storage,2,344.42,0.6,1.07
Mortgages,2026-05-01,Oracle Database,1,1249.26,2.18,4.36
Mortgages,2026-05-01,RACF Security,1,915.91,1.6,3.18
Mortgages,2026-05-01,SMF Analytics,1,10560.29,18.43,-1.06
Mortgages,2026-05-01,SQL Server,1,94.45,0.16,-1.74
Mortgages,2026-05-01,Secrets Manager,1,162.85,0.28,-0.28
Mortgages,2026-05-01,Serverless Functions,2,167.82,0.29,0.67
Mortgages,2026-05-01,Sysplex Coupling,1,21525.57,37.56,0.34
Mortgages,2026-05-01,Tape Virtualisation,1,5263.8,9.18,-4.96
Mortgages,2026-05-01,Tomcat,3,1657.98,2.89,1.93
Mortgages,2026-05-01,Veeam Backup,3,585.17,1.02,0.87
Mortgages,2026-05-01,WebSphere Application Server,1,82.44,0.14,-2.44
Mortgages,2026-05-01,Windows Server,1,61.86,0.11,6.02
Mortgages,2026-06-01,Active Directory,1,148.74,0.25,-2.51
Mortgages,2026-06-01,Block Storage,1,138.37,0.23,2.61
Mortgages,2026-06-01,CICS Transaction Server,3,8338.59,13.83,7.8
Mortgages,2026-06-01,Content Delivery,2,169.36,0.28,-4.97
Mortgages,2026-06-01,Data Warehouse,1,321.28,0.53,0.08
Mortgages,2026-06-01,F5 Load Balancing,2,512.98,0.85,-2.56
Mortgages,2026-06-01,JCL Scheduler,1,3971.02,6.58,5.7
Mortgages,2026-06-01,Kubernetes Service,2,832.11,1.38,0.43
Mortgages,2026-06-01,Log Analytics,2,302.44,0.5,-1.76
Mortgages,2026-06-01,Machine Learning Platform,2,96.39,0.16,-1.09
Mortgages,2026-06-01,Managed PostgreSQL,2,392.69,0.65,-3.41
Mortgages,2026-06-01,Managed Redis,2,187.12,0.31,-3.15
Mortgages,2026-06-01,NetApp Storage,2,340.83,0.57,-1.04
Mortgages,2026-06-01,Oracle Database,1,1207.85,2.0,-3.31
Mortgages,2026-06-01,RACF Security,1,926.5,1.54,1.16
Mortgages,2026-06-01,SMF Analytics,1,11102.92,18.41,5.14
Mortgages,2026-06-01,SQL Server,1,97.64,0.16,3.38
Mortgages,2026-06-01,Secrets Manager,1,160.49,0.27,-1.45
Mortgages,2026-06-01,Serverless Functions,2,164.11,0.27,-2.21
Mortgages,2026-06-01,Sysplex Coupling,1,23097.33,38.3,7.3
Mortgages,2026-06-01,Tape Virtualisation,1,5487.45,9.1,4.25
Mortgages,2026-06-01,Tomcat,3,1594.13,2.64,-3.85
Mortgages,2026-06-01,Veeam Backup,3,578.1,0.96,-1.21
Mortgages,2026-06-01,WebSphere Application Server,1,83.58,0.14,1.38
Mortgages,2026-06-01,Windows Server,1,57.2,0.09,-7.53
Mortgages,2026-07-01,Active Directory,1,151.69,0.25,1.98
Mortgages,2026-07-01,Block Storage,1,146.71,0.24,6.03
Mortgages,2026-07-01,CICS Transaction Server,3,8266.3,13.67,-0.87
Mortgages,2026-07-01,Content Delivery,2,181.06,0.3,6.91
Mortgages,2026-07-01,Data Warehouse,1,340.65,0.56,6.03
Mortgages,2026-07-01,F5 Load Balancing,2,550.03,0.91,7.22
Mortgages,2026-07-01,JCL Scheduler,1,4034.74,6.67,1.6
Mortgages,2026-07-01,Kubernetes Service,2,846.74,1.4,1.76
Mortgages,2026-07-01,Log Analytics,2,313.88,0.52,3.78
Mortgages,2026-07-01,Machine Learning Platform,2,98.77,0.16,2.47
Mortgages,2026-07-01,Managed PostgreSQL,2,416.37,0.69,6.03
Mortgages,2026-07-01,Managed Redis,2,192.46,0.32,2.85
Mortgages,2026-07-01,NetApp Storage,2,358.47,0.59,5.18
Mortgages,2026-07-01,Oracle Database,1,1230.81,2.04,1.9
Mortgages,2026-07-01,RACF Security,1,908.45,1.5,-1.95
Mortgages,2026-07-01,SMF Analytics,1,11079.68,18.32,-0.21
Mortgages,2026-07-01,SQL Server,1,96.83,0.16,-0.83
Mortgages,2026-07-01,Secrets Manager,1,168.32,0.28,4.88
Mortgages,2026-07-01,Serverless Functions,2,171.85,0.28,4.72
Mortgages,2026-07-01,Sysplex Coupling,1,22887.75,37.85,-0.91
Mortgages,2026-07-01,Tape Virtualisation,1,5578.71,9.23,1.66
Mortgages,2026-07-01,Tomcat,3,1696.24,2.81,6.41
Mortgages,2026-07-01,Veeam Backup,3,604.62,1.0,4.59
Mortgages,2026-07-01,WebSphere Application Server,1,88.06,0.15,5.36
Mortgages,2026-07-01,Windows Server,1,61.77,0.1,7.99
Mortgages,2026-08-01,Active Directory,1,149.54,0.25,-1.42
Mortgages,2026-08-01,Block Storage,1,137.39,0.23,-6.35
Mortgages,2026-08-01,CICS Transaction Server,3,8006.28,13.56,-3.15
Mortgages,2026-08-01,Content Delivery,2,176.31,0.3,-2.62
Mortgages,2026-08-01,Data Warehouse,1,323.61,0.55,-5.0
Mortgages,2026-08-01,F5 Load Balancing,2,525.92,0.89,-4.38
Mortgages,2026-08-01,JCL Scheduler,1,4026.44,6.82,-0.21
Mortgages,2026-08-01,Kubernetes Service,2,820.0,1.39,-3.16
Mortgages,2026-08-01,Log Analytics,2,307.99,0.52,-1.88
Mortgages,2026-08-01,Machine Learning Platform,2,98.59,0.17,-0.18
Mortgages,2026-08-01,Managed PostgreSQL,2,406.76,0.69,-2.31
Mortgages,2026-08-01,Managed Redis,2,193.6,0.33,0.59
Mortgages,2026-08-01,NetApp Storage,2,348.78,0.59,-2.7
Mortgages,2026-08-01,Oracle Database,1,1185.95,2.01,-3.64
Mortgages,2026-08-01,RACF Security,1,859.91,1.46,-5.34
Mortgages,2026-08-01,SMF Analytics,1,10706.41,18.13,-3.37
Mortgages,2026-08-01,SQL Server,1,95.25,0.16,-1.63
Mortgages,2026-08-01,Secrets Manager,1,164.28,0.28,-2.4
Mortgages,2026-08-01,Serverless Functions,2,166.38,0.28,-3.18
Mortgages,2026-08-01,Sysplex Coupling,1,22383.65,37.91,-2.2
Mortgages,2026-08-01,Tape Virtualisation,1,5580.1,9.45,0.02
Mortgages,2026-08-01,Tomcat,3,1647.1,2.79,-2.9
Mortgages,2026-08-01,Veeam Backup,3,589.19,1.0,-2.55
Mortgages,2026-08-01,WebSphere Application Server,1,85.02,0.14,-3.45
Mortgages,2026-08-01,Windows Server,1,57.84,0.1,-6.36
Mortgages,2026-09-01,Active Directory,1,149.1,0.25,-0.29
Mortgages,2026-09-01,Block Storage,1,140.03,0.23,1.92
Mortgages,2026-09-01,CICS Transaction Server,3,8324.94,13.88,3.98
Mortgages,2026-09-01,Content Delivery,2,173.35,0.29,-1.68
Mortgages,2026-09-01,Data Warehouse,1,328.59,0.55,1.54
Mortgages,2026-09-01,F5 Load Balancing,2,532.16,0.89,1.19
Mortgages,2026-09-01,JCL Scheduler,1,4064.03,6.78,0.93
Mortgages,2026-09-01,Kubernetes Service,2,830.16,1.38,1.24
Mortgages,2026-09-01,Log Analytics,2,300.9,0.5,-2.3
Mortgages,2026-09-01,Machine Learning Platform,2,97.56,0.16,-1.04
Mortgages,2026-09-01,Managed PostgreSQL,2,407.04,0.68,0.07
Mortgages,2026-09-01,Managed Redis,2,190.75,0.32,-1.47
Mortgages,2026-09-01,NetApp Storage,2,342.08,0.57,-1.92
Mortgages,2026-09-01,Oracle Database,1,1223.77,2.04,3.19
Mortgages,2026-09-01,RACF Security,1,912.09,1.52,6.07
Mortgages,2026-09-01,SMF Analytics,1,10980.38,18.31,2.56
Mortgages,2026-09-01,SQL Server,1,95.95,0.16,0.73
Mortgages,2026-09-01,Secrets Manager,1,161.48,0.27,-1.7
Mortgages,2026-09-01,Serverless Functions,2,169.41,0.28,1.82
Mortgages,2026-09-01,Sysplex Coupling,1,22694.28,37.84,1.39
Mortgages,2026-09-01,Tape Virtualisation,1,5520.96,9.21,-1.06
Mortgages,2026-09-01,Tomcat,3,1609.11,2.68,-2.31
Mortgages,2026-09-01,Veeam Backup,3,587.6,0.98,-0.27
Mortgages,2026-09-01,WebSphere Application Server,1,83.02,0.14,-2.35
Mortgages,2026-09-01,Windows Server,1,56.14,0.09,-2.94
Payments,2025-10-01,API Gateway,1,201.1,0.74,
Payments,2025-10-01,Active Directory,1,305.35,1.12,
Payments,2025-10-01,Block Storage,1,41.75,0.15,
Payments,2025-10-01,CICS Transaction Server,1,1737.37,6.37,
Payments,2025-10-01,Compute Instances,1,298.19,1.09,
Payments,2025-10-01,Data Warehouse,2,444.36,1.63,
Payments,2025-10-01,Db2 for z/OS,1,1143.38,4.19,
Payments,2025-10-01,JCL Scheduler,1,5980.09,21.91,
Payments,2025-10-01,Kubernetes Service,2,150.55,0.55,
Payments,2025-10-01,Log Analytics,1,283.25,1.04,
Payments,2025-10-01,MQ for z/OS,3,5211.26,19.09,
Payments,2025-10-01,Machine Learning Platform,3,493.24,1.81,
Payments,2025-10-01,Managed PostgreSQL,2,170.9,0.63,
Payments,2025-10-01,Message Queue,1,274.35,1.01,
Payments,2025-10-01,Nagios Monitoring,2,514.68,1.89,
Payments,2025-10-01,NetApp Storage,1,183.15,0.67,
Payments,2025-10-01,Object Storage,1,175.49,0.64,
Payments,2025-10-01,Oracle Database,1,139.32,0.51,
Payments,2025-10-01,Red Hat Enterprise Linux,1,279.12,1.02,
Payments,2025-10-01,SMF Analytics,1,3471.73,12.72,
Payments,2025-10-01,SQL Server,2,449.29,1.65,
Payments,2025-10-01,Serverless Functions,4,910.97,3.34,
Payments,2025-10-01,Streaming Ingest,2,647.59,2.37,
Payments,2025-10-01,Sysplex Coupling,1,547.54,2.01,
Payments,2025-10-01,VMware vSphere,4,482.11,1.77,
Payments,2025-10-01,WebSphere Application Server,2,399.82,1.46,
Payments,2025-10-01,Windows Server,3,1721.05,6.31,
Payments,2025-10-01,z/OS Connect,1,638.0,2.34,
Payments,2025-11-01,API Gateway,1,190.25,0.76,-5.4
Payments,2025-11-01,Active Directory,1,299.08,1.19,-2.05
Payments,2025-11-01,Block Storage,1,40.75,0.16,-2.4
Payments,2025-11-01,CICS Transaction Server,1,1629.81,6.47,-6.19
Payments,2025-11-01,Compute Instances,1,286.6,1.14,-3.89
Payments,2025-11-01,Data Warehouse,2,423.33,1.68,-4.73
Payments,2025-11-01,Db2 for z/OS,1,1071.45,4.25,-6.29
Payments,2025-11-01,JCL Scheduler,1,5413.42,21.49,-9.48
Payments,2025-11-01,Kubernetes Service,2,142.0,0.56,-5.68
Payments,2025-11-01,Log Analytics,1,262.55,1.04,-7.31
Payments,2025-11-01,MQ for z/OS,3,4876.11,19.35,-6.43
Payments,2025-11-01,Machine Learning Platform,3,458.3,1.82,-7.08
Payments,2025-11-01,Managed PostgreSQL,2,161.64,0.64,-5.42
Payments,2025-11-01,Message Queue,1,272.06,1.08,-0.83
Payments,2025-11-01,Nagios Monitoring,2,468.36,1.86,-9.0
Payments,2025-11-01,NetApp Storage,1,177.99,0.71,-2.82
Payments,2025-11-01,Object Storage,1,158.66,0.63,-9.59
Payments,2025-11-01,Oracle Database,1,137.88,0.55,-1.03
Payments,2025-11-01,Red Hat Enterprise Linux,1,263.58,1.05,-5.57
Payments,2025-11-01,SMF Analytics,1,3046.53,12.09,-12.25
Payments,2025-11-01,SQL Server,2,418.48,1.66,-6.86
Payments,2025-11-01,Serverless Functions,4,837.85,3.33,-8.03
Payments,2025-11-01,Streaming Ingest,2,596.68,2.37,-7.86
Payments,2025-11-01,Sysplex Coupling,1,513.01,2.04,-6.31
Payments,2025-11-01,VMware vSphere,4,439.28,1.74,-8.88
Payments,2025-11-01,WebSphere Application Server,2,368.04,1.46,-7.95
Payments,2025-11-01,Windows Server,3,1644.56,6.53,-4.44
Payments,2025-11-01,z/OS Connect,1,597.38,2.37,-6.37
Payments,2025-12-01,API Gateway,1,190.9,0.67,0.34
Payments,2025-12-01,Active Directory,1,315.54,1.11,5.5
Payments,2025-12-01,Block Storage,1,43.46,0.15,6.65
Payments,2025-12-01,CICS Transaction Server,1,1829.45,6.45,12.25
Payments,2025-12-01,Compute Instances,1,314.15,1.11,9.61
Payments,2025-12-01,Data Warehouse,2,455.41,1.61,7.58
Payments,2025-12-01,Db2 for z/OS,1,1209.9,4.26,12.92
Payments,2025-12-01,JCL Scheduler,1,6206.67,21.88,14.65
Payments,2025-12-01,Kubernetes Service,2,155.3,0.55,9.37
Payments,2025-12-01,Log Analytics,1,273.16,0.96,4.04
Payments,2025-12-01,MQ for z/OS,3,5675.41,20.0,16.39
Payments,2025-12-01,Machine Learning Platform,3,490.07,1.73,6.93
Payments,2025-12-01,Managed PostgreSQL,2,173.45,0.61,7.31
Payments,2025-12-01,Message Queue,1,276.74,0.98,1.72
Payments,2025-12-01,Nagios Monitoring,2,537.6,1.89,14.78
Payments,2025-12-01,NetApp Storage,1,184.02,0.65,3.39
Payments,2025-12-01,Object Storage,1,166.11,0.59,4.7
Payments,2025-12-01,Oracle Database,1,141.14,0.5,2.36
Payments,2025-12-01,Red Hat Enterprise Linux,1,284.51,1.0,7.94
Payments,2025-12-01,SMF Analytics,1,3678.32,12.97,20.74
Payments,2025-12-01,SQL Server,2,440.45,1.55,5.25
Payments,2025-12-01,Serverless Functions,4,890.81,3.14,6.32
Payments,2025-12-01,Streaming Ingest,2,635.05,2.24,6.43
Payments,2025-12-01,Sysplex Coupling,1,573.23,2.02,11.74
Payments,2025-12-01,VMware vSphere,4,477.54,1.68,8.71
Payments,2025-12-01,WebSphere Application Server,2,393.87,1.39,7.02
Payments,2025-12-01,Windows Server,3,1687.79,5.95,2.63
Payments,2025-12-01,z/OS Connect,1,670.13,2.36,12.18
Payments,2026-01-01,API Gateway,1,199.55,0.75,4.53
Payments,2026-01-01,Active Directory,1,313.94,1.18,-0.51
Payments,2026-01-01,Block Storage,1,43.49,0.16,0.07
Payments,2026-01-01,CICS Transaction Server,1,1706.29,6.44,-6.73
Payments,2026-01-01,Compute Instances,1,283.25,1.07,-9.84
Payments,2026-01-01,Data Warehouse,2,447.14,1.69,-1.82
Payments,2026-01-01,Db2 for z/OS,1,1131.07,4.27,-6.52
Payments,2026-01-01,JCL Scheduler,1,5572.69,21.02,-10.21
Payments,2026-01-01,Kubernetes Service,2,150.16,0.57,-3.31
Payments,2026-01-01,Log Analytics,1,282.43,1.07,3.39
Payments,2026-01-01,MQ for z/OS,3,5186.38,19.56,-8.62
Payments,2026-01-01,Machine Learning Platform,3,488.7,1.84,-0.28
Payments,2026-01-01,Managed PostgreSQL,2,169.38,0.64,-2.35
Payments,2026-01-01,Message Queue,1,271.77,1.03,-1.8
Payments,2026-01-01,Nagios Monitoring,2,511.17,1.93,-4.92
Payments,2026-01-01,NetApp Storage,1,182.91,0.69,-0.6
Payments,2026-01-01,Object Storage,1,172.07,0.65,3.59
Payments,2026-01-01,Oracle Database,1,142.26,0.54,0.79
Payments,2026-01-01,Red Hat Enterprise Linux,1,280.74,1.06,-1.33
Payments,2026-01-01,SMF Analytics,1,3258.5,12.29,-11.41
Payments,2026-01-01,SQL Server,2,427.5,1.61,-2.94
Payments,2026-01-01,Serverless Functions,4,885.72,3.34,-0.57
Payments,2026-01-01,Streaming Ingest,2,640.86,2.42,0.91
Payments,2026-01-01,Sysplex Coupling,1,529.4,2.0,-7.65
Payments,2026-01-01,VMware vSphere,4,479.03,1.81,0.31
Payments,2026-01-01,WebSphere Application Server,2,385.41,1.45,-2.15
Payments,2026-01-01,Windows Server,3,1723.86,6.5,2.14
Payments,2026-01-01,z/OS Connect,1,645.09,2.43,-3.74
Payments,2026-02-01,API Gateway,1,181.26,0.76,-9.17
Payments,2026-02-01,Active Directory,1,280.34,1.17,-10.7
Payments,2026-02-01,Block Storage,1,37.44,0.16,-13.91
Payments,2026-02-01,CICS Transaction Server,1,1448.68,6.07,-15.1
Payments,2026-02-01,Compute Instances,1,270.1,1.13,-4.64
Payments,2026-02-01,Data Warehouse,2,403.7,1.69,-9.72
Payments,2026-02-01,Db2 for z/OS,1,1046.11,4.38,-7.51
Payments,2026-02-01,JCL Scheduler,1,4898.73,20.51,-12.09
Payments,2026-02-01,Kubernetes Service,2,135.32,0.57,-9.88
Payments,2026-02-01,Log Analytics,1,245.79,1.03,-12.97
Payments,2026-02-01,MQ for z/OS,3,4719.28,19.76,-9.01
Payments,2026-02-01,Machine Learning Platform,3,435.57,1.82,-10.87
Payments,2026-02-01,Managed PostgreSQL,2,153.13,0.64,-9.59
Payments,2026-02-01,Message Queue,1,257.81,1.08,-5.14
Payments,2026-02-01,Nagios Monitoring,2,463.17,1.94,-9.39
Payments,2026-02-01,NetApp Storage,1,169.42,0.71,-7.38
Payments,2026-02-01,Object Storage,1,153.63,0.64,-10.72
Payments,2026-02-01,Oracle Database,1,130.5,0.55,-8.27
Payments,2026-02-01,Red Hat Enterprise Linux,1,257.4,1.08,-8.31
Payments,2026-02-01,SMF Analytics,1,2970.14,12.44,-8.85
Payments,2026-02-01,SQL Server,2,406.12,1.7,-5.0
Payments,2026-02-01,Serverless Functions,4,797.49,3.34,-9.96
Payments,2026-02-01,Streaming Ingest,2,589.99,2.47,-7.94
Payments,2026-02-01,Sysplex Coupling,1,489.99,2.05,-7.44
Payments,2026-02-01,VMware vSphere,4,425.34,1.78,-11.21
Payments,2026-02-01,WebSphere Application Server,2,355.33,1.49,-7.8
Payments,2026-02-01,Windows Server,3,1568.19,6.57,-9.03
Payments,2026-02-01,z/OS Connect,1,591.43,2.48,-8.32
Payments,2026-03-01,API Gateway,1,189.86,0.69,4.74
Payments,2026-03-01,Active Directory,1,302.65,1.1,7.96
Payments,2026-03-01,Block Storage,1,41.11,0.15,9.8
Payments,2026-03-01,CICS Transaction Server,1,1772.84,6.45,22.38
Payments,2026-03-01,Compute Instances,1,290.07,1.06,7.39
Payments,2026-03-01,Data Warehouse,2,439.37,1.6,8.84
Payments,2026-03-01,Db2 for z/OS,1,1209.01,4.4,15.57
Payments,2026-03-01,JCL Scheduler,1,5855.5,21.32,19.53
Payments,2026-03-01,Kubernetes Service,2,148.18,0.54,9.5
Payments,2026-03-01,Log Analytics,1,281.98,1.03,14.72
Payments,2026-03-01,MQ for z/OS,3,5441.09,19.81,15.29
Payments,2026-03-01,Machine Learning Platform,3,494.22,1.8,13.47
Payments,2026-03-01,Managed PostgreSQL,2,166.88,0.61,8.98
Payments,2026-03-01,Message Queue,1,270.21,0.98,4.81
Payments,2026-03-01,Nagios Monitoring,2,510.0,1.86,10.11
Payments,2026-03-01,NetApp Storage,1,180.66,0.66,6.63
Payments,2026-03-01,Object Storage,1,169.2,0.62,10.13
Payments,2026-03-01,Oracle Database,1,140.14,0.51,7.39
Payments,2026-03-01,Red Hat Enterprise Linux,1,270.78,0.99,5.2
Payments,2026-03-01,SMF Analytics,1,3407.95,12.41,14.74
Payments,2026-03-01,SQL Server,2,450.55,1.64,10.94
Payments,2026-03-01,Serverless Functions,4,883.19,3.22,10.75
Payments,2026-03-01,Streaming Ingest,2,635.83,2.32,7.77
Payments,2026-03-01,Sysplex Coupling,1,560.68,2.04,14.43
Payments,2026-03-01,VMware vSphere,4,474.5,1.73,11.56
Payments,2026-03-01,WebSphere Application Server,2,392.22,1.43,10.38
Payments,2026-03-01,Windows Server,3,1798.93,6.55,14.71
Payments,2026-03-01,z/OS Connect,1,687.67,2.5,16.27
Payments,2026-04-01,API Gateway,1,196.84,0.75,3.68
Payments,2026-04-01,Active Directory,1,308.77,1.17,2.02
Payments,2026-04-01,Block Storage,1,40.9,0.16,-0.51
Payments,2026-04-01,CICS Transaction Server,1,1626.11,6.18,-8.28
Payments,2026-04-01,Compute Instances,1,290.83,1.11,0.26
Payments,2026-04-01,Data Warehouse,2,435.07,1.65,-0.98
Payments,2026-04-01,Db2 for z/OS,1,1092.15,4.15,-9.67
Payments,2026-04-01,JCL Scheduler,1,5683.53,21.62,-2.94
Payments,2026-04-01,Kubernetes Service,2,148.12,0.56,-0.04
Payments,2026-04-01,Log Analytics,1,262.88,1.0,-6.77
Payments,2026-04-01,MQ for z/OS,3,5118.38,19.47,-5.93
Payments,2026-04-01,Machine Learning Platform,3,478.65,1.82,-3.15
Payments,2026-04-01,Managed PostgreSQL,2,168.6,0.64,1.03
Payments,2026-04-01,Message Queue,1,267.42,1.02,-1.03
Payments,2026-04-01,Nagios Monitoring,2,502.25,1.91,-1.52
Payments,2026-04-01,NetApp Storage,1,177.97,0.68,-1.49
Payments,2026-04-01,Object Storage,1,165.56,0.63,-2.15
Payments,2026-04-01,Oracle Database,1,139.45,0.53,-0.49
Payments,2026-04-01,Red Hat Enterprise Linux,1,271.37,1.03,0.22
Payments,2026-04-01,SMF Analytics,1,3294.76,12.53,-3.32
Payments,2026-04-01,SQL Server,2,431.75,1.64,-4.17
Payments,2026-04-01,Serverless Functions,4,840.49,3.2,-4.83
Payments,2026-04-01,Streaming Ingest,2,599.38,2.28,-5.73
Payments,2026-04-01,Sysplex Coupling,1,522.61,1.99,-6.79
Payments,2026-04-01,VMware vSphere,4,452.94,1.72,-4.54
Payments,2026-04-01,WebSphere Application Server,2,374.5,1.42,-4.52
Payments,2026-04-01,Windows Server,3,1759.1,6.69,-2.21
Payments,2026-04-01,z/OS Connect,1,642.01,2.44,-6.64
Payments,2026-05-01,API Gateway,1,190.74,0.73,-3.1
Payments,2026-05-01,Active Directory,1,299.6,1.14,-2.97
Payments,2026-05-01,Block Storage,1,40.6,0.15,-0.73
Payments,2026-05-01,CICS Transaction Server,1,1708.47,6.51,5.06
Payments,2026-05-01,Compute Instances,1,290.26,1.11,-0.2
Payments,2026-05-01,Data Warehouse,2,429.68,1.64,-1.24
Payments,2026-05-01,Db2 for z/OS,1,1107.05,4.22,1.36
Payments,2026-05-01,JCL Scheduler,1,5450.75,20.76,-4.1
Payments,2026-05-01,Kubernetes Service,2,149.02,0.57,0.61
Payments,2026-05-01,Log Analytics,1,278.97,1.06,6.12
Payments,2026-05-01,MQ for z/OS,3,5190.47,19.77,1.41
Payments,2026-05-01,Machine Learning Platform,3,478.61,1.82,-0.01
Payments,2026-05-01,Managed PostgreSQL,2,163.04,0.62,-3.3
Payments,2026-05-01,Message Queue,1,273.31,1.04,2.2
Payments,2026-05-01,Nagios Monitoring,2,501.36,1.91,-0.18
Payments,2026-05-01,NetApp Storage,1,182.79,0.7,2.71
Payments,2026-05-01,Object Storage,1,162.31,0.62,-1.96
Payments,2026-05-01,Oracle Database,1,138.91,0.53,-0.39
Payments,2026-05-01,Red Hat Enterprise Linux,1,266.49,1.01,-1.8
Payments,2026-05-01,SMF Analytics,1,3328.19,12.68,1.01
Payments,2026-05-01,SQL Server,2,426.98,1.63,-1.1
Payments,2026-05-01,Serverless Functions,4,863.49,3.29,2.74
Payments,2026-05-01,Streaming Ingest,2,624.46,2.38,4.18
Payments,2026-05-01,Sysplex Coupling,1,540.82,2.06,3.48
Payments,2026-05-01,VMware vSphere,4,464.62,1.77,2.58
Payments,2026-05-01,WebSphere Application Server,2,383.73,1.46,2.46
Payments,2026-05-01,Windows Server,3,1693.95,6.45,-3.7
Payments,2026-05-01,z/OS Connect,1,627.62,2.39,-2.24
Payments,2026-06-01,API Gateway,1,185.91,0.68,-2.53
Payments,2026-06-01,Active Directory,1,298.54,1.09,-0.35
Payments,2026-06-01,Block Storage,1,40.25,0.15,-0.86
Payments,2026-06-01,CICS Transaction Server,1,1779.31,6.52,4.15
Payments,2026-06-01,Compute Instances,1,275.02,1.01,-5.25
Payments,2026-06-01,Data Warehouse,2,433.58,1.59,0.91
Payments,2026-06-01,Db2 for z/OS,1,1226.08,4.49,10.75
Payments,2026-06-01,JCL Scheduler,1,5899.9,21.61,8.24
Payments,2026-06-01,Kubernetes Service,2,150.75,0.55,1.16
Payments,2026-06-01,Log Analytics,1,271.88,1.0,-2.54
Payments,2026-06-01,MQ for z/OS,3,5481.48,20.07,5.61
Payments,2026-06-01,Machine Learning Platform,3,487.08,1.78,1.77
Payments,2026-06-01,Managed PostgreSQL,2,162.6,0.6,-0.27
Payments,2026-06-01,Message Queue,1,269.46,0.99,-1.41
Payments,2026-06-01,Nagios Monitoring,2,509.23,1.86,1.57
Payments,2026-06-01,NetApp Storage,1,183.39,0.67,0.33
Payments,2026-06-01,Object Storage,1,166.26,0.61,2.43
Payments,2026-06-01,Oracle Database,1,139.86,0.51,0.68
Payments,2026-06-01,Red Hat Enterprise Linux,1,269.1,0.99,0.98
Payments,2026-06-01,SMF Analytics,1,3404.23,12.47,2.28
Payments,2026-06-01,SQL Server,2,427.85,1.57,0.2
Payments,2026-06-01,Serverless Functions,4,859.27,3.15,-0.49
Payments,2026-06-01,Streaming Ingest,2,609.29,2.23,-2.43
Payments,2026-06-01,Sysplex Coupling,1,561.45,2.06,3.81
Payments,2026-06-01,VMware vSphere,4,462.56,1.69,-0.44
Payments,2026-06-01,WebSphere Application Server,2,391.96,1.44,2.14
Payments,2026-06-01,Windows Server,3,1710.98,6.27,1.01
Payments,2026-06-01,z/OS Connect,1,650.02,2.38,3.57
Payments,2026-07-01,API Gateway,1,204.91,0.76,10.22
Payments,2026-07-01,Active Directory,1,308.28,1.14,3.26
Payments,2026-07-01,Block Storage,1,43.49,0.16,8.05
Payments,2026-07-01,CICS Transaction Server,1,1709.89,6.33,-3.9
Payments,2026-07-01,Compute Instances,1,315.33,1.17,14.66
Payments,2026-07-01,Data Warehouse,2,460.12,1.7,6.12
Payments,2026-07-01,Db2 for z/OS,1,1110.27,4.11,-9.45
Payments,2026-07-01,JCL Scheduler,1,5909.81,21.88,0.17
Payments,2026-07-01,Kubernetes Service,2,153.28,0.57,1.68
Payments,2026-07-01,Log Analytics,1,278.38,1.03,2.39
Payments,2026-07-01,MQ for z/OS,3,5199.37,19.25,-5.15
Payments,2026-07-01,Machine Learning Platform,3,489.83,1.81,0.56
Payments,2026-07-01,Managed PostgreSQL,2,168.05,0.62,3.35
Payments,2026-07-01,Message Queue,1,287.22,1.06,6.59
Payments,2026-07-01,Nagios Monitoring,2,527.99,1.95,3.68
Payments,2026-07-01,NetApp Storage,1,179.29,0.66,-2.24
Payments,2026-07-01,Object Storage,1,172.73,0.64,3.89
Payments,2026-07-01,Oracle Database,1,142.05,0.53,1.57
Payments,2026-07-01,Red Hat Enterprise Linux,1,276.65,1.02,2.81
Payments,2026-07-01,SMF Analytics,1,3303.09,12.23,-2.97
Payments,2026-07-01,SQL Server,2,452.99,1.68,5.88
Payments,2026-07-01,Serverless Functions,4,884.98,3.28,2.99
Payments,2026-07-01,Streaming Ingest,2,627.68,2.32,3.02
Payments,2026-07-01,Sysplex Coupling,1,543.97,2.01,-3.11
Payments,2026-07-01,VMware vSphere,4,480.56,1.78,3.89
Payments,2026-07-01,WebSphere Application Server,2,387.5,1.43,-1.14
Payments,2026-07-01,Windows Server,3,1733.37,6.42,1.31
Payments,2026-07-01,z/OS Connect,1,660.48,2.45,1.61
Payments,2026-08-01,API Gateway,1,198.48,0.75,-3.14
Payments,2026-08-01,Active Directory,1,303.53,1.15,-1.54
Payments,2026-08-01,Block Storage,1,42.32,0.16,-2.69
Payments,2026-08-01,CICS Transaction Server,1,1668.56,6.33,-2.42
Payments,2026-08-01,Compute Instances,1,283.92,1.08,-9.96
Payments,2026-08-01,Data Warehouse,2,451.24,1.71,-1.93
Payments,2026-08-01,Db2 for z/OS,1,1133.05,4.3,2.05
Payments,2026-08-01,JCL Scheduler,1,5664.17,21.48,-4.16
Payments,2026-08-01,Kubernetes Service,2,147.99,0.56,-3.45
Payments,2026-08-01,Log Analytics,1,265.21,1.01,-4.73
Payments,2026-08-01,MQ for z/OS,3,5212.28,19.77,0.25
Payments,2026-08-01,Machine Learning Platform,3,478.01,1.81,-2.41
Payments,2026-08-01,Managed PostgreSQL,2,166.39,0.63,-0.99
Payments,2026-08-01,Message Queue,1,263.52,1.0,-8.25
Payments,2026-08-01,Nagios Monitoring,2,525.93,1.99,-0.39
Payments,2026-08-01,NetApp Storage,1,177.98,0.67,-0.73
Payments,2026-08-01,Object Storage,1,164.4,0.62,-4.82
Payments,2026-08-01,Oracle Database,1,137.42,0.52,-3.26
Payments,2026-08-01,Red Hat Enterprise Linux,1,266.71,1.01,-3.59
Payments,2026-08-01,SMF Analytics,1,3192.42,12.11,-3.35
Payments,2026-08-01,SQL Server,2,437.35,1.66,-3.45
Payments,2026-08-01,Serverless Functions,4,855.01,3.24,-3.39
Payments,2026-08-01,Streaming Ingest,2,605.55,2.3,-3.53
Payments,2026-08-01,Sysplex Coupling,1,533.09,2.02,-2.0
Payments,2026-08-01,VMware vSphere,4,462.69,1.75,-3.72
Payments,2026-08-01,WebSphere Application Server,2,384.25,1.46,-0.84
Payments,2026-08-01,Windows Server,3,1707.63,6.48,-1.48
Payments,2026-08-01,z/OS Connect,1,638.67,2.42,-3.3
Payments,2026-09-01,API Gateway,1,182.66,0.67,-7.97
Payments,2026-09-01,Active Directory,1,299.79,1.1,-1.23
Payments,2026-09-01,Block Storage,1,41.41,0.15,-2.15
Payments,2026-09-01,CICS Transaction Server,1,1779.47,6.5,6.65
Payments,2026-09-01,Compute Instances,1,298.04,1.09,4.97
Payments,2026-09-01,Data Warehouse,2,441.47,1.61,-2.17
Payments,2026-09-01,Db2 for z/OS,1,1193.74,4.36,5.36
Payments,2026-09-01,JCL Scheduler,1,6055.78,22.12,6.91
Payments,2026-09-01,Kubernetes Service,2,145.95,0.53,-1.38
Payments,2026-09-01,Log Analytics,1,270.84,0.99,2.12
Payments,2026-09-01,MQ for z/OS,3,5401.6,19.73,3.63
Payments,2026-09-01,Machine Learning Platform,3,476.35,1.74,-0.35
Payments,2026-09-01,Managed PostgreSQL,2,162.49,0.59,-2.34
Payments,2026-09-01,Message Queue,1,269.38,0.98,2.22
Payments,2026-09-01,Nagios Monitoring,2,489.81,1.79,-6.87
Payments,2026-09-01,NetApp Storage,1,182.28,0.67,2.42
Payments,2026-09-01,Object Storage,1,161.73,0.59,-1.62
Payments,2026-09-01,Oracle Database,1,134.49,0.49,-2.13
Payments,2026-09-01,Red Hat Enterprise Linux,1,275.67,1.01,3.36
Payments,2026-09-01,SMF Analytics,1,3484.23,12.73,9.14
Payments,2026-09-01,SQL Server,2,446.58,1.63,2.11
Payments,2026-09-01,Serverless Functions,4,850.95,3.11,-0.47
Payments,2026-09-01,Streaming Ingest,2,612.69,2.24,1.18
Payments,2026-09-01,Sysplex Coupling,1,549.55,2.01,3.09
Payments,2026-09-01,VMware vSphere,4,463.02,1.69,0.07
Payments,2026-09-01,WebSphere Application Server,2,378.03,1.38,-1.62
Payments,2026-09-01,Windows Server,3,1678.66,6.13,-1.7
Payments,2026-09-01,z/OS Connect,1,650.32,2.38,1.82
Procurement,2025-10-01,API Gateway,1,52.17,0.17,
Procurement,2025-10-01,Active Directory,2,739.36,2.37,
Procurement,2025-10-01,CICS Transaction Server,1,3657.98,11.72,
Procurement,2025-10-01,Compute Instances,2,193.21,0.62,
Procurement,2025-10-01,Container Registry,1,53.25,0.17,
Procurement,2025-10-01,Content Delivery,1,122.91,0.39,
Procurement,2025-10-01,Data Warehouse,1,113.88,0.36,
Procurement,2025-10-01,IMS Transaction Manager,3,5787.59,18.54,
Procurement,2025-10-01,JCL Scheduler,2,5390.55,17.27,
Procurement,2025-10-01,Kubernetes Service,1,66.17,0.21,
Procurement,2025-10-01,Log Analytics,1,82.23,0.26,
Procurement,2025-10-01,Machine Learning Platform,1,134.69,0.43,
Procurement,2025-10-01,Managed PostgreSQL,1,40.46,0.13,
Procurement,2025-10-01,Message Queue,2,381.87,1.22,
Procurement,2025-10-01,Object Storage,2,275.81,0.88,
Procurement,2025-10-01,Oracle Database,1,162.71,0.52,
Procurement,2025-10-01,Red Hat Enterprise Linux,1,201.88,0.65,
Procurement,2025-10-01,SQL Server,1,522.29,1.67,
Procurement,2025-10-01,Streaming Ingest,1,126.38,0.4,
Procurement,2025-10-01,Sysplex Coupling,1,7664.52,24.55,
Procurement,2025-10-01,Tape Virtualisation,3,3449.25,11.05,
Procurement,2025-10-01,VSAM Storage,1,1994.65,6.39,
Procurement,2025-11-01,API Gateway,1,47.97,0.17,-8.05
Procurement,2025-11-01,Active Directory,2,682.86,2.38,-7.64
Procurement,2025-11-01,CICS Transaction Server,1,3172.61,11.05,-13.27
Procurement,2025-11-01,Compute Instances,2,179.78,0.63,-6.95
Procurement,2025-11-01,Container Registry,1,49.74,0.17,-6.59
Procurement,2025-11-01,Content Delivery,1,116.04,0.4,-5.59
Procurement,2025-11-01,Data Warehouse,1,109.78,0.38,-3.6
Procurement,2025-11-01,IMS Transaction Manager,3,5349.41,18.63,-7.57
Procurement,2025-11-01,JCL Scheduler,2,5066.8,17.64,-6.01
Procurement,2025-11-01,Kubernetes Service,1,62.26,0.22,-5.91
Procurement,2025-11-01,Log Analytics,1,75.94,0.26,-7.65
Procurement,2025-11-01,Machine Learning Platform,1,126.83,0.44,-5.84
Procurement,2025-11-01,Managed PostgreSQL,1,39.03,0.14,-3.53
Procurement,2025-11-01,Message Queue,2,364.65,1.27,-4.51
Procurement,2025-11-01,Object Storage,2,257.18,0.9,-6.75
Procurement,2025-11-01,Oracle Database,1,149.31,0.52,-8.24
Procurement,2025-11-01,Red Hat Enterprise Linux,1,180.64,0.63,-10.52
Procurement,2025-11-01,SQL Server,1,486.89,1.7,-6.78
Procurement,2025-11-01,Streaming Ingest,1,121.32,0.42,-4.0
Procurement,2025-11-01,Sysplex Coupling,1,7203.08,25.08,-6.02
Procurement,2025-11-01,Tape Virtualisation,3,3046.83,10.61,-11.67
Procurement,2025-11-01,VSAM Storage,1,1831.61,6.38,-8.17
Procurement,2025-12-01,API Gateway,1,52.06,0.16,8.53
Procurement,2025-12-01,Active Directory,2,762.1,2.37,11.6
Procurement,2025-12-01,CICS Transaction Server,1,3672.28,11.4,15.75
Procurement,2025-12-01,Compute Instances,2,192.81,0.6,7.25
Procurement,2025-12-01,Container Registry,1,53.0,0.16,6.55
Procurement,2025-12-01,Content Delivery,1,118.37,0.37,2.01
Procurement,2025-12-01,Data Warehouse,1,112.37,0.35,2.36
Procurement,2025-12-01,IMS Transaction Manager,3,6068.04,18.84,13.43
Procurement,2025-12-01,JCL Scheduler,2,5711.49,17.73,12.72
Procurement,2025-12-01,Kubernetes Service,1,67.35,0.21,8.18
Procurement,2025-12-01,Log Analytics,1,79.82,0.25,5.11
Procurement,2025-12-01,Machine Learning Platform,1,136.81,0.42,7.87
Procurement,2025-12-01,Managed PostgreSQL,1,42.54,0.13,8.99
Procurement,2025-12-01,Message Queue,2,395.0,1.23,8.32
Procurement,2025-12-01,Object Storage,2,274.01,0.85,6.54
Procurement,2025-12-01,Oracle Database,1,164.36,0.51,10.08
Procurement,2025-12-01,Red Hat Enterprise Linux,1,202.04,0.63,11.85
Procurement,2025-12-01,SQL Server,1,513.67,1.59,5.5
Procurement,2025-12-01,Streaming Ingest,1,132.73,0.41,9.4
Procurement,2025-12-01,Sysplex Coupling,1,7782.49,24.16,8.04
Procurement,2025-12-01,Tape Virtualisation,3,3538.45,10.99,16.14
Procurement,2025-12-01,VSAM Storage,1,2136.61,6.63,16.65
Procurement,2026-01-01,API Gateway,1,51.38,0.17,-1.31
Procurement,2026-01-01,Active Directory,2,718.58,2.38,-5.71
Procurement,2026-01-01,CICS Transaction Server,1,3300.53,10.92,-10.12
Procurement,2026-01-01,Compute Instances,2,191.31,0.63,-0.78
Procurement,2026-01-01,Container Registry,1,53.77,0.18,1.45
Procurement,2026-01-01,Content Delivery,1,121.46,0.4,2.61
Procurement,2026-01-01,Data Warehouse,1,113.99,0.38,1.44
Procurement,2026-01-01,IMS Transaction Manager,3,5548.34,18.36,-8.56
Procurement,2026-01-01,JCL Scheduler,2,5364.43,17.75,-6.08
Procurement,2026-01-01,Kubernetes Service,1,63.68,0.21,-5.45
Procurement,2026-01-01,Log Analytics,1,79.49,0.26,-0.41
Procurement,2026-01-01,Machine Learning Platform,1,132.18,0.44,-3.38
Procurement,2026-01-01,Managed PostgreSQL,1,40.26,0.13,-5.36
Procurement,2026-01-01,Message Queue,2,381.89,1.26,-3.32
Procurement,2026-01-01,Object Storage,2,265.88,0.88,-2.97
Procurement,2026-01-01,Oracle Database,1,163.12,0.54,-0.75
Procurement,2026-01-01,Red Hat Enterprise Linux,1,204.07,0.68,1.0
Procurement,2026-01-01,SQL Server,1,517.89,1.71,0.82
Procurement,2026-01-01,Streaming Ingest,1,124.25,0.41,-6.39
Procurement,2026-01-01,Sysplex Coupling,1,7537.16,24.95,-3.15
Procurement,2026-01-01,Tape Virtualisation,3,3341.91,11.06,-5.55
Procurement,2026-01-01,VSAM Storage,1,1899.33,6.29,-11.11
Procurement,2026-02-01,API Gateway,1,46.49,0.17,-9.52
Procurement,2026-02-01,Active Directory,2,674.15,2.48,-6.18
Procurement,2026-02-01,CICS Transaction Server,1,3062.25,11.24,-7.22
Procurement,2026-02-01,Compute Instances,2,169.21,0.62,-11.55
Procurement,2026-02-01,Container Registry,1,46.3,0.17,-13.89
Procurement,2026-02-01,Content Delivery,1,108.39,0.4,-10.76
Procurement,2026-02-01,Data Warehouse,1,102.67,0.38,-9.93
Procurement,2026-02-01,IMS Transaction Manager,3,5063.62,18.59,-8.74
Procurement,2026-02-01,JCL Scheduler,2,4929.51,18.1,-8.11
Procurement,2026-02-01,Kubernetes Service,1,59.82,0.22,-6.06
Procurement,2026-02-01,Log Analytics,1,72.44,0.27,-8.87
Procurement,2026-02-01,Machine Learning Platform,1,122.58,0.45,-7.26
Procurement,2026-02-01,Managed PostgreSQL,1,36.22,0.13,-10.03
Procurement,2026-02-01,Message Queue,2,342.34,1.26,-10.36
Procurement,2026-02-01,Object Storage,2,238.67,0.88,-10.23
Procurement,2026-02-01,Oracle Database,1,144.99,0.53,-11.11
Procurement,2026-02-01,Red Hat Enterprise Linux,1,185.09,0.68,-9.3
Procurement,2026-02-01,SQL Server,1,466.67,1.71,-9.89
Procurement,2026-02-01,Streaming Ingest,1,115.67,0.42,-6.91
Procurement,2026-02-01,Sysplex Coupling,1,6488.04,23.82,-13.92
Procurement,2026-02-01,Tape Virtualisation,3,3008.24,11.05,-9.98
Procurement,2026-02-01,VSAM Storage,1,1751.15,6.43,-7.8
Procurement,2026-03-01,API Gateway,1,51.48,0.16,10.73
Procurement,2026-03-01,Active Directory,2,719.73,2.26,6.76
Procurement,2026-03-01,CICS Transaction Server,1,3645.93,11.46,19.06
Procurement,2026-03-01,Compute Instances,2,185.08,0.58,9.38
Procurement,2026-03-01,Container Registry,1,52.3,0.16,12.96
Procurement,2026-03-01,Content Delivery,1,118.42,0.37,9.25
Procurement,2026-03-01,Data Warehouse,1,112.67,0.35,9.74
Procurement,2026-03-01,IMS Transaction Manager,3,5906.13,18.56,16.64
Procurement,2026-03-01,JCL Scheduler,2,5596.13,17.58,13.52
Procurement,2026-03-01,Kubernetes Service,1,64.74,0.2,8.22
Procurement,2026-03-01,Log Analytics,1,82.36,0.26,13.69
Procurement,2026-03-01,Machine Learning Platform,1,128.17,0.4,4.56
Procurement,2026-03-01,Managed PostgreSQL,1,39.14,0.12,8.06
Procurement,2026-03-01,Message Queue,2,378.83,1.19,10.66
Procurement,2026-03-01,Object Storage,2,268.24,0.84,12.39
Procurement,2026-03-01,Oracle Database,1,157.03,0.49,8.3
Procurement,2026-03-01,Red Hat Enterprise Linux,1,198.73,0.62,7.37
Procurement,2026-03-01,SQL Server,1,510.82,1.61,9.46
Procurement,2026-03-01,Streaming Ingest,1,128.58,0.4,11.16
Procurement,2026-03-01,Sysplex Coupling,1,7904.29,24.84,21.83
Procurement,2026-03-01,Tape Virtualisation,3,3462.17,10.88,15.09
Procurement,2026-03-01,VSAM Storage,1,2112.54,6.64,20.64
Procurement,2026-04-01,API Gateway,1,48.75,0.16,-5.3
Procurement,2026-04-01,Active Directory,2,701.88,2.34,-2.48
Procurement,2026-04-01,CICS Transaction Server,1,3347.8,11.16,-8.18
Procurement,2026-04-01,Compute Instances,2,189.25,0.63,2.25
Procurement,2026-04-01,Container Registry,1,49.94,0.17,-4.51
Procurement,2026-04-01,Content Delivery,1,118.73,0.4,0.26
Procurement,2026-04-01,Data Warehouse,1,112.87,0.38,0.18
Procurement,2026-04-01,IMS Transaction Manager,3,5492.41,18.31,-7.0
Procurement,2026-04-01,JCL Scheduler,2,5388.41,17.96,-3.71
Procurement,2026-04-01,Kubernetes Service,1,63.97,0.21,-1.19
Procurement,2026-04-01,Log Analytics,1,79.14,0.26,-3.91
Procurement,2026-04-01,Machine Learning Platform,1,129.93,0.43,1.37
Procurement,2026-04-01,Managed PostgreSQL,1,40.29,0.13,2.94
Procurement,2026-04-01,Message Queue,2,365.77,1.22,-3.45
Procurement,2026-04-01,Object Storage,2,263.91,0.88,-1.61
Procurement,2026-04-01,Oracle Database,1,154.49,0.52,-1.62
Procurement,2026-04-01,Red Hat Enterprise Linux,1,202.06,0.67,1.68
Procurement,2026-04-01,SQL Server,1,490.13,1.63,-4.05
Procurement,2026-04-01,Streaming Ingest,1,126.35,0.42,-1.73
Procurement,2026-04-01,Sysplex Coupling,1,7485.44,24.96,-5.3
Procurement,2026-04-01,Tape Virtualisation,3,3271.43,10.91,-5.51
Procurement,2026-04-01,VSAM Storage,1,1871.91,6.24,-11.39
Procurement,2026-05-01,API Gateway,1,49.98,0.17,2.52
Procurement,2026-05-01,Active Directory,2,712.46,2.4,1.51
Procurement,2026-05-01,CICS Transaction Server,1,3326.08,11.19,-0.65
Procurement,2026-05-01,Compute Instances,2,190.03,0.64,0.41
Procurement,2026-05-01,Container Registry,1,49.76,0.17,-0.36
Procurement,2026-05-01,Content Delivery,1,119.76,0.4,0.87
Procurement,2026-05-01,Data Warehouse,1,113.71,0.38,0.74
Procurement,2026-05-01,IMS Transaction Manager,3,5505.89,18.52,0.25
Procurement,2026-05-01,JCL Scheduler,2,5255.71,17.68,-2.46
Procurement,2026-05-01,Kubernetes Service,1,64.65,0.22,1.06
Procurement,2026-05-01,Log Analytics,1,79.3,0.27,0.2
Procurement,2026-05-01,Machine Learning Platform,1,129.72,0.44,-0.16
Procurement,2026-05-01,Managed PostgreSQL,1,41.08,0.14,1.96
Procurement,2026-05-01,Message Queue,2,380.77,1.28,4.1
Procurement,2026-05-01,Object Storage,2,264.54,0.89,0.24
Procurement,2026-05-01,Oracle Database,1,156.33,0.53,1.19
Procurement,2026-05-01,Red Hat Enterprise Linux,1,191.15,0.64,-5.4
Procurement,2026-05-01,SQL Server,1,506.24,1.7,3.29
Procurement,2026-05-01,Streaming Ingest,1,127.85,0.43,1.19
Procurement,2026-05-01,Sysplex Coupling,1,7328.56,24.65,-2.1
Procurement,2026-05-01,Tape Virtualisation,3,3217.33,10.82,-1.65
Procurement,2026-05-01,VSAM Storage,1,1915.99,6.45,2.35
Procurement,2026-06-01,API Gateway,1,47.47,0.15,-5.02
Procurement,2026-06-01,Active Directory,2,711.4,2.27,-0.15
Procurement,2026-06-01,CICS Transaction Server,1,3469.75,11.08,4.32
Procurement,2026-06-01,Compute Instances,2,183.07,0.58,-3.66
Procurement,2026-06-01,Container Registry,1,51.74,0.17,3.98
Procurement,2026-06-01,Content Delivery,1,118.52,0.38,-1.04
Procurement,2026-06-01,Data Warehouse,1,112.39,0.36,-1.16
Procurement,2026-06-01,IMS Transaction Manager,3,5905.92,18.87,7.27
Procurement,2026-06-01,JCL Scheduler,2,5706.23,18.23,8.57
Procurement,2026-06-01,Kubernetes Service,1,62.24,0.2,-3.73
Procurement,2026-06-01,Log Analytics,1,78.17,0.25,-1.42
Procurement,2026-06-01,Machine Learning Platform,1,130.21,0.42,0.38
Procurement,2026-06-01,Managed PostgreSQL,1,39.6,0.13,-3.6
Procurement,2026-06-01,Message Queue,2,370.23,1.18,-2.77
Procurement,2026-06-01,Object Storage,2,263.87,0.84,-0.25
Procurement,2026-06-01,Oracle Database,1,153.84,0.49,-1.59
Procurement,2026-06-01,Red Hat Enterprise Linux,1,193.21,0.62,1.08
Procurement,2026-06-01,SQL Server,1,500.68,1.6,-1.1
Procurement,2026-06-01,Streaming Ingest,1,121.94,0.39,-4.62
Procurement,2026-06-01,Sysplex Coupling,1,7630.44,24.38,4.12
Procurement,2026-06-01,Tape Virtualisation,3,3410.69,10.9,6.01
Procurement,2026-06-01,VSAM Storage,1,2041.27,6.52,6.54
Procurement,2026-07-01,API Gateway,1,50.87,0.16,7.16
Procurement,2026-07-01,Active Directory,2,730.77,2.36,2.72
Procurement,2026-07-01,CICS Transaction Server,1,3387.22,10.95,-2.38
Procurement,2026-07-01,Compute Instances,2,193.35,0.63,5.62
Procurement,2026-07-01,Container Registry,1,51.31,0.17,-0.83
Procurement,2026-07-01,Content Delivery,1,123.31,0.4,4.04
Procurement,2026-07-01,Data Warehouse,1,116.86,0.38,3.98
Procurement,2026-07-01,IMS Transaction Manager,3,5732.05,18.53,-2.94
Procurement,2026-07-01,JCL Scheduler,2,5464.43,17.66,-4.24
Procurement,2026-07-01,Kubernetes Service,1,67.19,0.22,7.95
Procurement,2026-07-01,Log Analytics,1,81.61,0.26,4.4
Procurement,2026-07-01,Machine Learning Platform,1,137.29,0.44,5.44
Procurement,2026-07-01,Managed PostgreSQL,1,41.18,0.13,3.99
Procurement,2026-07-01,Message Queue,2,382.77,1.24,3.39
Procurement,2026-07-01,Object Storage,2,271.92,0.88,3.05
Procurement,2026-07-01,Oracle Database,1,165.37,0.53,7.49
Procurement,2026-07-01,Red Hat Enterprise Linux,1,212.03,0.69,9.74
Procurement,2026-07-01,SQL Server,1,525.58,1.7,4.97
Procurement,2026-07-01,Streaming Ingest,1,130.12,0.42,6.71
Procurement,2026-07-01,Sysplex Coupling,1,7740.25,25.02,1.44
Procurement,2026-07-01,Tape Virtualisation,3,3305.78,10.69,-3.08
Procurement,2026-07-01,VSAM Storage,1,2023.56,6.54,-0.87
Procurement,2026-08-01,API Gateway,1,49.39,0.16,-2.91
Procurement,2026-08-01,Active Directory,2,726.16,2.4,-0.63
Procurement,2026-08-01,CICS Transaction Server,1,3519.31,11.64,3.9
Procurement,2026-08-01,Compute Instances,2,187.63,0.62,-2.96
Procurement,2026-08-01,Container Registry,1,52.6,0.17,2.51
Procurement,2026-08-01,Content Delivery,1,119.41,0.39,-3.16
Procurement,2026-08-01,Data Warehouse,1,110.32,0.36,-5.6
Procurement,2026-08-01,IMS Transaction Manager,3,5577.06,18.44,-2.7
Procurement,2026-08-01,JCL Scheduler,2,5347.76,17.68,-2.14
Procurement,2026-08-01,Kubernetes Service,1,67.15,0.22,-0.06
Procurement,2026-08-01,Log Analytics,1,76.85,0.25,-5.83
Procurement,2026-08-01,Machine Learning Platform,1,134.66,0.45,-1.92
Procurement,2026-08-01,Managed PostgreSQL,1,39.31,0.13,-4.54
Procurement,2026-08-01,Message Queue,2,381.26,1.26,-0.39
Procurement,2026-08-01,Object Storage,2,265.72,0.88,-2.28
Procurement,2026-08-01,Oracle Database,1,158.83,0.53,-3.95
Procurement,2026-08-01,Red Hat Enterprise Linux,1,195.07,0.64,-8.0
Procurement,2026-08-01,SQL Server,1,509.36,1.68,-3.09
Procurement,2026-08-01,Streaming Ingest,1,130.95,0.43,0.64
Procurement,2026-08-01,Sysplex Coupling,1,7411.65,24.51,-4.25
Procurement,2026-08-01,Tape Virtualisation,3,3228.71,10.68,-2.33
Procurement,2026-08-01,VSAM Storage,1,1955.59,6.47,-3.36
Procurement,2026-09-01,API Gateway,1,49.7,0.16,0.63
Procurement,2026-09-01,Active Directory,2,715.11,2.32,-1.52
Procurement,2026-09-01,CICS Transaction Server,1,3454.3,11.19,-1.85
Procurement,2026-09-01,Compute Instances,2,183.61,0.59,-2.14
Procurement,2026-09-01,Container Registry,1,50.81,0.16,-3.4
Procurement,2026-09-01,Content Delivery,1,114.41,0.37,-4.19
Procurement,2026-09-01,Data Warehouse,1,109.32,0.35,-0.91
Procurement,2026-09-01,IMS Transaction Manager,3,5783.25,18.73,3.7
Procurement,2026-09-01,JCL Scheduler,2,5415.07,17.54,1.26
Procurement,2026-09-01,Kubernetes Service,1,62.67,0.2,-6.67
Procurement,2026-09-01,Log Analytics,1,76.61,0.25,-0.31
Procurement,2026-09-01,Machine Learning Platform,1,130.9,0.42,-2.79
Procurement,2026-09-01,Managed PostgreSQL,1,40.03,0.13,1.83
Procurement,2026-09-01,Message Queue,2,374.59,1.21,-1.75
Procurement,2026-09-01,Object Storage,2,262.3,0.85,-1.29
Procurement,2026-09-01,Oracle Database,1,154.87,0.5,-2.49
Procurement,2026-09-01,Red Hat Enterprise Linux,1,189.25,0.61,-2.98
Procurement,2026-09-01,SQL Server,1,480.95,1.56,-5.58
Procurement,2026-09-01,Streaming Ingest,1,124.7,0.4,-4.77
Procurement,2026-09-01,Sysplex Coupling,1,7564.65,24.5,2.06
Procurement,2026-09-01,Tape Virtualisation,3,3551.1,11.5,9.99
Procurement,2026-09-01,VSAM Storage,1,1988.75,6.44,1.7
Retail Banking,2025-10-01,API Gateway,2,724.0,3.43,
Retail Banking,2025-10-01,Active Directory,2,372.01,1.76,
Retail Banking,2025-10-01,Block Storage,2,748.38,3.54,
Retail Banking,2025-10-01,COBOL Batch,2,5120.69,24.26,
Retail Banking,2025-10-01,Compute Instances,1,86.97,0.41,
Retail Banking,2025-10-01,Container Registry,2,694.55,3.29,
Retail Banking,2025-10-01,Db2 for z/OS,1,2838.59,13.45,
Retail Banking,2025-10-01,F5 Load Balancing,1,58.24,0.28,
Retail Banking,2025-10-01,IMS Transaction Manager,1,1382.08,6.55,
Retail Banking,2025-10-01,Kubernetes Service,1,548.9,2.6,
Retail Banking,2025-10-01,Machine Learning Platform,1,266.77,1.26,
Retail Banking,2025-10-01,Managed PostgreSQL,3,232.31,1.1,
Retail Banking,2025-10-01,Managed Redis,2,526.47,2.49,
Retail Banking,2025-10-01,Nagios Monitoring,1,81.4,0.39,
Retail Banking,2025-10-01,NetApp Storage,2,795.78,3.77,
Retail Banking,2025-10-01,Object Storage,1,293.82,1.39,
Retail Banking,2025-10-01,Red Hat Enterprise Linux,1,106.59,0.5,
Retail Banking,2025-10-01,Secrets Manager,1,50.34,0.24,
Retail Banking,2025-10-01,Serverless Functions,1,230.46,1.09,
Retail Banking,2025-10-01,Streaming Ingest,1,74.92,0.35,
Retail Banking,2025-10-01,Tape Virtualisation,2,3326.45,15.76,
Retail Banking,2025-10-01,Tomcat,2,693.88,3.29,
Retail Banking,2025-10-01,VMware vSphere,2,509.59,2.41,
Retail Banking,2025-10-01,Veeam Backup,4,777.97,3.69,
Retail Banking,2025-10-01,WebSphere Application Server,1,408.77,1.94,
Retail Banking,2025-10-01,Windows Server,1,161.39,0.76,
Retail Banking,2025-11-01,API Gateway,2,657.62,3.38,-9.17
Retail Banking,2025-11-01,Active Directory,2,348.33,1.79,-6.37
Retail Banking,2025-11-01,Block Storage,2,682.99,3.51,-8.74
Retail Banking,2025-11-01,COBOL Batch,2,4659.14,23.92,-9.01
Retail Banking,2025-11-01,Compute Instances,1,83.13,0.43,-4.42
Retail Banking,2025-11-01,Container Registry,2,642.49,3.3,-7.5
Retail Banking,2025-11-01,Db2 for z/OS,1,2642.38,13.56,-6.91
Retail Banking,2025-11-01,F5 Load Balancing,1,54.91,0.28,-5.72
Retail Banking,2025-11-01,IMS Transaction Manager,1,1254.85,6.44,-9.21
Retail Banking,2025-11-01,Kubernetes Service,1,498.51,2.56,-9.18
Retail Banking,2025-11-01,Machine Learning Platform,1,256.58,1.32,-3.82
Retail Banking,2025-11-01,Managed PostgreSQL,3,219.35,1.13,-5.58
Retail Banking,2025-11-01,Managed Redis,2,492.93,2.53,-6.37
Retail Banking,2025-11-01,Nagios Monitoring,1,73.37,0.38,-9.86
Retail Banking,2025-11-01,NetApp Storage,2,731.39,3.75,-8.09
Retail Banking,2025-11-01,Object Storage,1,267.84,1.37,-8.84
Retail Banking,2025-11-01,Red Hat Enterprise Linux,1,97.93,0.5,-8.12
Retail Banking,2025-11-01,Secrets Manager,1,49.88,0.26,-0.91
Retail Banking,2025-11-01,Serverless Functions,1,216.91,1.11,-5.88
Retail Banking,2025-11-01,Streaming Ingest,1,68.59,0.35,-8.45
Retail Banking,2025-11-01,Tape Virtualisation,2,3071.51,15.77,-7.66
Retail Banking,2025-11-01,Tomcat,2,654.72,3.36,-5.64
Retail Banking,2025-11-01,VMware vSphere,2,464.51,2.38,-8.85
Retail Banking,2025-11-01,Veeam Backup,4,752.45,3.86,-3.28
Retail Banking,2025-11-01,WebSphere Application Server,1,385.02,1.98,-5.81
Retail Banking,2025-11-01,Windows Server,1,152.31,0.78,-5.63
Retail Banking,2025-12-01,API Gateway,2,707.19,3.26,7.54
Retail Banking,2025-12-01,Active Directory,2,384.7,1.77,10.44
Retail Banking,2025-12-01,Block Storage,2,725.62,3.34,6.24
Retail Banking,2025-12-01,COBOL Batch,2,5354.15,24.65,14.92
Retail Banking,2025-12-01,Compute Instances,1,91.23,0.42,9.74
Retail Banking,2025-12-01,Container Registry,2,689.92,3.18,7.38
Retail Banking,2025-12-01,Db2 for z/OS,1,3039.53,13.99,15.03
Retail Banking,2025-12-01,F5 Load Balancing,1,60.84,0.28,10.8
Retail Banking,2025-12-01,IMS Transaction Manager,1,1434.78,6.61,14.34
Retail Banking,2025-12-01,Kubernetes Service,1,529.82,2.44,6.28
Retail Banking,2025-12-01,Machine Learning Platform,1,273.85,1.26,6.73
Retail Banking,2025-12-01,Managed PostgreSQL,3,235.55,1.08,7.39
Retail Banking,2025-12-01,Managed Redis,2,529.37,2.44,7.39
Retail Banking,2025-12-01,Nagios Monitoring,1,80.6,0.37,9.85
Retail Banking,2025-12-01,NetApp Storage,2,784.05,3.61,7.2
Retail Banking,2025-12-01,Object Storage,1,294.15,1.35,9.82
Retail Banking,2025-12-01,Red Hat Enterprise Linux,1,104.8,0.48,7.02
Retail Banking,2025-12-01,Secrets Manager,1,51.58,0.24,3.41
Retail Banking,2025-12-01,Serverless Functions,1,230.81,1.06,6.41
Retail Banking,2025-12-01,Streaming Ingest,1,75.94,0.35,10.72
Retail Banking,2025-12-01,Tape Virtualisation,2,3480.75,16.03,13.32
Retail Banking,2025-12-01,Tomcat,2,696.68,3.21,6.41
Retail Banking,2025-12-01,VMware vSphere,2,504.47,2.32,8.6
Retail Banking,2025-12-01,Veeam Backup,4,785.95,3.62,4.45
Retail Banking,2025-12-01,WebSphere Application Server,1,412.48,1.9,7.13
Retail Banking,2025-12-01,Windows Server,1,160.59,0.74,5.44
Retail Banking,2026-01-01,API Gateway,2,701.63,3.41,-0.79
Retail Banking,2026-01-01,Active Directory,2,381.58,1.86,-0.81
Retail Banking,2026-01-01,Block Storage,2,732.04,3.56,0.88
Retail Banking,2026-01-01,COBOL Batch,2,4995.93,24.29,-6.69
Retail Banking,2026-01-01,Compute Instances,1,86.95,0.42,-4.69
Retail Banking,2026-01-01,Container Registry,2,681.21,3.31,-1.26
Retail Banking,2026-01-01,Db2 for z/OS,1,2723.15,13.24,-10.41
Retail Banking,2026-01-01,F5 Load Balancing,1,61.62,0.3,1.28
Retail Banking,2026-01-01,IMS Transaction Manager,1,1297.49,6.31,-9.57
Retail Banking,2026-01-01,Kubernetes Service,1,532.66,2.59,0.54
Retail Banking,2026-01-01,Machine Learning Platform,1,271.09,1.32,-1.01
Retail Banking,2026-01-01,Managed PostgreSQL,3,226.88,1.1,-3.68
Retail Banking,2026-01-01,Managed Redis,2,531.46,2.58,0.39
Retail Banking,2026-01-01,Nagios Monitoring,1,78.15,0.38,-3.04
Retail Banking,2026-01-01,NetApp Storage,2,764.68,3.72,-2.47
Retail Banking,2026-01-01,Object Storage,1,286.27,1.39,-2.68
Retail Banking,2026-01-01,Red Hat Enterprise Linux,1,101.6,0.49,-3.05
Retail Banking,2026-01-01,Secrets Manager,1,50.9,0.25,-1.32
Retail Banking,2026-01-01,Serverless Functions,1,229.5,1.12,-0.57
Retail Banking,2026-01-01,Streaming Ingest,1,72.84,0.35,-4.08
Retail Banking,2026-01-01,Tape Virtualisation,2,3251.41,15.81,-6.59
Retail Banking,2026-01-01,Tomcat,2,690.22,3.36,-0.93
Retail Banking,2026-01-01,VMware vSphere,2,493.03,2.4,-2.27
Retail Banking,2026-01-01,Veeam Backup,4,775.28,3.77,-1.36
Retail Banking,2026-01-01,WebSphere Application Server,1,392.22,1.91,-4.91
Retail Banking,2026-01-01,Windows Server,1,156.51,0.76,-2.54
Retail Banking,2026-02-01,API Gateway,2,618.73,3.29,-11.82
Retail Banking,2026-02-01,Active Directory,2,335.8,1.79,-12.0
Retail Banking,2026-02-01,Block Storage,2,656.67,3.5,-10.3
Retail Banking,2026-02-01,COBOL Batch,2,4630.51,24.65,-7.31
Retail Banking,2026-02-01,Compute Instances,1,76.17,0.41,-12.4
Retail Banking,2026-02-01,Container Registry,2,610.26,3.25,-10.42
Retail Banking,2026-02-01,Db2 for z/OS,1,2525.73,13.45,-7.25
Retail Banking,2026-02-01,F5 Load Balancing,1,52.74,0.28,-14.41
Retail Banking,2026-02-01,IMS Transaction Manager,1,1178.05,6.27,-9.21
Retail Banking,2026-02-01,Kubernetes Service,1,476.47,2.54,-10.55
Retail Banking,2026-02-01,Machine Learning Platform,1,242.63,1.29,-10.5
Retail Banking,2026-02-01,Managed PostgreSQL,3,212.39,1.13,-6.39
Retail Banking,2026-02-01,Managed Redis,2,498.16,2.65,-6.27
Retail Banking,2026-02-01,Nagios Monitoring,1,68.43,0.36,-12.44
Retail Banking,2026-02-01,NetApp Storage,2,701.45,3.73,-8.27
Retail Banking,2026-02-01,Object Storage,1,256.96,1.37,-10.24
Retail Banking,2026-02-01,Red Hat Enterprise Linux,1,91.14,0.49,-10.3
Retail Banking,2026-02-01,Secrets Manager,1,46.11,0.25,-9.41
Retail Banking,2026-02-01,Serverless Functions,1,203.94,1.09,-11.14
Retail Banking,2026-02-01,Streaming Ingest,1,68.52,0.36,-5.93
Retail Banking,2026-02-01,Tape Virtualisation,2,2946.23,15.68,-9.39
Retail Banking,2026-02-01,Tomcat,2,634.45,3.38,-8.08
Retail Banking,2026-02-01,VMware vSphere,2,449.25,2.39,-8.88
Retail Banking,2026-02-01,Veeam Backup,4,698.23,3.72,-9.94
Retail Banking,2026-02-01,WebSphere Application Server,1,367.34,1.96,-6.34
Retail Banking,2026-02-01,Windows Server,1,138.63,0.74,-11.42
Retail Banking,2026-03-01,API Gateway,2,697.67,3.25,12.76
Retail Banking,2026-03-01,Active Directory,2,370.21,1.73,10.25
Retail Banking,2026-03-01,Block Storage,2,757.87,3.53,15.41
Retail Banking,2026-03-01,COBOL Batch,2,5413.32,25.24,16.91
Retail Banking,2026-03-01,Compute Instances,1,85.01,0.4,11.61
Retail Banking,2026-03-01,Container Registry,2,661.16,3.08,8.34
Retail Banking,2026-03-01,Db2 for z/OS,1,2848.07,13.28,12.76
Retail Banking,2026-03-01,F5 Load Balancing,1,60.68,0.28,15.05
Retail Banking,2026-03-01,IMS Transaction Manager,1,1411.83,6.58,19.84
Retail Banking,2026-03-01,Kubernetes Service,1,508.73,2.37,6.77
Retail Banking,2026-03-01,Machine Learning Platform,1,271.69,1.27,11.98
Retail Banking,2026-03-01,Managed PostgreSQL,3,232.41,1.08,9.43
Retail Banking,2026-03-01,Managed Redis,2,523.97,2.44,5.18
Retail Banking,2026-03-01,Nagios Monitoring,1,77.88,0.36,13.81
Retail Banking,2026-03-01,NetApp Storage,2,765.14,3.57,9.08
Retail Banking,2026-03-01,Object Storage,1,287.7,1.34,11.96
Retail Banking,2026-03-01,Red Hat Enterprise Linux,1,102.82,0.48,12.82
Retail Banking,2026-03-01,Secrets Manager,1,50.23,0.23,8.94
Retail Banking,2026-03-01,Serverless Functions,1,228.59,1.07,12.09
Retail Banking,2026-03-01,Streaming Ingest,1,74.56,0.35,8.81
Retail Banking,2026-03-01,Tape Virtualisation,2,3472.85,16.19,17.87
Retail Banking,2026-03-01,Tomcat,2,708.28,3.3,11.64
Retail Banking,2026-03-01,VMware vSphere,2,498.04,2.32,10.86
Retail Banking,2026-03-01,Veeam Backup,4,778.72,3.63,11.53
Retail Banking,2026-03-01,WebSphere Application Server,1,402.89,1.88,9.68
Retail Banking,2026-03-01,Windows Server,1,158.08,0.74,14.03
Retail Banking,2026-04-01,API Gateway,2,667.04,3.26,-4.39
Retail Banking,2026-04-01,Active Directory,2,377.91,1.85,2.08
Retail Banking,2026-04-01,Block Storage,2,741.11,3.63,-2.21
Retail Banking,2026-04-01,COBOL Batch,2,5006.62,24.5,-7.51
Retail Banking,2026-04-01,Compute Instances,1,86.49,0.42,1.74
Retail Banking,2026-04-01,Container Registry,2,661.31,3.24,0.02
Retail Banking,2026-04-01,Db2 for z/OS,1,2762.82,13.52,-2.99
Retail Banking,2026-04-01,F5 Load Balancing,1,56.64,0.28,-6.66
Retail Banking,2026-04-01,IMS Transaction Manager,1,1274.35,6.24,-9.74
Retail Banking,2026-04-01,Kubernetes Service,1,494.36,2.42,-2.82
Retail Banking,2026-04-01,Machine Learning Platform,1,269.03,1.32,-0.98
Retail Banking,2026-04-01,Managed PostgreSQL,3,222.53,1.09,-4.25
Retail Banking,2026-04-01,Managed Redis,2,509.26,2.49,-2.81
Retail Banking,2026-04-01,Nagios Monitoring,1,75.53,0.37,-3.02
Retail Banking,2026-04-01,NetApp Storage,2,754.84,3.69,-1.35
Retail Banking,2026-04-01,Object Storage,1,285.67,1.4,-0.71
Retail Banking,2026-04-01,Red Hat Enterprise Linux,1,100.62,0.49,-2.14
Retail Banking,2026-04-01,Secrets Manager,1,47.89,0.23,-4.66
Retail Banking,2026-04-01,Serverless Functions,1,221.13,1.08,-3.26
Retail Banking,2026-04-01,Streaming Ingest,1,71.96,0.35,-3.49
Retail Banking,2026-04-01,Tape Virtualisation,2,3310.23,16.2,-4.68
Retail Banking,2026-04-01,Tomcat,2,664.87,3.25,-6.13
Retail Banking,2026-04-01,VMware vSphere,2,472.68,2.31,-5.09
Retail Banking,2026-04-01,Veeam Backup,4,746.17,3.65,-4.18
Retail Banking,2026-04-01,WebSphere Application Server,1,402.82,1.97,-0.02
Retail Banking,2026-04-01,Windows Server,1,153.56,0.75,-2.86
Retail Banking,2026-05-01,API Gateway,2,708.36,3.44,6.19
Retail Banking,2026-05-01,Active Directory,2,374.83,1.82,-0.82
Retail Banking,2026-05-01,Block Storage,2,717.2,3.49,-3.23
Retail Banking,2026-05-01,COBOL Batch,2,4945.54,24.05,-1.22
Retail Banking,2026-05-01,Compute Instances,1,83.48,0.41,-3.48
Retail Banking,2026-05-01,Container Registry,2,666.99,3.24,0.86
Retail Banking,2026-05-01,Db2 for z/OS,1,2792.78,13.58,1.08
Retail Banking,2026-05-01,F5 Load Balancing,1,60.25,0.29,6.37
Retail Banking,2026-05-01,IMS Transaction Manager,1,1352.53,6.58,6.13
Retail Banking,2026-05-01,Kubernetes Service,1,520.41,2.53,5.27
Retail Banking,2026-05-01,Machine Learning Platform,1,263.69,1.28,-1.98
Retail Banking,2026-05-01,Managed PostgreSQL,3,230.29,1.12,3.49
Retail Banking,2026-05-01,Managed Redis,2,522.98,2.54,2.69
Retail Banking,2026-05-01,Nagios Monitoring,1,77.1,0.37,2.08
Retail Banking,2026-05-01,NetApp Storage,2,757.67,3.68,0.37
Retail Banking,2026-05-01,Object Storage,1,288.74,1.4,1.07
Retail Banking,2026-05-01,Red Hat Enterprise Linux,1,102.28,0.5,1.65
Retail Banking,2026-05-01,Secrets Manager,1,49.85,0.24,4.09
Retail Banking,2026-05-01,Serverless Functions,1,226.51,1.1,2.43
Retail Banking,2026-05-01,Streaming Ingest,1,70.44,0.34,-2.11
Retail Banking,2026-05-01,Tape Virtualisation,2,3280.39,15.95,-0.9
Retail Banking,2026-05-01,Tomcat,2,684.26,3.33,2.92
Retail Banking,2026-05-01,VMware vSphere,2,494.21,2.4,4.55
Retail Banking,2026-05-01,Veeam Backup,4,750.69,3.65,0.61
Retail Banking,2026-05-01,WebSphere Application Server,1,387.98,1.89,-3.68
Retail Banking,2026-05-01,Windows Server,1,154.49,0.75,0.61
Retail Banking,2026-06-01,API Gateway,2,684.72,3.26,-3.34
Retail Banking,2026-06-01,Active Directory,2,357.85,1.71,-4.53
Retail Banking,2026-06-01,Block Storage,2,735.58,3.51,2.56
Retail Banking,2026-06-01,COBOL Batch,2,5349.84,25.49,8.18
Retail Banking,2026-06-01,Compute Instances,1,84.64,0.4,1.39
Retail Banking,2026-06-01,Container Registry,2,652.28,3.11,-2.21
Retail Banking,2026-06-01,Db2 for z/OS,1,2867.42,13.66,2.67
Retail Banking,2026-06-01,F5 Load Balancing,1,56.8,0.27,-5.73
Retail Banking,2026-06-01,IMS Transaction Manager,1,1367.13,6.51,1.08
Retail Banking,2026-06-01,Kubernetes Service,1,484.24,2.31,-6.95
Retail Banking,2026-06-01,Machine Learning Platform,1,266.15,1.27,0.93
Retail Banking,2026-06-01,Managed PostgreSQL,3,228.56,1.09,-0.75
Retail Banking,2026-06-01,Managed Redis,2,508.71,2.42,-2.73
Retail Banking,2026-06-01,Nagios Monitoring,1,77.61,0.37,0.66
Retail Banking,2026-06-01,NetApp Storage,2,737.02,3.51,-2.73
Retail Banking,2026-06-01,Object Storage,1,278.73,1.33,-3.47
Retail Banking,2026-06-01,Red Hat Enterprise Linux,1,97.91,0.47,-4.27
Retail Banking,2026-06-01,Secrets Manager,1,48.42,0.23,-2.87
Retail Banking,2026-06-01,Serverless Functions,1,226.57,1.08,0.03
Retail Banking,2026-06-01,Streaming Ingest,1,70.94,0.34,0.71
Retail Banking,2026-06-01,Tape Virtualisation,2,3360.98,16.02,2.46
Retail Banking,2026-06-01,Tomcat,2,666.93,3.18,-2.53
Retail Banking,2026-06-01,VMware vSphere,2,488.3,2.33,-1.2
Retail Banking,2026-06-01,Veeam Backup,4,746.69,3.56,-0.53
Retail Banking,2026-06-01,WebSphere Application Server,1,379.63,1.81,-2.15
Retail Banking,2026-06-01,Windows Server,1,160.8,0.77,4.08
Retail Banking,2026-07-01,API Gateway,2,722.6,3.37,5.53
Retail Banking,2026-07-01,Active Directory,2,379.32,1.77,6.0
Retail Banking,2026-07-01,Block Storage,2,769.95,3.6,4.67
Retail Banking,2026-07-01,COBOL Batch,2,5123.46,23.93,-4.23
Retail Banking,2026-07-01,Compute Instances,1,88.27,0.41,4.29
Retail Banking,2026-07-01,Container Registry,2,686.04,3.2,5.18
Retail Banking,2026-07-01,Db2 for z/OS,1,2995.03,13.99,4.45
Retail Banking,2026-07-01,F5 Load Balancing,1,61.24,0.29,7.82
Retail Banking,2026-07-01,IMS Transaction Manager,1,1375.35,6.42,0.6
Retail Banking,2026-07-01,Kubernetes Service,1,548.23,2.56,13.21
Retail Banking,2026-07-01,Machine Learning Platform,1,277.75,1.3,4.36
Retail Banking,2026-07-01,Managed PostgreSQL,3,232.04,1.08,1.52
Retail Banking,2026-07-01,Managed Redis,2,541.47,2.53,6.44
Retail Banking,2026-07-01,Nagios Monitoring,1,81.44,0.38,4.93
Retail Banking,2026-07-01,NetApp Storage,2,759.23,3.55,3.01
Retail Banking,2026-07-01,Object Storage,1,288.4,1.35,3.47
Retail Banking,2026-07-01,Red Hat Enterprise Linux,1,105.92,0.49,8.18
Retail Banking,2026-07-01,Secrets Manager,1,50.86,0.24,5.04
Retail Banking,2026-07-01,Serverless Functions,1,229.45,1.07,1.27
Retail Banking,2026-07-01,Streaming Ingest,1,73.99,0.35,4.3
Retail Banking,2026-07-01,Tape Virtualisation,2,3426.54,16.0,1.95
Retail Banking,2026-07-01,Tomcat,2,733.21,3.42,9.94
Retail Banking,2026-07-01,VMware vSphere,2,512.69,2.39,4.99
Retail Banking,2026-07-01,Veeam Backup,4,795.28,3.71,6.51
Retail Banking,2026-07-01,WebSphere Application Server,1,393.52,1.84,3.66
Retail Banking,2026-07-01,Windows Server,1,159.24,0.74,-0.97
Retail Banking,2026-08-01,API Gateway,2,688.35,3.35,-4.74
Retail Banking,2026-08-01,Active Directory,2,372.61,1.81,-1.77
Retail Banking,2026-08-01,Block Storage,2,725.94,3.53,-5.72
Retail Banking,2026-08-01,COBOL Batch,2,4941.66,24.04,-3.55
Retail Banking,2026-08-01,Compute Instances,1,85.81,0.42,-2.79
Retail Banking,2026-08-01,Container Registry,2,656.72,3.19,-4.27
Retail Banking,2026-08-01,Db2 for z/OS,1,2793.98,13.59,-6.71
Retail Banking,2026-08-01,F5 Load Balancing,1,58.14,0.28,-5.06
Retail Banking,2026-08-01,IMS Transaction Manager,1,1270.29,6.18,-7.64
Retail Banking,2026-08-01,Kubernetes Service,1,506.75,2.47,-7.57
Retail Banking,2026-08-01,Machine Learning Platform,1,267.46,1.3,-3.7
Retail Banking,2026-08-01,Managed PostgreSQL,3,228.22,1.11,-1.65
Retail Banking,2026-08-01,Managed Redis,2,531.19,2.58,-1.9
Retail Banking,2026-08-01,Nagios Monitoring,1,78.66,0.38,-3.41
Retail Banking,2026-08-01,NetApp Storage,2,765.27,3.72,0.8
Retail Banking,2026-08-01,Object Storage,1,293.44,1.43,1.75
Retail Banking,2026-08-01,Red Hat Enterprise Linux,1,101.24,0.49,-4.42
Retail Banking,2026-08-01,Secrets Manager,1,50.77,0.25,-0.18
Retail Banking,2026-08-01,Serverless Functions,1,225.58,1.1,-1.69
Retail Banking,2026-08-01,Streaming Ingest,1,72.86,0.35,-1.53
Retail Banking,2026-08-01,Tape Virtualisation,2,3332.91,16.21,-2.73
Retail Banking,2026-08-01,Tomcat,2,702.72,3.42,-4.16
Retail Banking,2026-08-01,VMware vSphere,2,498.31,2.42,-2.8
Retail Banking,2026-08-01,Veeam Backup,4,754.41,3.67,-5.14
Retail Banking,2026-08-01,WebSphere Application Server,1,396.61,1.93,0.79
Retail Banking,2026-08-01,Windows Server,1,157.76,0.77,-0.93
Retail Banking,2026-09-01,API Gateway,2,684.57,3.24,-0.55
Retail Banking,2026-09-01,Active Directory,2,370.59,1.75,-0.54
Retail Banking,2026-09-01,Block Storage,2,717.66,3.39,-1.14
Retail Banking,2026-09-01,COBOL Batch,2,5269.04,24.92,6.62
Retail Banking,2026-09-01,Compute Instances,1,84.1,0.4,-1.99
Retail Banking,2026-09-01,Container Registry,2,656.76,3.11,0.01
Retail Banking,2026-09-01,Db2 for z/OS,1,2889.75,13.67,3.43
Retail Banking,2026-09-01,F5 Load Balancing,1,59.58,0.28,2.48
Retail Banking,2026-09-01,IMS Transaction Manager,1,1407.77,6.66,10.82
Retail Banking,2026-09-01,Kubernetes Service,1,520.16,2.46,2.65
Retail Banking,2026-09-01,Machine Learning Platform,1,257.0,1.22,-3.91
Retail Banking,2026-09-01,Managed PostgreSQL,3,227.26,1.07,-0.42
Retail Banking,2026-09-01,Managed Redis,2,508.07,2.4,-4.35
Retail Banking,2026-09-01,Nagios Monitoring,1,78.86,0.37,0.25
Retail Banking,2026-09-01,NetApp Storage,2,733.37,3.47,-4.17
Retail Banking,2026-09-01,Object Storage,1,287.34,1.36,-2.08
Retail Banking,2026-09-01,Red Hat Enterprise Linux,1,100.71,0.48,-0.52
Retail Banking,2026-09-01,Secrets Manager,1,48.5,0.23,-4.47
Retail Banking,2026-09-01,Serverless Functions,1,225.29,1.07,-0.13
Retail Banking,2026-09-01,Streaming Ingest,1,68.49,0.32,-6.0
Retail Banking,2026-09-01,Tape Virtualisation,2,3468.83,16.41,4.08
Retail Banking,2026-09-01,Tomcat,2,695.98,3.29,-0.96
Retail Banking,2026-09-01,VMware vSphere,2,492.35,2.33,-1.2
Retail Banking,2026-09-01,Veeam Backup,4,750.54,3.55,-0.51
Retail Banking,2026-09-01,WebSphere Application Server,1,383.62,1.81,-3.28
Retail Banking,2026-09-01,Windows Server,1,155.69,0.74,-1.31
Risk,2025-10-01,Active Directory,2,831.6,1.22,
Risk,2025-10-01,CICS Transaction Server,1,14352.52,21.08,
Risk,2025-10-01,COBOL Batch,3,9253.55,13.59,
Risk,2025-10-01,Compute Instances,4,674.35,0.99,
Risk,2025-10-01,Container Registry,2,538.08,0.79,
Risk,2025-10-01,Data Warehouse,1,195.09,0.29,
Risk,2025-10-01,Db2 for z/OS,2,3863.91,5.68,
Risk,2025-10-01,F5 Load Balancing,4,282.25,0.41,
Risk,2025-10-01,IMS Transaction Manager,3,9270.25,13.62,
Risk,2025-10-01,Kubernetes Service,1,78.69,0.12,
Risk,2025-10-01,Log Analytics,1,401.94,0.59,
Risk,2025-10-01,Managed PostgreSQL,3,1000.66,1.47,
Risk,2025-10-01,Message Queue,1,57.06,0.08,
Risk,2025-10-01,Object Storage,1,209.85,0.31,
Risk,2025-10-01,Oracle Database,1,96.81,0.14,
Risk,2025-10-01,Red Hat Enterprise Linux,2,322.15,0.47,
Risk,2025-10-01,SMF Analytics,1,3656.78,5.37,
Risk,2025-10-01,SQL Server,1,154.59,0.23,
Risk,2025-10-01,Streaming Ingest,1,186.03,0.27,
Risk,2025-10-01,Sysplex Coupling,2,11339.74,16.66,
Risk,2025-10-01,Tape Virtualisation,1,2713.72,3.99,
Risk,2025-10-01,Tomcat,1,745.53,1.09,
Risk,2025-10-01,VMware vSphere,1,73.95,0.11,
Risk,2025-10-01,VSAM Storage,4,3772.93,5.54,
Risk,2025-10-01,Veeam Backup,2,295.78,0.43,
Risk,2025-10-01,WebSphere Application Server,1,456.93,0.67,
Risk,2025-10-01,Windows Server,2,671.41,0.99,
Risk,2025-10-01,z/OS Connect,2,2589.24,3.8,
Risk,2025-11-01,Active Directory,2,778.96,1.25,-6.33
Risk,2025-11-01,CICS Transaction Server,1,13019.47,20.92,-9.29
Risk,2025-11-01,COBOL Batch,3,8439.1,13.56,-8.8
Risk,2025-11-01,Compute Instances,4,629.97,1.01,-6.58
Risk,2025-11-01,Container Registry,2,511.05,0.82,-5.02
Risk,2025-11-01,Data Warehouse,1,193.01,0.31,-1.07
Risk,2025-11-01,Db2 for z/OS,2,3539.26,5.69,-8.4
Risk,2025-11-01,F5 Load Balancing,4,261.08,0.42,-7.5
Risk,2025-11-01,IMS Transaction Manager,3,8449.27,13.57,-8.86
Risk,2025-11-01,Kubernetes Service,1,75.97,0.12,-3.46
Risk,2025-11-01,Log Analytics,1,388.68,0.62,-3.3
Risk,2025-11-01,Managed PostgreSQL,3,919.97,1.48,-8.06
Risk,2025-11-01,Message Queue,1,51.1,0.08,-10.45
Risk,2025-11-01,Object Storage,1,205.16,0.33,-2.23
Risk,2025-11-01,Oracle Database,1,89.61,0.14,-7.44
Risk,2025-11-01,Red Hat Enterprise Linux,2,301.77,0.48,-6.33
Risk,2025-11-01,SMF Analytics,1,3421.41,5.5,-6.44
Risk,2025-11-01,SQL Server,1,148.53,0.24,-3.92
Risk,2025-11-01,Streaming Ingest,1,174.49,0.28,-6.2
Risk,2025-11-01,Sysplex Coupling,2,9983.91,16.04,-11.96
Risk,2025-11-01,Tape Virtualisation,1,2516.93,4.04,-7.25
Risk,2025-11-01,Tomcat,1,734.14,1.18,-1.53
Risk,2025-11-01,VMware vSphere,1,68.86,0.11,-6.88
Risk,2025-11-01,VSAM Storage,4,3608.47,5.8,-4.36
Risk,2025-11-01,Veeam Backup,2,289.55,0.47,-2.11
Risk,2025-11-01,WebSphere Application Server,1,428.17,0.69,-6.29
Risk,2025-11-01,Windows Server,2,623.97,1.0,-7.07
Risk,2025-11-01,z/OS Connect,2,2397.1,3.85,-7.42
Risk,2025-12-01,Active Directory,2,838.31,1.19,7.62
Risk,2025-12-01,CICS Transaction Server,1,14425.13,20.45,10.8
Risk,2025-12-01,COBOL Batch,3,9838.56,13.95,16.58
Risk,2025-12-01,Compute Instances,4,684.53,0.97,8.66
Risk,2025-12-01,Container Registry,2,550.16,0.78,7.65
Risk,2025-12-01,Data Warehouse,1,196.86,0.28,1.99
Risk,2025-12-01,Db2 for z/OS,2,4114.29,5.83,16.25
Risk,2025-12-01,F5 Load Balancing,4,276.33,0.39,5.84
Risk,2025-12-01,IMS Transaction Manager,3,9562.91,13.56,13.18
Risk,2025-12-01,Kubernetes Service,1,79.61,0.11,4.79
Risk,2025-12-01,Log Analytics,1,419.24,0.59,7.86
Risk,2025-12-01,Managed PostgreSQL,3,977.58,1.39,6.26
Risk,2025-12-01,Message Queue,1,55.49,0.08,8.59
Risk,2025-12-01,Object Storage,1,212.36,0.3,3.51
Risk,2025-12-01,Oracle Database,1,97.46,0.14,8.76
Risk,2025-12-01,Red Hat Enterprise Linux,2,327.14,0.46,8.41
Risk,2025-12-01,SMF Analytics,1,3839.79,5.44,12.23
Risk,2025-12-01,SQL Server,1,154.97,0.22,4.34
Risk,2025-12-01,Streaming Ingest,1,185.51,0.26,6.32
Risk,2025-12-01,Sysplex Coupling,2,11587.64,16.43,16.06
Risk,2025-12-01,Tape Virtualisation,1,2983.29,4.23,18.53
Risk,2025-12-01,Tomcat,1,778.53,1.1,6.05
Risk,2025-12-01,VMware vSphere,1,71.0,0.1,3.11
Risk,2025-12-01,VSAM Storage,4,4152.9,5.89,15.09
Risk,2025-12-01,Veeam Backup,2,303.47,0.43,4.81
Risk,2025-12-01,WebSphere Application Server,1,454.81,0.64,6.22
Risk,2025-12-01,Windows Server,2,663.96,0.94,6.41
Risk,2025-12-01,z/OS Connect,2,2710.37,3.84,13.07
Risk,2026-01-01,Active Directory,2,815.59,1.24,-2.71
Risk,2026-01-01,CICS Transaction Server,1,13757.36,20.98,-4.63
Risk,2026-01-01,COBOL Batch,3,8898.82,13.57,-9.55
Risk,2026-01-01,Compute Instances,4,664.72,1.01,-2.89
Risk,2026-01-01,Container Registry,2,535.46,0.82,-2.67
Risk,2026-01-01,Data Warehouse,1,194.79,0.3,-1.05
Risk,2026-01-01,Db2 for z/OS,2,3755.96,5.73,-8.71
Risk,2026-01-01,F5 Load Balancing,4,277.29,0.42,0.35
Risk,2026-01-01,IMS Transaction Manager,3,8917.14,13.6,-6.75
Risk,2026-01-01,Kubernetes Service,1,77.28,0.12,-2.93
Risk,2026-01-01,Log Analytics,1,401.34,0.61,-4.27
Risk,2026-01-01,Managed PostgreSQL,3,942.92,1.44,-3.55
Risk,2026-01-01,Message Queue,1,53.28,0.08,-3.98
Risk,2026-01-01,Object Storage,1,210.01,0.32,-1.11
Risk,2026-01-01,Oracle Database,1,95.05,0.14,-2.47
Risk,2026-01-01,Red Hat Enterprise Linux,2,315.63,0.48,-3.52
Risk,2026-01-01,SMF Analytics,1,3682.18,5.62,-4.1
Risk,2026-01-01,SQL Server,1,155.92,0.24,0.61
Risk,2026-01-01,Streaming Ingest,1,184.84,0.28,-0.36
Risk,2026-01-01,Sysplex Coupling,2,10645.47,16.24,-8.13
Risk,2026-01-01,Tape Virtualisation,1,2613.59,3.99,-12.39
Risk,2026-01-01,Tomcat,1,770.02,1.17,-1.09
Risk,2026-01-01,VMware vSphere,1,73.75,0.11,3.87
Risk,2026-01-01,VSAM Storage,4,3737.98,5.7,-9.99
Risk,2026-01-01,Veeam Backup,2,294.76,0.45,-2.87
Risk,2026-01-01,WebSphere Application Server,1,452.35,0.69,-0.54
Risk,2026-01-01,Windows Server,2,645.08,0.98,-2.84
Risk,2026-01-01,z/OS Connect,2,2396.64,3.66,-11.58
Risk,2026-02-01,Active Directory,2,746.37,1.25,-8.49
Risk,2026-02-01,CICS Transaction Server,1,12223.59,20.52,-11.15
Risk,2026-02-01,COBOL Batch,3,8308.09,13.94,-6.64
Risk,2026-02-01,Compute Instances,4,592.9,1.0,-10.8
Risk,2026-02-01,Container Registry,2,473.13,0.79,-11.64
Risk,2026-02-01,Data Warehouse,1,172.93,0.29,-11.22
Risk,2026-02-01,Db2 for z/OS,2,3292.49,5.53,-12.34
Risk,2026-02-01,F5 Load Balancing,4,250.08,0.42,-9.81
Risk,2026-02-01,IMS Transaction Manager,3,7992.46,13.42,-10.37
Risk,2026-02-01,Kubernetes Service,1,75.02,0.13,-2.92
Risk,2026-02-01,Log Analytics,1,359.87,0.6,-10.33
Risk,2026-02-01,Managed PostgreSQL,3,881.01,1.48,-6.57
Risk,2026-02-01,Message Queue,1,50.59,0.08,-5.05
Risk,2026-02-01,Object Storage,1,194.7,0.33,-7.29
Risk,2026-02-01,Oracle Database,1,86.06,0.14,-9.46
Risk,2026-02-01,Red Hat Enterprise Linux,2,303.05,0.51,-3.99
Risk,2026-02-01,SMF Analytics,1,3299.57,5.54,-10.39
Risk,2026-02-01,SQL Server,1,140.55,0.24,-9.86
Risk,2026-02-01,Streaming Ingest,1,170.71,0.29,-7.64
Risk,2026-02-01,Sysplex Coupling,2,9814.46,16.47,-7.81
Risk,2026-02-01,Tape Virtualisation,1,2367.29,3.97,-9.42
Risk,2026-02-01,Tomcat,1,675.51,1.13,-12.27
Risk,2026-02-01,VMware vSphere,1,63.8,0.11,-13.49
Risk,2026-02-01,VSAM Storage,4,3435.64,5.77,-8.09
Risk,2026-02-01,Veeam Backup,2,274.12,0.46,-7.0
Risk,2026-02-01,WebSphere Application Server,1,415.49,0.7,-8.15
Risk,2026-02-01,Windows Server,2,601.9,1.01,-6.69
Risk,2026-02-01,z/OS Connect,2,2316.45,3.89,-3.35
Risk,2026-03-01,Active Directory,2,799.47,1.16,7.11
Risk,2026-03-01,CICS Transaction Server,1,14584.75,21.15,19.32
Risk,2026-03-01,COBOL Batch,3,9321.15,13.52,12.19
Risk,2026-03-01,Compute Instances,4,663.22,0.96,11.86
Risk,2026-03-01,Container Registry,2,517.48,0.75,9.37
Risk,2026-03-01,Data Warehouse,1,207.46,0.3,19.97
Risk,2026-03-01,Db2 for z/OS,2,3860.21,5.6,17.24
Risk,2026-03-01,F5 Load Balancing,4,276.16,0.4,10.43
Risk,2026-03-01,IMS Transaction Manager,3,9354.5,13.57,17.04
Risk,2026-03-01,Kubernetes Service,1,79.0,0.11,5.31
Risk,2026-03-01,Log Analytics,1,403.12,0.58,12.02
Risk,2026-03-01,Managed PostgreSQL,3,958.21,1.39,8.76
Risk,2026-03-01,Message Queue,1,56.31,0.08,11.31
Risk,2026-03-01,Object Storage,1,211.49,0.31,8.62
Risk,2026-03-01,Oracle Database,1,93.71,0.14,8.89
Risk,2026-03-01,Red Hat Enterprise Linux,2,317.85,0.46,4.88
Risk,2026-03-01,SMF Analytics,1,3861.47,5.6,17.03
Risk,2026-03-01,SQL Server,1,155.39,0.23,10.56
Risk,2026-03-01,Streaming Ingest,1,186.57,0.27,9.29
Risk,2026-03-01,Sysplex Coupling,2,11172.83,16.2,13.84
Risk,2026-03-01,Tape Virtualisation,1,2736.17,3.97,15.58
Risk,2026-03-01,Tomcat,1,777.27,1.13,15.06
Risk,2026-03-01,VMware vSphere,1,72.84,0.11,14.17
Risk,2026-03-01,VSAM Storage,4,4143.17,6.01,20.59
Risk,2026-03-01,Veeam Backup,2,295.69,0.43,7.87
Risk,2026-03-01,WebSphere Application Server,1,447.41,0.65,7.68
Risk,2026-03-01,Windows Server,2,672.54,0.98,11.74
Risk,2026-03-01,z/OS Connect,2,2731.75,3.96,17.93
Risk,2026-04-01,Active Directory,2,797.04,1.22,-0.3
Risk,2026-04-01,CICS Transaction Server,1,13985.1,21.38,-4.11
Risk,2026-04-01,COBOL Batch,3,8681.46,13.27,-6.86
Risk,2026-04-01,Compute Instances,4,643.64,0.98,-2.95
Risk,2026-04-01,Container Registry,2,519.2,0.79,0.33
Risk,2026-04-01,Data Warehouse,1,190.7,0.29,-8.08
Risk,2026-04-01,Db2 for z/OS,2,3696.93,5.65,-4.23
Risk,2026-04-01,F5 Load Balancing,4,267.14,0.41,-3.27
Risk,2026-04-01,IMS Transaction Manager,3,9059.85,13.85,-3.15
Risk,2026-04-01,Kubernetes Service,1,79.01,0.12,0.01
Risk,2026-04-01,Log Analytics,1,395.99,0.61,-1.77
Risk,2026-04-01,Managed PostgreSQL,3,963.17,1.47,0.52
Risk,2026-04-01,Message Queue,1,53.93,0.08,-4.23
Risk,2026-04-01,Object Storage,1,193.6,0.3,-8.46
Risk,2026-04-01,Oracle Database,1,95.13,0.15,1.52
Risk,2026-04-01,Red Hat Enterprise Linux,2,310.64,0.47,-2.27
Risk,2026-04-01,SMF Analytics,1,3531.04,5.4,-8.56
Risk,2026-04-01,SQL Server,1,150.71,0.23,-3.01
Risk,2026-04-01,Streaming Ingest,1,174.63,0.27,-6.4
Risk,2026-04-01,Sysplex Coupling,2,10559.39,16.14,-5.49
Risk,2026-04-01,Tape Virtualisation,1,2673.31,4.09,-2.3
Risk,2026-04-01,Tomcat,1,756.79,1.16,-2.63
Risk,2026-04-01,VMware vSphere,1,71.06,0.11,-2.44
Risk,2026-04-01,VSAM Storage,4,3645.24,5.57,-12.02
Risk,2026-04-01,Veeam Backup,2,302.33,0.46,2.25
Risk,2026-04-01,WebSphere Application Server,1,443.88,0.68,-0.79
Risk,2026-04-01,Windows Server,2,641.7,0.98,-4.59
Risk,2026-04-01,z/OS Connect,2,2527.64,3.86,-7.47
Risk,2026-05-01,Active Directory,2,795.74,1.22,-0.16
Risk,2026-05-01,CICS Transaction Server,1,13575.44,20.9,-2.93
Risk,2026-05-01,COBOL Batch,3,8842.87,13.61,1.86
Risk,2026-05-01,Compute Instances,4,648.58,1.0,0.77
Risk,2026-05-01,Container Registry,2,523.06,0.81,0.74
Risk,2026-05-01,Data Warehouse,1,200.98,0.31,5.39
Risk,2026-05-01,Db2 for z/OS,2,3615.17,5.56,-2.21
Risk,2026-05-01,F5 Load Balancing,4,267.14,0.41,0.0
Risk,2026-05-01,IMS Transaction Manager,3,8872.75,13.66,-2.07
Risk,2026-05-01,Kubernetes Service,1,78.64,0.12,-0.47
Risk,2026-05-01,Log Analytics,1,408.47,0.63,3.15
Risk,2026-05-01,Managed PostgreSQL,3,944.49,1.45,-1.94
Risk,2026-05-01,Message Queue,1,55.82,0.09,3.5
Risk,2026-05-01,Object Storage,1,219.36,0.34,13.31
Risk,2026-05-01,Oracle Database,1,96.14,0.15,1.06
Risk,2026-05-01,Red Hat Enterprise Linux,2,311.77,0.48,0.36
Risk,2026-05-01,SMF Analytics,1,3488.88,5.37,-1.19
Risk,2026-05-01,SQL Server,1,159.14,0.24,5.59
Risk,2026-05-01,Streaming Ingest,1,180.92,0.28,3.6
Risk,2026-05-01,Sysplex Coupling,2,10676.32,16.43,1.11
Risk,2026-05-01,Tape Virtualisation,1,2594.94,3.99,-2.93
Risk,2026-05-01,Tomcat,1,740.02,1.14,-2.22
Risk,2026-05-01,VMware vSphere,1,70.2,0.11,-1.21
Risk,2026-05-01,VSAM Storage,4,3740.99,5.76,2.63
Risk,2026-05-01,Veeam Backup,2,297.73,0.46,-1.52
Risk,2026-05-01,WebSphere Application Server,1,428.21,0.66,-3.53
Risk,2026-05-01,Windows Server,2,656.7,1.01,2.34
Risk,2026-05-01,z/OS Connect,2,2478.0,3.81,-1.96
Risk,2026-06-01,Active Directory,2,798.08,1.17,0.29
Risk,2026-06-01,CICS Transaction Server,1,14603.73,21.39,7.57
Risk,2026-06-01,COBOL Batch,3,9369.72,13.72,5.96
Risk,2026-06-01,Compute Instances,4,637.76,0.93,-1.67
Risk,2026-06-01,Container Registry,2,519.71,0.76,-0.64
Risk,2026-06-01,Data Warehouse,1,190.85,0.28,-5.04
Risk,2026-06-01,Db2 for z/OS,2,3884.77,5.69,7.46
Risk,2026-06-01,F5 Load Balancing,4,271.44,0.4,1.61
Risk,2026-06-01,IMS Transaction Manager,3,9195.04,13.47,3.63
Risk,2026-06-01,Kubernetes Service,1,79.92,0.12,1.63
Risk,2026-06-01,Log Analytics,1,392.45,0.57,-3.92
Risk,2026-06-01,Managed PostgreSQL,3,938.07,1.37,-0.68
Risk,2026-06-01,Message Queue,1,53.85,0.08,-3.53
Risk,2026-06-01,Object Storage,1,213.81,0.31,-2.53
Risk,2026-06-01,Oracle Database,1,89.42,0.13,-6.99
Risk,2026-06-01,Red Hat Enterprise Linux,2,316.41,0.46,1.49
Risk,2026-06-01,SMF Analytics,1,3681.12,5.39,5.51
Risk,2026-06-01,SQL Server,1,144.27,0.21,-9.34
Risk,2026-06-01,Streaming Ingest,1,184.32,0.27,1.88
Risk,2026-06-01,Sysplex Coupling,2,11280.02,16.52,5.65
Risk,2026-06-01,Tape Virtualisation,1,2772.33,4.06,6.84
Risk,2026-06-01,Tomcat,1,741.19,1.09,0.16
Risk,2026-06-01,VMware vSphere,1,69.98,0.1,-0.31
Risk,2026-06-01,VSAM Storage,4,3934.87,5.76,5.18
Risk,2026-06-01,Veeam Backup,2,294.37,0.43,-1.13
Risk,2026-06-01,WebSphere Application Server,1,433.39,0.63,1.21
Risk,2026-06-01,Windows Server,2,639.97,0.94,-2.55
Risk,2026-06-01,z/OS Connect,2,2548.04,3.73,2.83
Risk,2026-07-01,Active Directory,2,824.65,1.21,3.33
Risk,2026-07-01,CICS Transaction Server,1,14543.23,21.38,-0.41
Risk,2026-07-01,COBOL Batch,3,9307.65,13.68,-0.66
Risk,2026-07-01,Compute Instances,4,659.47,0.97,3.4
Risk,2026-07-01,Container Registry,2,533.55,0.78,2.66
Risk,2026-07-01,Data Warehouse,1,202.67,0.3,6.19
Risk,2026-07-01,Db2 for z/OS,2,3845.29,5.65,-1.02
Risk,2026-07-01,F5 Load Balancing,4,274.45,0.4,1.11
Risk,2026-07-01,IMS Transaction Manager,3,9308.81,13.68,1.24
Risk,2026-07-01,Kubernetes Service,1,80.28,0.12,0.45
Risk,2026-07-01,Log Analytics,1,406.62,0.6,3.61
Risk,2026-07-01,Managed PostgreSQL,3,1003.53,1.48,6.98
Risk,2026-07-01,Message Queue,1,55.02,0.08,2.17
Risk,2026-07-01,Object Storage,1,208.93,0.31,-2.28
Risk,2026-07-01,Oracle Database,1,95.8,0.14,7.13
Risk,2026-07-01,Red Hat Enterprise Linux,2,317.86,0.47,0.46
Risk,2026-07-01,SMF Analytics,1,3808.84,5.6,3.47
Risk,2026-07-01,SQL Server,1,162.73,0.24,12.8
Risk,2026-07-01,Streaming Ingest,1,190.3,0.28,3.24
Risk,2026-07-01,Sysplex Coupling,2,10780.56,15.85,-4.43
Risk,2026-07-01,Tape Virtualisation,1,2773.2,4.08,0.03
Risk,2026-07-01,Tomcat,1,780.78,1.15,5.34
Risk,2026-07-01,VMware vSphere,1,74.02,0.11,5.77
Risk,2026-07-01,VSAM Storage,4,3839.76,5.64,-2.42
Risk,2026-07-01,Veeam Backup,2,299.68,0.44,1.8
Risk,2026-07-01,WebSphere Application Server,1,443.61,0.65,2.36
Risk,2026-07-01,Windows Server,2,667.88,0.98,4.36
Risk,2026-07-01,z/OS Connect,2,2542.2,3.74,-0.23
Risk,2026-08-01,Active Directory,2,809.98,1.22,-1.78
Risk,2026-08-01,CICS Transaction Server,1,14019.85,21.16,-3.6
Risk,2026-08-01,COBOL Batch,3,8950.49,13.51,-3.84
Risk,2026-08-01,Compute Instances,4,657.45,0.99,-0.31
Risk,2026-08-01,Container Registry,2,525.7,0.79,-1.47
Risk,2026-08-01,Data Warehouse,1,199.1,0.3,-1.76
Risk,2026-08-01,Db2 for z/OS,2,3818.03,5.76,-0.71
Risk,2026-08-01,F5 Load Balancing,4,267.56,0.4,-2.51
Risk,2026-08-01,IMS Transaction Manager,3,8915.13,13.46,-4.23
Risk,2026-08-01,Kubernetes Service,1,76.4,0.12,-4.83
Risk,2026-08-01,Log Analytics,1,397.66,0.6,-2.2
Risk,2026-08-01,Managed PostgreSQL,3,941.41,1.42,-6.19
Risk,2026-08-01,Message Queue,1,54.34,0.08,-1.24
Risk,2026-08-01,Object Storage,1,213.4,0.32,2.14
Risk,2026-08-01,Oracle Database,1,92.98,0.14,-2.94
Risk,2026-08-01,Red Hat Enterprise Linux,2,309.64,0.47,-2.59
Risk,2026-08-01,SMF Analytics,1,3738.43,5.64,-1.85
Risk,2026-08-01,SQL Server,1,149.52,0.23,-8.12
Risk,2026-08-01,Streaming Ingest,1,179.73,0.27,-5.55
Risk,2026-08-01,Sysplex Coupling,2,10795.44,16.3,0.14
Risk,2026-08-01,Tape Virtualisation,1,2627.45,3.97,-5.26
Risk,2026-08-01,Tomcat,1,739.59,1.12,-5.28
Risk,2026-08-01,VMware vSphere,1,70.02,0.11,-5.4
Risk,2026-08-01,VSAM Storage,4,3831.69,5.78,-0.21
Risk,2026-08-01,Veeam Backup,2,289.68,0.44,-3.34
Risk,2026-08-01,WebSphere Application Server,1,431.74,0.65,-2.68
Risk,2026-08-01,Windows Server,2,648.88,0.98,-2.84
Risk,2026-08-01,z/OS Connect,2,2492.45,3.76,-1.96
Risk,2026-09-01,Active Directory,2,800.34,1.18,-1.19
Risk,2026-09-01,CICS Transaction Server,1,14566.76,21.51,3.9
Risk,2026-09-01,COBOL Batch,3,8907.11,13.15,-0.48
Risk,2026-09-01,Compute Instances,4,643.73,0.95,-2.09
Risk,2026-09-01,Container Registry,2,515.6,0.76,-1.92
Risk,2026-09-01,Data Warehouse,1,203.44,0.3,2.18
Risk,2026-09-01,Db2 for z/OS,2,3894.06,5.75,1.99
Risk,2026-09-01,F5 Load Balancing,4,267.37,0.39,-0.07
Risk,2026-09-01,IMS Transaction Manager,3,9323.94,13.77,4.59
Risk,2026-09-01,Kubernetes Service,1,76.12,0.11,-0.37
Risk,2026-09-01,Log Analytics,1,385.44,0.57,-3.07
Risk,2026-09-01,Managed PostgreSQL,3,949.01,1.4,0.81
Risk,2026-09-01,Message Queue,1,53.9,0.08,-0.81
Risk,2026-09-01,Object Storage,1,203.57,0.3,-4.61
Risk,2026-09-01,Oracle Database,1,94.48,0.14,1.61
Risk,2026-09-01,Red Hat Enterprise Linux,2,321.27,0.47,3.76
Risk,2026-09-01,SMF Analytics,1,3650.47,5.39,-2.35
Risk,2026-09-01,SQL Server,1,150.08,0.22,0.37
Risk,2026-09-01,Streaming Ingest,1,179.87,0.27,0.08
Risk,2026-09-01,Sysplex Coupling,2,11092.8,16.38,2.75
Risk,2026-09-01,Tape Virtualisation,1,2806.6,4.14,6.82
Risk,2026-09-01,Tomcat,1,744.7,1.1,0.69
Risk,2026-09-01,VMware vSphere,1,70.47,0.1,0.64
Risk,2026-09-01,VSAM Storage,4,3879.78,5.73,1.26
Risk,2026-09-01,Veeam Backup,2,285.93,0.42,-1.29
Risk,2026-09-01,WebSphere Application Server,1,422.04,0.62,-2.25
Risk,2026-09-01,Windows Server,2,637.77,0.94,-1.71
Risk,2026-09-01,z/OS Connect,2,2608.62,3.85,4.66
Treasury,2025-10-01,Block Storage,3,596.05,1.58,
Treasury,2025-10-01,CICS Transaction Server,1,953.87,2.53,
Treasury,2025-10-01,Compute Instances,2,207.18,0.55,
Treasury,2025-10-01,Db2 for z/OS,1,2422.98,6.44,
Treasury,2025-10-01,F5 Load Balancing,1,62.91,0.17,
Treasury,2025-10-01,IMS Transaction Manager,1,6868.26,18.24,
Treasury,2025-10-01,JCL Scheduler,1,3153.7,8.38,
Treasury,2025-10-01,Kubernetes Service,1,153.07,0.41,
Treasury,2025-10-01,MQ for z/OS,1,7403.79,19.67,
Treasury,2025-10-01,Machine Learning Platform,1,60.55,0.16,
Treasury,2025-10-01,Managed Redis,3,337.06,0.9,
Treasury,2025-10-01,Message Queue,1,133.03,0.35,
Treasury,2025-10-01,NetApp Storage,1,124.98,0.33,
Treasury,2025-10-01,Object Storage,1,106.53,0.28,
Treasury,2025-10-01,Oracle Database,1,272.23,0.72,
Treasury,2025-10-01,SQL Server,1,212.78,0.57,
Treasury,2025-10-01,Secrets Manager,2,317.48,0.84,
Treasury,2025-10-01,Serverless Functions,2,332.29,0.88,
Treasury,2025-10-01,Streaming Ingest,3,591.05,1.57,
Treasury,2025-10-01,Sysplex Coupling,1,1342.48,3.57,
Treasury,2025-10-01,Tape Virtualisation,2,9047.06,24.03,
Treasury,2025-10-01,Tomcat,6,709.68,1.89,
Treasury,2025-10-01,VSAM Storage,1,955.75,2.54,
Treasury,2025-10-01,Veeam Backup,1,56.27,0.15,
Treasury,2025-10-01,WebSphere Application Server,1,67.89,0.18,
Treasury,2025-10-01,z/OS Connect,1,1156.01,3.07,
Treasury,2025-11-01,Block Storage,3,575.13,1.67,-3.51
Treasury,2025-11-01,CICS Transaction Server,1,892.59,2.6,-6.42
Treasury,2025-11-01,Compute Instances,2,195.63,0.57,-5.57
Treasury,2025-11-01,Db2 for z/OS,1,2191.9,6.38,-9.54
Treasury,2025-11-01,F5 Load Balancing,1,59.82,0.17,-4.91
Treasury,2025-11-01,IMS Transaction Manager,1,6224.52,18.11,-9.37
Treasury,2025-11-01,JCL Scheduler,1,2934.98,8.54,-6.94
Treasury,2025-11-01,Kubernetes Service,1,147.22,0.43,-3.82
Treasury,2025-11-01,MQ for z/OS,1,6604.99,19.22,-10.79
Treasury,2025-11-01,Machine Learning Platform,1,58.07,0.17,-4.1
Treasury,2025-11-01,Managed Redis,3,310.08,0.9,-8.0
Treasury,2025-11-01,Message Queue,1,129.85,0.38,-2.39
Treasury,2025-11-01,NetApp Storage,1,120.31,0.35,-3.74
Treasury,2025-11-01,Object Storage,1,105.16,0.31,-1.29
Treasury,2025-11-01,Oracle Database,1,256.15,0.75,-5.91
Treasury,2025-11-01,SQL Server,1,194.89,0.57,-8.41
Treasury,2025-11-01,Secrets Manager,2,304.08,0.88,-4.22
Treasury,2025-11-01,Serverless Functions,2,317.23,0.92,-4.53
Treasury,2025-11-01,Streaming Ingest,3,556.68,1.62,-5.82
Treasury,2025-11-01,Sysplex Coupling,1,1206.59,3.51,-10.12
Treasury,2025-11-01,Tape Virtualisation,2,8220.19,23.92,-9.14
Treasury,2025-11-01,Tomcat,6,659.15,1.92,-7.12
Treasury,2025-11-01,VSAM Storage,1,887.2,2.58,-7.17
Treasury,2025-11-01,Veeam Backup,1,53.71,0.16,-4.55
Treasury,2025-11-01,WebSphere Application Server,1,64.93,0.19,-4.36
Treasury,2025-11-01,z/OS Connect,1,1091.42,3.18,-5.59
Treasury,2025-12-01,Block Storage,3,612.62,1.6,6.52
Treasury,2025-12-01,CICS Transaction Server,1,992.95,2.59,11.24
Treasury,2025-12-01,Compute Instances,2,210.66,0.55,7.68
Treasury,2025-12-01,Db2 for z/OS,1,2597.27,6.78,18.49
Treasury,2025-12-01,F5 Load Balancing,1,62.48,0.16,4.45
Treasury,2025-12-01,IMS Transaction Manager,1,6993.62,18.26,12.36
Treasury,2025-12-01,JCL Scheduler,1,3396.52,8.87,15.73
Treasury,2025-12-01,Kubernetes Service,1,156.21,0.41,6.11
Treasury,2025-12-01,MQ for z/OS,1,7296.09,19.05,10.46
Treasury,2025-12-01,Machine Learning Platform,1,60.73,0.16,4.58
Treasury,2025-12-01,Managed Redis,3,330.43,0.86,6.56
Treasury,2025-12-01,Message Queue,1,135.86,0.35,4.63
Treasury,2025-12-01,NetApp Storage,1,129.11,0.34,7.31
Treasury,2025-12-01,Object Storage,1,105.27,0.27,0.1
Treasury,2025-12-01,Oracle Database,1,270.99,0.71,5.79
Treasury,2025-12-01,SQL Server,1,210.64,0.55,8.08
Treasury,2025-12-01,Secrets Manager,2,328.29,0.86,7.96
Treasury,2025-12-01,Serverless Functions,2,327.16,0.85,3.13
Treasury,2025-12-01,Streaming Ingest,3,588.23,1.54,5.67
Treasury,2025-12-01,Sysplex Coupling,1,1326.44,3.46,9.93
Treasury,2025-12-01,Tape Virtualisation,2,9084.65,23.72,10.52
Treasury,2025-12-01,Tomcat,6,701.35,1.83,6.4
Treasury,2025-12-01,VSAM Storage,1,1012.13,2.64,14.08
Treasury,2025-12-01,Veeam Backup,1,57.15,0.15,6.4
Treasury,2025-12-01,WebSphere Application Server,1,68.22,0.18,5.07
Treasury,2025-12-01,z/OS Connect,1,1250.23,3.26,14.55
Treasury,2026-01-01,Block Storage,3,601.74,1.66,-1.78
Treasury,2026-01-01,CICS Transaction Server,1,872.63,2.41,-12.12
Treasury,2026-01-01,Compute Instances,2,198.72,0.55,-5.67
Treasury,2026-01-01,Db2 for z/OS,1,2388.41,6.6,-8.04
Treasury,2026-01-01,F5 Load Balancing,1,59.21,0.16,-5.23
Treasury,2026-01-01,IMS Transaction Manager,1,6673.85,18.45,-4.57
Treasury,2026-01-01,JCL Scheduler,1,3275.61,9.06,-3.56
Treasury,2026-01-01,Kubernetes Service,1,153.79,0.43,-1.55
Treasury,2026-01-01,MQ for z/OS,1,6987.63,19.32,-4.23
Treasury,2026-01-01,Machine Learning Platform,1,59.9,0.17,-1.37
Treasury,2026-01-01,Managed Redis,3,328.12,0.91,-0.7
Treasury,2026-01-01,Message Queue,1,135.47,0.37,-0.29
Treasury,2026-01-01,NetApp Storage,1,122.32,0.34,-5.26
Treasury,2026-01-01,Object Storage,1,107.58,0.3,2.19
Treasury,2026-01-01,Oracle Database,1,262.03,0.72,-3.31
Treasury,2026-01-01,SQL Server,1,212.88,0.59,1.06
Treasury,2026-01-01,Secrets Manager,2,318.78,0.88,-2.9
Treasury,2026-01-01,Serverless Functions,2,325.74,0.9,-0.43
Treasury,2026-01-01,Streaming Ingest,3,578.86,1.6,-1.59
Treasury,2026-01-01,Sysplex Coupling,1,1293.84,3.58,-2.46
Treasury,2026-01-01,Tape Virtualisation,2,8305.03,22.96,-8.58
Treasury,2026-01-01,Tomcat,6,693.31,1.92,-1.15
Treasury,2026-01-01,VSAM Storage,1,954.3,2.64,-5.71
Treasury,2026-01-01,Veeam Backup,1,53.88,0.15,-5.72
Treasury,2026-01-01,WebSphere Application Server,1,66.2,0.18,-2.96
Treasury,2026-01-01,z/OS Connect,1,1139.58,3.15,-8.85
Treasury,2026-02-01,Block Storage,3,543.52,1.66,-9.68
Treasury,2026-02-01,CICS Transaction Server,1,841.1,2.56,-3.61
Treasury,2026-02-01,Compute Instances,2,182.38,0.56,-8.22
Treasury,2026-02-01,Db2 for z/OS,1,2138.42,6.51,-10.47
Treasury,2026-02-01,F5 Load Balancing,1,55.89,0.17,-5.61
Treasury,2026-02-01,IMS Transaction Manager,1,5852.94,17.83,-12.3
Treasury,2026-02-01,JCL Scheduler,1,2812.89,8.57,-14.13
Treasury,2026-02-01,Kubernetes Service,1,142.68,0.43,-7.22
Treasury,2026-02-01,MQ for z/OS,1,6393.13,19.48,-8.51
Treasury,2026-02-01,Machine Learning Platform,1,53.67,0.16,-10.4
Treasury,2026-02-01,Managed Redis,3,300.96,0.92,-8.28
Treasury,2026-02-01,Message Queue,1,118.67,0.36,-12.4
Treasury,2026-02-01,NetApp Storage,1,109.81,0.33,-10.23
Treasury,2026-02-01,Object Storage,1,96.67,0.29,-10.14
Treasury,2026-02-01,Oracle Database,1,240.66,0.73,-8.16
Treasury,2026-02-01,SQL Server,1,192.93,0.59,-9.37
Treasury,2026-02-01,Secrets Manager,2,287.99,0.88,-9.66
Treasury,2026-02-01,Serverless Functions,2,298.04,0.91,-8.5
Treasury,2026-02-01,Streaming Ingest,3,527.3,1.61,-8.91
Treasury,2026-02-01,Sysplex Coupling,1,1183.77,3.61,-8.51
Treasury,2026-02-01,Tape Virtualisation,2,7800.3,23.76,-6.08
Treasury,2026-02-01,Tomcat,6,633.63,1.93,-8.61
Treasury,2026-02-01,VSAM Storage,1,867.58,2.64,-9.09
Treasury,2026-02-01,Veeam Backup,1,52.53,0.16,-2.51
Treasury,2026-02-01,WebSphere Application Server,1,59.93,0.18,-9.47
Treasury,2026-02-01,z/OS Connect,1,1036.88,3.16,-9.01
Treasury,2026-03-01,Block Storage,3,614.8,1.59,13.11
Treasury,2026-03-01,CICS Transaction Server,1,1015.31,2.63,20.71
Treasury,2026-03-01,Compute Instances,2,207.25,0.54,13.64
Treasury,2026-03-01,Db2 for z/OS,1,2573.16,6.67,20.33
Treasury,2026-03-01,F5 Load Balancing,1,61.1,0.16,9.32
Treasury,2026-03-01,IMS Transaction Manager,1,6918.28,17.94,18.2
Treasury,2026-03-01,JCL Scheduler,1,3263.92,8.46,16.03
Treasury,2026-03-01,Kubernetes Service,1,149.73,0.39,4.94
Treasury,2026-03-01,MQ for z/OS,1,7540.16,19.55,17.94
Treasury,2026-03-01,Machine Learning Platform,1,59.88,0.16,11.57
Treasury,2026-03-01,Managed Redis,3,326.25,0.85,8.4
Treasury,2026-03-01,Message Queue,1,131.85,0.34,11.11
Treasury,2026-03-01,NetApp Storage,1,123.3,0.32,12.28
Treasury,2026-03-01,Object Storage,1,108.16,0.28,11.89
Treasury,2026-03-01,Oracle Database,1,266.8,0.69,10.86
Treasury,2026-03-01,SQL Server,1,224.25,0.58,16.23
Treasury,2026-03-01,Secrets Manager,2,310.42,0.81,7.79
Treasury,2026-03-01,Serverless Functions,2,330.54,0.86,10.9
Treasury,2026-03-01,Streaming Ingest,3,574.27,1.49,8.91
Treasury,2026-03-01,Sysplex Coupling,1,1343.1,3.48,13.46
Treasury,2026-03-01,Tape Virtualisation,2,9320.7,24.17,19.49
Treasury,2026-03-01,Tomcat,6,703.86,1.83,11.08
Treasury,2026-03-01,VSAM Storage,1,1055.26,2.74,21.63
Treasury,2026-03-01,Veeam Backup,1,55.69,0.14,6.02
Treasury,2026-03-01,WebSphere Application Server,1,65.8,0.17,9.79
Treasury,2026-03-01,z/OS Connect,1,1216.56,3.15,17.33
Treasury,2026-04-01,Block Storage,3,591.22,1.64,-3.84
Treasury,2026-04-01,CICS Transaction Server,1,940.0,2.6,-7.42
Treasury,2026-04-01,Compute Instances,2,200.22,0.55,-3.39
Treasury,2026-04-01,Db2 for z/OS,1,2350.46,6.51,-8.65
Treasury,2026-04-01,F5 Load Balancing,1,60.23,0.17,-1.42
Treasury,2026-04-01,IMS Transaction Manager,1,6397.01,17.72,-7.53
Treasury,2026-04-01,JCL Scheduler,1,3109.57,8.62,-4.73
Treasury,2026-04-01,Kubernetes Service,1,155.51,0.43,3.86
Treasury,2026-04-01,MQ for z/OS,1,7247.15,20.08,-3.89
Treasury,2026-04-01,Machine Learning Platform,1,57.04,0.16,-4.74
Treasury,2026-04-01,Managed Redis,3,317.23,0.88,-2.76
Treasury,2026-04-01,Message Queue,1,132.79,0.37,0.71
Treasury,2026-04-01,NetApp Storage,1,123.39,0.34,0.07
Treasury,2026-04-01,Object Storage,1,104.95,0.29,-2.97
Treasury,2026-04-01,Oracle Database,1,256.11,0.71,-4.01
Treasury,2026-04-01,SQL Server,1,211.97,0.59,-5.48
Treasury,2026-04-01,Secrets Manager,2,314.14,0.87,1.2
Treasury,2026-04-01,Serverless Functions,2,323.98,0.9,-1.98
Treasury,2026-04-01,Streaming Ingest,3,565.34,1.57,-1.56
Treasury,2026-04-01,Sysplex Coupling,1,1319.2,3.66,-1.78
Treasury,2026-04-01,Tape Virtualisation,2,8462.65,23.45,-9.21
Treasury,2026-04-01,Tomcat,6,671.0,1.86,-4.67
Treasury,2026-04-01,VSAM Storage,1,949.78,2.63,-10.0
Treasury,2026-04-01,Veeam Backup,1,54.0,0.15,-3.03
Treasury,2026-04-01,WebSphere Application Server,1,66.75,0.18,1.44
Treasury,2026-04-01,z/OS Connect,1,1111.2,3.08,-8.66
Treasury,2026-05-01,Block Storage,3,593.74,1.65,0.43
Treasury,2026-05-01,CICS Transaction Server,1,898.21,2.5,-4.45
Treasury,2026-05-01,Compute Instances,2,203.58,0.57,1.68
Treasury,2026-05-01,Db2 for z/OS,1,2361.08,6.58,0.45
Treasury,2026-05-01,F5 Load Balancing,1,61.9,0.17,2.77
Treasury,2026-05-01,IMS Transaction Manager,1,6384.95,17.78,-0.19
Treasury,2026-05-01,JCL Scheduler,1,3068.26,8.55,-1.33
Treasury,2026-05-01,Kubernetes Service,1,154.36,0.43,-0.74
Treasury,2026-05-01,MQ for z/OS,1,7028.09,19.57,-3.02
Treasury,2026-05-01,Machine Learning Platform,1,61.1,0.17,7.12
Treasury,2026-05-01,Managed Redis,3,324.82,0.9,2.39
Treasury,2026-05-01,Message Queue,1,132.59,0.37,-0.15
Treasury,2026-05-01,NetApp Storage,1,124.64,0.35,1.01
Treasury,2026-05-01,Object Storage,1,107.6,0.3,2.53
Treasury,2026-05-01,Oracle Database,1,268.02,0.75,4.65
Treasury,2026-05-01,SQL Server,1,222.26,0.62,4.85
Treasury,2026-05-01,Secrets Manager,2,317.03,0.88,0.92
Treasury,2026-05-01,Serverless Functions,2,323.65,0.9,-0.1
Treasury,2026-05-01,Streaming Ingest,3,564.27,1.57,-0.19
Treasury,2026-05-01,Sysplex Coupling,1,1258.79,3.51,-4.58
Treasury,2026-05-01,Tape Virtualisation,2,8579.74,23.89,1.38
Treasury,2026-05-01,Tomcat,6,680.26,1.89,1.38
Treasury,2026-05-01,VSAM Storage,1,959.33,2.67,1.01
Treasury,2026-05-01,Veeam Backup,1,54.57,0.15,1.06
Treasury,2026-05-01,WebSphere Application Server,1,64.37,0.18,-3.57
Treasury,2026-05-01,z/OS Connect,1,1109.39,3.09,-0.16
Treasury,2026-06-01,Block Storage,3,587.9,1.58,-0.98
Treasury,2026-06-01,CICS Transaction Server,1,939.57,2.53,4.6
Treasury,2026-06-01,Compute Instances,2,195.96,0.53,-3.74
Treasury,2026-06-01,Db2 for z/OS,1,2428.07,6.55,2.84
Treasury,2026-06-01,F5 Load Balancing,1,60.1,0.16,-2.91
Treasury,2026-06-01,IMS Transaction Manager,1,6770.92,18.25,6.04
Treasury,2026-06-01,JCL Scheduler,1,3184.69,8.58,3.79
Treasury,2026-06-01,Kubernetes Service,1,150.06,0.4,-2.79
Treasury,2026-06-01,MQ for z/OS,1,7406.98,19.97,5.39
Treasury,2026-06-01,Machine Learning Platform,1,60.24,0.16,-1.41
Treasury,2026-06-01,Managed Redis,3,321.82,0.87,-0.92
Treasury,2026-06-01,Message Queue,1,129.84,0.35,-2.07
Treasury,2026-06-01,NetApp Storage,1,124.91,0.34,0.22
Treasury,2026-06-01,Object Storage,1,104.89,0.28,-2.52
Treasury,2026-06-01,Oracle Database,1,262.71,0.71,-1.98
Treasury,2026-06-01,SQL Server,1,209.54,0.56,-5.72
Treasury,2026-06-01,Secrets Manager,2,309.75,0.83,-2.3
Treasury,2026-06-01,Serverless Functions,2,328.79,0.89,1.59
Treasury,2026-06-01,Streaming Ingest,3,560.34,1.51,-0.7
Treasury,2026-06-01,Sysplex Coupling,1,1358.0,3.66,7.88
Treasury,2026-06-01,Tape Virtualisation,2,8621.09,23.24,0.48
Treasury,2026-06-01,Tomcat,6,679.83,1.83,-0.06
Treasury,2026-06-01,VSAM Storage,1,995.29,2.68,3.75
Treasury,2026-06-01,Veeam Backup,1,54.24,0.15,-0.6
Treasury,2026-06-01,WebSphere Application Server,1,63.73,0.17,-0.99
Treasury,2026-06-01,z/OS Connect,1,1186.83,3.2,6.98
Treasury,2026-07-01,Block Storage,3,611.54,1.62,4.02
Treasury,2026-07-01,CICS Transaction Server,1,936.73,2.48,-0.3
Treasury,2026-07-01,Compute Instances,2,205.05,0.54,4.64
Treasury,2026-07-01,Db2 for z/OS,1,2478.27,6.57,2.07
Treasury,2026-07-01,F5 Load Balancing,1,64.34,0.17,7.05
Treasury,2026-07-01,IMS Transaction Manager,1,7079.21,18.77,4.55
Treasury,2026-07-01,JCL Scheduler,1,3303.26,8.76,3.72
Treasury,2026-07-01,Kubernetes Service,1,164.51,0.44,9.63
Treasury,2026-07-01,MQ for z/OS,1,7075.5,18.76,-4.48
Treasury,2026-07-01,Machine Learning Platform,1,62.4,0.17,3.59
Treasury,2026-07-01,Managed Redis,3,335.79,0.89,4.34
Treasury,2026-07-01,Message Queue,1,140.61,0.37,8.29
Treasury,2026-07-01,NetApp Storage,1,125.64,0.33,0.58
Treasury,2026-07-01,Object Storage,1,110.15,0.29,5.01
Treasury,2026-07-01,Oracle Database,1,267.6,0.71,1.86
Treasury,2026-07-01,SQL Server,1,226.57,0.6,8.13
Treasury,2026-07-01,Secrets Manager,2,326.29,0.86,5.34
Treasury,2026-07-01,Serverless Functions,2,342.81,0.91,4.26
Treasury,2026-07-01,Streaming Ingest,3,581.22,1.54,3.73
Treasury,2026-07-01,Sysplex Coupling,1,1346.28,3.57,-0.86
Treasury,2026-07-01,Tape Virtualisation,2,8927.01,23.66,3.55
Treasury,2026-07-01,Tomcat,6,712.62,1.89,4.82
Treasury,2026-07-01,VSAM Storage,1,1007.27,2.67,1.2
Treasury,2026-07-01,Veeam Backup,1,56.98,0.15,5.05
Treasury,2026-07-01,WebSphere Application Server,1,68.21,0.18,7.03
Treasury,2026-07-01,z/OS Connect,1,1167.18,3.09,-1.66
Treasury,2026-08-01,Block Storage,3,603.81,1.68,-1.26
Treasury,2026-08-01,CICS Transaction Server,1,926.34,2.57,-1.11
Treasury,2026-08-01,Compute Instances,2,201.85,0.56,-1.56
Treasury,2026-08-01,Db2 for z/OS,1,2345.45,6.52,-5.36
Treasury,2026-08-01,F5 Load Balancing,1,59.65,0.17,-7.29
Treasury,2026-08-01,IMS Transaction Manager,1,6390.92,17.76,-9.72
Treasury,2026-08-01,JCL Scheduler,1,3105.87,8.63,-5.98
Treasury,2026-08-01,Kubernetes Service,1,149.6,0.42,-9.06
Treasury,2026-08-01,MQ for z/OS,1,6860.44,19.06,-3.04
Treasury,2026-08-01,Machine Learning Platform,1,58.85,0.16,-5.69
Treasury,2026-08-01,Managed Redis,3,330.24,0.92,-1.65
Treasury,2026-08-01,Message Queue,1,136.79,0.38,-2.72
Treasury,2026-08-01,NetApp Storage,1,120.45,0.33,-4.13
Treasury,2026-08-01,Object Storage,1,110.18,0.31,0.03
Treasury,2026-08-01,Oracle Database,1,268.62,0.75,0.38
Treasury,2026-08-01,SQL Server,1,208.24,0.58,-8.09
Treasury,2026-08-01,Secrets Manager,2,313.24,0.87,-4.0
Treasury,2026-08-01,Serverless Functions,2,328.99,0.91,-4.03
Treasury,2026-08-01,Streaming Ingest,3,564.77,1.57,-2.83
Treasury,2026-08-01,Sysplex Coupling,1,1268.82,3.53,-5.75
Treasury,2026-08-01,Tape Virtualisation,2,8728.06,24.25,-2.23
Treasury,2026-08-01,Tomcat,6,685.53,1.9,-3.8
Treasury,2026-08-01,VSAM Storage,1,977.17,2.71,-2.99
Treasury,2026-08-01,Veeam Backup,1,55.7,0.15,-2.25
Treasury,2026-08-01,WebSphere Application Server,1,67.5,0.19,-1.04
Treasury,2026-08-01,z/OS Connect,1,1125.44,3.13,-3.58
Treasury,2026-09-01,Block Storage,3,588.77,1.56,-2.49
Treasury,2026-09-01,CICS Transaction Server,1,960.47,2.55,3.68
Treasury,2026-09-01,Compute Instances,2,202.03,0.54,0.09
Treasury,2026-09-01,Db2 for z/OS,1,2447.1,6.5,4.33
Treasury,2026-09-01,F5 Load Balancing,1,62.63,0.17,5.0
Treasury,2026-09-01,IMS Transaction Manager,1,7168.03,19.03,12.16
Treasury,2026-09-01,JCL Scheduler,1,3239.46,8.6,4.3
Treasury,2026-09-01,Kubernetes Service,1,148.89,0.4,-0.47
Treasury,2026-09-01,MQ for z/OS,1,7446.69,19.77,8.55
Treasury,2026-09-01,Machine Learning Platform,1,59.84,0.16,1.68
Treasury,2026-09-01,Managed Redis,3,324.43,0.86,-1.76
Treasury,2026-09-01,Message Queue,1,135.35,0.36,-1.05
Treasury,2026-09-01,NetApp Storage,1,123.32,0.33,2.38
Treasury,2026-09-01,Object Storage,1,108.56,0.29,-1.47
Treasury,2026-09-01,Oracle Database,1,261.35,0.69,-2.71
Treasury,2026-09-01,SQL Server,1,207.56,0.55,-0.33
Treasury,2026-09-01,Secrets Manager,2,316.2,0.84,0.94
Treasury,2026-09-01,Serverless Functions,2,324.2,0.86,-1.46
Treasury,2026-09-01,Streaming Ingest,3,573.62,1.52,1.57
Treasury,2026-09-01,Sysplex Coupling,1,1271.38,3.37,0.2
Treasury,2026-09-01,Tape Virtualisation,2,8761.46,23.26,0.38
Treasury,2026-09-01,Tomcat,6,675.02,1.79,-1.53
Treasury,2026-09-01,VSAM Storage,1,957.71,2.54,-1.99
Treasury,2026-09-01,Veeam Backup,1,54.15,0.14,-2.78
Treasury,2026-09-01,WebSphere Application Server,1,65.24,0.17,-3.35
Treasury,2026-09-01,z/OS Connect,1,1189.59,3.16,5.7
UNALLOCATED,2025-10-01,API Gateway,3,386.0,0.4,
UNALLOCATED,2025-10-01,Active Directory,2,297.11,0.3,
UNALLOCATED,2025-10-01,Block Storage,4,657.89,0.67,
UNALLOCATED,2025-10-01,CICS Transaction Server,1,6412.72,6.57,
UNALLOCATED,2025-10-01,Compute Instances,2,191.7,0.2,
UNALLOCATED,2025-10-01,Content Delivery,2,298.12,0.31,
UNALLOCATED,2025-10-01,Data Warehouse,1,138.8,0.14,
UNALLOCATED,2025-10-01,Db2 for z/OS,2,10319.44,10.57,
UNALLOCATED,2025-10-01,F5 Load Balancing,2,240.62,0.25,
UNALLOCATED,2025-10-01,IMS Transaction Manager,5,6690.77,6.85,
UNALLOCATED,2025-10-01,JCL Scheduler,2,9178.5,9.4,
UNALLOCATED,2025-10-01,Kubernetes Service,1,263.93,0.27,
UNALLOCATED,2025-10-01,Log Analytics,4,616.69,0.63,
UNALLOCATED,2025-10-01,MQ for z/OS,1,755.24,0.77,
UNALLOCATED,2025-10-01,Machine Learning Platform,2,319.3,0.33,
UNALLOCATED,2025-10-01,Managed PostgreSQL,1,171.52,0.18,
UNALLOCATED,2025-10-01,Managed Redis,2,204.68,0.21,
UNALLOCATED,2025-10-01,NetApp Storage,1,135.53,0.14,
UNALLOCATED,2025-10-01,Object Storage,2,155.62,0.16,
UNALLOCATED,2025-10-01,Oracle Database,3,944.78,0.97,
UNALLOCATED,2025-10-01,SMF Analytics,4,10178.66,10.42,
UNALLOCATED,2025-10-01,SQL Server,2,385.64,0.39,
UNALLOCATED,2025-10-01,Serverless Functions,4,415.12,0.43,
UNALLOCATED,2025-10-01,Streaming Ingest,1,645.58,0.66,
UNALLOCATED,2025-10-01,Sysplex Coupling,3,27611.54,28.27,
UNALLOCATED,2025-10-01,Tomcat,3,1462.69,1.5,
UNALLOCATED,2025-10-01,VMware vSphere,1,1812.4,1.86,
UNALLOCATED,2025-10-01,VSAM Storage,3,13075.28,13.39,
UNALLOCATED,2025-10-01,Veeam Backup,1,454.52,0.47,
UNALLOCATED,2025-10-01,WebSphere Application Server,2,386.98,0.4,
UNALLOCATED,2025-10-01,Windows Server,1,643.07,0.66,
UNALLOCATED,2025-10-01,z/OS Connect,1,2219.47,2.27,
UNALLOCATED,2025-11-01,API Gateway,3,365.33,0.4,-5.35
UNALLOCATED,2025-11-01,Active Directory,2,278.62,0.31,-6.22
UNALLOCATED,2025-11-01,Block Storage,4,623.59,0.69,-5.21
UNALLOCATED,2025-11-01,CICS Transaction Server,1,5977.67,6.59,-6.78
UNALLOCATED,2025-11-01,Compute Instances,2,180.02,0.2,-6.09
UNALLOCATED,2025-11-01,Content Delivery,2,276.89,0.31,-7.12
UNALLOCATED,2025-11-01,Data Warehouse,1,133.67,0.15,-3.7
UNALLOCATED,2025-11-01,Db2 for z/OS,2,9523.42,10.5,-7.71
UNALLOCATED,2025-11-01,F5 Load Balancing,2,218.29,0.24,-9.28
UNALLOCATED,2025-11-01,IMS Transaction Manager,5,6233.64,6.87,-6.83
UNALLOCATED,2025-11-01,JCL Scheduler,2,8895.7,9.81,-3.08
UNALLOCATED,2025-11-01,Kubernetes Service,1,246.91,0.27,-6.45
UNALLOCATED,2025-11-01,Log Analytics,4,578.3,0.64,-6.23
UNALLOCATED,2025-11-01,MQ for z/OS,1,681.13,0.75,-9.81
UNALLOCATED,2025-11-01,Machine Learning Platform,2,296.28,0.33,-7.21
UNALLOCATED,2025-11-01,Managed PostgreSQL,1,165.41,0.18,-3.56
UNALLOCATED,2025-11-01,Managed Redis,2,185.58,0.2,-9.33
UNALLOCATED,2025-11-01,NetApp Storage,1,128.09,0.14,-5.49
UNALLOCATED,2025-11-01,Object Storage,2,146.41,0.16,-5.92
UNALLOCATED,2025-11-01,Oracle Database,3,874.55,0.96,-7.43
UNALLOCATED,2025-11-01,SMF Analytics,4,9455.29,10.43,-7.11
UNALLOCATED,2025-11-01,SQL Server,2,372.12,0.41,-3.51
UNALLOCATED,2025-11-01,Serverless Functions,4,392.57,0.43,-5.43
UNALLOCATED,2025-11-01,Streaming Ingest,1,604.35,0.67,-6.39
UNALLOCATED,2025-11-01,Sysplex Coupling,3,25568.18,28.2,-7.4
UNALLOCATED,2025-11-01,Tomcat,3,1390.08,1.53,-4.96
UNALLOCATED,2025-11-01,VMware vSphere,1,1777.34,1.96,-1.93
UNALLOCATED,2025-11-01,VSAM Storage,3,11779.61,12.99,-9.91
UNALLOCATED,2025-11-01,Veeam Backup,1,416.84,0.46,-8.29
UNALLOCATED,2025-11-01,WebSphere Application Server,2,346.19,0.38,-10.54
UNALLOCATED,2025-11-01,Windows Server,1,621.43,0.69,-3.37
UNALLOCATED,2025-11-01,z/OS Connect,1,1940.44,2.14,-12.57
UNALLOCATED,2025-12-01,API Gateway,3,389.49,0.38,6.61
UNALLOCATED,2025-12-01,Active Directory,2,299.65,0.29,7.55
UNALLOCATED,2025-12-01,Block Storage,4,669.34,0.65,7.34
UNALLOCATED,2025-12-01,CICS Transaction Server,1,6493.12,6.27,8.62
UNALLOCATED,2025-12-01,Compute Instances,2,191.04,0.18,6.12
UNALLOCATED,2025-12-01,Content Delivery,2,289.88,0.28,4.69
UNALLOCATED,2025-12-01,Data Warehouse,1,141.01,0.14,5.49
UNALLOCATED,2025-12-01,Db2 for z/OS,2,10963.17,10.59,15.12
UNALLOCATED,2025-12-01,F5 Load Balancing,2,231.17,0.22,5.9
UNALLOCATED,2025-12-01,IMS Transaction Manager,5,6939.65,6.7,11.33
UNALLOCATED,2025-12-01,JCL Scheduler,2,9902.9,9.56,11.32
UNALLOCATED,2025-12-01,Kubernetes Service,1,270.21,0.26,9.44
UNALLOCATED,2025-12-01,Log Analytics,4,621.16,0.6,7.41
UNALLOCATED,2025-12-01,MQ for z/OS,1,793.92,0.77,16.56
UNALLOCATED,2025-12-01,Machine Learning Platform,2,316.71,0.31,6.9
UNALLOCATED,2025-12-01,Managed PostgreSQL,1,166.27,0.16,0.52
UNALLOCATED,2025-12-01,Managed Redis,2,202.93,0.2,9.35
UNALLOCATED,2025-12-01,NetApp Storage,1,133.87,0.13,4.51
UNALLOCATED,2025-12-01,Object Storage,2,157.97,0.15,7.9
UNALLOCATED,2025-12-01,Oracle Database,3,964.25,0.93,10.26
UNALLOCATED,2025-12-01,SMF Analytics,4,10806.48,10.43,14.29
UNALLOCATED,2025-12-01,SQL Server,2,381.79,0.37,2.6
UNALLOCATED,2025-12-01,Serverless Functions,4,406.2,0.39,3.47
UNALLOCATED,2025-12-01,Streaming Ingest,1,642.51,0.62,6.31
UNALLOCATED,2025-12-01,Sysplex Coupling,3,30144.06,29.1,17.9
UNALLOCATED,2025-12-01,Tomcat,3,1495.29,1.44,7.57
UNALLOCATED,2025-12-01,VMware vSphere,1,1836.71,1.77,3.34
UNALLOCATED,2025-12-01,VSAM Storage,3,13983.88,13.5,18.71
UNALLOCATED,2025-12-01,Veeam Backup,1,436.2,0.42,4.64
UNALLOCATED,2025-12-01,WebSphere Application Server,2,379.9,0.37,9.74
UNALLOCATED,2025-12-01,Windows Server,1,644.33,0.62,3.69
UNALLOCATED,2025-12-01,z/OS Connect,1,2275.29,2.2,17.26
UNALLOCATED,2026-01-01,API Gateway,3,376.89,0.39,-3.23
UNALLOCATED,2026-01-01,Active Directory,2,291.91,0.3,-2.58
UNALLOCATED,2026-01-01,Block Storage,4,641.07,0.67,-4.22
UNALLOCATED,2026-01-01,CICS Transaction Server,1,6111.25,6.38,-5.88
UNALLOCATED,2026-01-01,Compute Instances,2,190.38,0.2,-0.35
UNALLOCATED,2026-01-01,Content Delivery,2,284.31,0.3,-1.92
UNALLOCATED,2026-01-01,Data Warehouse,1,137.54,0.14,-2.46
UNALLOCATED,2026-01-01,Db2 for z/OS,2,9891.9,10.33,-9.77
UNALLOCATED,2026-01-01,F5 Load Balancing,2,234.35,0.24,1.38
UNALLOCATED,2026-01-01,IMS Transaction Manager,5,6421.3,6.71,-7.47
UNALLOCATED,2026-01-01,JCL Scheduler,2,9476.11,9.9,-4.31
UNALLOCATED,2026-01-01,Kubernetes Service,1,258.08,0.27,-4.49
UNALLOCATED,2026-01-01,Log Analytics,4,603.77,0.63,-2.8
UNALLOCATED,2026-01-01,MQ for z/OS,1,742.23,0.78,-6.51
UNALLOCATED,2026-01-01,Machine Learning Platform,2,315.23,0.33,-0.47
UNALLOCATED,2026-01-01,Managed PostgreSQL,1,169.26,0.18,1.8
UNALLOCATED,2026-01-01,Managed Redis,2,191.71,0.2,-5.53
UNALLOCATED,2026-01-01,NetApp Storage,1,130.61,0.14,-2.44
UNALLOCATED,2026-01-01,Object Storage,2,160.7,0.17,1.73
UNALLOCATED,2026-01-01,Oracle Database,3,950.61,0.99,-1.41
UNALLOCATED,2026-01-01,SMF Analytics,4,9994.34,10.44,-7.52
UNALLOCATED,2026-01-01,SQL Server,2,387.41,0.4,1.47
UNALLOCATED,2026-01-01,Serverless Functions,4,411.04,0.43,1.19
UNALLOCATED,2026-01-01,Streaming Ingest,1,632.37,0.66,-1.58
UNALLOCATED,2026-01-01,Sysplex Coupling,3,27101.58,28.31,-10.09
UNALLOCATED,2026-01-01,Tomcat,3,1427.61,1.49,-4.53
UNALLOCATED,2026-01-01,VMware vSphere,1,1767.17,1.85,-3.79
UNALLOCATED,2026-01-01,VSAM Storage,3,12860.78,13.44,-8.03
UNALLOCATED,2026-01-01,Veeam Backup,1,424.94,0.44,-2.58
UNALLOCATED,2026-01-01,WebSphere Application Server,2,366.53,0.38,-3.52
UNALLOCATED,2026-01-01,Windows Server,1,636.06,0.66,-1.28
UNALLOCATED,2026-01-01,z/OS Connect,1,2125.76,2.22,-6.57
UNALLOCATED,2026-02-01,API Gateway,3,351.3,0.4,-6.79
UNALLOCATED,2026-02-01,Active Directory,2,271.98,0.31,-6.83
UNALLOCATED,2026-02-01,Block Storage,4,597.68,0.69,-6.77
UNALLOCATED,2026-02-01,CICS Transaction Server,1,5341.54,6.14,-12.59
UNALLOCATED,2026-02-01,Compute Instances,2,173.78,0.2,-8.72
UNALLOCATED,2026-02-01,Content Delivery,2,256.25,0.29,-9.87
UNALLOCATED,2026-02-01,Data Warehouse,1,126.01,0.14,-8.38
UNALLOCATED,2026-02-01,Db2 for z/OS,2,9075.14,10.44,-8.26
UNALLOCATED,2026-02-01,F5 Load Balancing,2,206.47,0.24,-11.9
UNALLOCATED,2026-02-01,IMS Transaction Manager,5,5901.37,6.79,-8.1
UNALLOCATED,2026-02-01,JCL Scheduler,2,8458.6,9.73,-10.74
UNALLOCATED,2026-02-01,Kubernetes Service,1,229.96,0.26,-10.9
UNALLOCATED,2026-02-01,Log Analytics,4,538.1,0.62,-10.88
UNALLOCATED,2026-02-01,MQ for z/OS,1,670.7,0.77,-9.64
UNALLOCATED,2026-02-01,Machine Learning Platform,2,290.16,0.33,-7.95
UNALLOCATED,2026-02-01,Managed PostgreSQL,1,158.4,0.18,-6.42
UNALLOCATED,2026-02-01,Managed Redis,2,177.67,0.2,-7.32
UNALLOCATED,2026-02-01,NetApp Storage,1,121.68,0.14,-6.84
UNALLOCATED,2026-02-01,Object Storage,2,141.63,0.16,-11.87
UNALLOCATED,2026-02-01,Oracle Database,3,842.7,0.97,-11.35
UNALLOCATED,2026-02-01,SMF Analytics,4,9125.64,10.5,-8.69
UNALLOCATED,2026-02-01,SQL Server,2,351.31,0.4,-9.32
UNALLOCATED,2026-02-01,Serverless Functions,4,366.18,0.42,-10.91
UNALLOCATED,2026-02-01,Streaming Ingest,1,589.15,0.68,-6.83
UNALLOCATED,2026-02-01,Sysplex Coupling,3,24773.35,28.49,-8.59
UNALLOCATED,2026-02-01,Tomcat,3,1318.03,1.52,-7.68
UNALLOCATED,2026-02-01,VMware vSphere,1,1660.16,1.91,-6.06
UNALLOCATED,2026-02-01,VSAM Storage,3,11700.77,13.46,-9.02
UNALLOCATED,2026-02-01,Veeam Backup,1,401.5,0.46,-5.52
UNALLOCATED,2026-02-01,WebSphere Application Server,2,334.71,0.38,-8.68
UNALLOCATED,2026-02-01,Windows Server,1,590.24,0.68,-7.2
UNALLOCATED,2026-02-01,z/OS Connect,1,1804.97,2.08,-15.09
UNALLOCATED,2026-03-01,API Gateway,3,381.36,0.38,8.56
UNALLOCATED,2026-03-01,Active Directory,2,294.95,0.29,8.45
UNALLOCATED,2026-03-01,Block Storage,4,660.47,0.65,10.51
UNALLOCATED,2026-03-01,CICS Transaction Server,1,6505.92,6.44,21.8
UNALLOCATED,2026-03-01,Compute Instances,2,193.79,0.19,11.51
UNALLOCATED,2026-03-01,Content Delivery,2,291.09,0.29,13.6
UNALLOCATED,2026-03-01,Data Warehouse,1,134.88,0.13,7.04
UNALLOCATED,2026-03-01,Db2 for z/OS,2,10522.03,10.42,15.94
UNALLOCATED,2026-03-01,F5 Load Balancing,2,232.57,0.23,12.64
UNALLOCATED,2026-03-01,IMS Transaction Manager,5,6990.81,6.92,18.46
UNALLOCATED,2026-03-01,JCL Scheduler,2,10281.12,10.18,21.55
UNALLOCATED,2026-03-01,Kubernetes Service,1,255.86,0.25,11.26
UNALLOCATED,2026-03-01,Log Analytics,4,620.06,0.61,15.23
UNALLOCATED,2026-03-01,MQ for z/OS,1,766.16,0.76,14.23
UNALLOCATED,2026-03-01,Machine Learning Platform,2,318.47,0.32,9.76
UNALLOCATED,2026-03-01,Managed PostgreSQL,1,162.92,0.16,2.85
UNALLOCATED,2026-03-01,Managed Redis,2,194.44,0.19,9.44
UNALLOCATED,2026-03-01,NetApp Storage,1,130.17,0.13,6.98
UNALLOCATED,2026-03-01,Object Storage,2,156.51,0.15,10.51
UNALLOCATED,2026-03-01,Oracle Database,3,936.43,0.93,11.12
UNALLOCATED,2026-03-01,SMF Analytics,4,10394.31,10.29,13.9
UNALLOCATED,2026-03-01,SQL Server,2,393.15,0.39,11.91
UNALLOCATED,2026-03-01,Serverless Functions,4,410.04,0.41,11.98
UNALLOCATED,2026-03-01,Streaming Ingest,1,647.44,0.64,9.89
UNALLOCATED,2026-03-01,Sysplex Coupling,3,28777.37,28.49,16.16
UNALLOCATED,2026-03-01,Tomcat,3,1425.47,1.41,8.15
UNALLOCATED,2026-03-01,VMware vSphere,1,1766.93,1.75,6.43
UNALLOCATED,2026-03-01,VSAM Storage,3,13506.83,13.37,15.44
UNALLOCATED,2026-03-01,Veeam Backup,1,436.6,0.43,8.74
UNALLOCATED,2026-03-01,WebSphere Application Server,2,377.77,0.37,12.86
UNALLOCATED,2026-03-01,Windows Server,1,646.37,0.64,9.51
UNALLOCATED,2026-03-01,z/OS Connect,1,2193.51,2.17,21.53
UNALLOCATED,2026-04-01,API Gateway,3,368.76,0.39,-3.3
UNALLOCATED,2026-04-01,Active Directory,2,285.78,0.3,-3.11
UNALLOCATED,2026-04-01,Block Storage,4,650.91,0.68,-1.45
UNALLOCATED,2026-04-01,CICS Transaction Server,1,6122.41,6.41,-5.89
UNALLOCATED,2026-04-01,Compute Instances,2,185.09,0.19,-4.49
UNALLOCATED,2026-04-01,Content Delivery,2,280.51,0.29,-3.63
UNALLOCATED,2026-04-01,Data Warehouse,1,134.0,0.14,-0.65
UNALLOCATED,2026-04-01,Db2 for z/OS,2,10165.58,10.65,-3.39
UNALLOCATED,2026-04-01,F5 Load Balancing,2,224.07,0.23,-3.65
UNALLOCATED,2026-04-01,IMS Transaction Manager,5,6413.14,6.72,-8.26
UNALLOCATED,2026-04-01,JCL Scheduler,2,9687.87,10.15,-5.77
UNALLOCATED,2026-04-01,Kubernetes Service,1,250.09,0.26,-2.26
UNALLOCATED,2026-04-01,Log Analytics,4,585.08,0.61,-5.64
UNALLOCATED,2026-04-01,MQ for z/OS,1,704.07,0.74,-8.1
UNALLOCATED,2026-04-01,Machine Learning Platform,2,309.41,0.32,-2.84
UNALLOCATED,2026-04-01,Managed PostgreSQL,1,163.23,0.17,0.19
UNALLOCATED,2026-04-01,Managed Redis,2,186.53,0.2,-4.07
UNALLOCATED,2026-04-01,NetApp Storage,1,128.4,0.13,-1.36
UNALLOCATED,2026-04-01,Object Storage,2,156.56,0.16,0.03
UNALLOCATED,2026-04-01,Oracle Database,3,925.34,0.97,-1.18
UNALLOCATED,2026-04-01,SMF Analytics,4,9864.63,10.33,-5.1
UNALLOCATED,2026-04-01,SQL Server,2,386.58,0.4,-1.67
UNALLOCATED,2026-04-01,Serverless Functions,4,392.69,0.41,-4.23
UNALLOCATED,2026-04-01,Streaming Ingest,1,627.59,0.66,-3.07
UNALLOCATED,2026-04-01,Sysplex Coupling,3,26973.54,28.25,-6.27
UNALLOCATED,2026-04-01,Tomcat,3,1416.96,1.48,-0.6
UNALLOCATED,2026-04-01,VMware vSphere,1,1724.91,1.81,-2.38
UNALLOCATED,2026-04-01,VSAM Storage,3,12758.52,13.36,-5.54
UNALLOCATED,2026-04-01,Veeam Backup,1,434.51,0.46,-0.48
UNALLOCATED,2026-04-01,WebSphere Application Server,2,370.96,0.39,-1.8
UNALLOCATED,2026-04-01,Windows Server,1,615.44,0.64,-4.79
UNALLOCATED,2026-04-01,z/OS Connect,1,2000.59,2.09,-8.8
UNALLOCATED,2026-05-01,API Gateway,3,374.61,0.39,1.59
UNALLOCATED,2026-05-01,Active Directory,2,284.15,0.3,-0.57
UNALLOCATED,2026-05-01,Block Storage,4,641.18,0.67,-1.49
UNALLOCATED,2026-05-01,CICS Transaction Server,1,6209.68,6.53,1.43
UNALLOCATED,2026-05-01,Compute Instances,2,188.57,0.2,1.88
UNALLOCATED,2026-05-01,Content Delivery,2,283.15,0.3,0.94
UNALLOCATED,2026-05-01,Data Warehouse,1,138.12,0.15,3.07
UNALLOCATED,2026-05-01,Db2 for z/OS,2,10004.15,10.52,-1.59
UNALLOCATED,2026-05-01,F5 Load Balancing,2,224.03,0.24,-0.02
UNALLOCATED,2026-05-01,IMS Transaction Manager,5,6298.03,6.62,-1.79
UNALLOCATED,2026-05-01,JCL Scheduler,2,9392.41,9.88,-3.05
UNALLOCATED,2026-05-01,Kubernetes Service,1,243.57,0.26,-2.61
UNALLOCATED,2026-05-01,Log Analytics,4,594.25,0.62,1.57
UNALLOCATED,2026-05-01,MQ for z/OS,1,722.85,0.76,2.67
UNALLOCATED,2026-05-01,Machine Learning Platform,2,307.32,0.32,-0.68
UNALLOCATED,2026-05-01,Managed PostgreSQL,1,167.76,0.18,2.78
UNALLOCATED,2026-05-01,Managed Redis,2,193.97,0.2,3.99
UNALLOCATED,2026-05-01,NetApp Storage,1,133.48,0.14,3.96
UNALLOCATED,2026-05-01,Object Storage,2,152.7,0.16,-2.47
UNALLOCATED,2026-05-01,Oracle Database,3,924.6,0.97,-0.08
UNALLOCATED,2026-05-01,SMF Analytics,4,9745.97,10.25,-1.2
UNALLOCATED,2026-05-01,SQL Server,2,376.61,0.4,-2.58
UNALLOCATED,2026-05-01,Serverless Functions,4,405.33,0.43,3.22
UNALLOCATED,2026-05-01,Streaming Ingest,1,631.66,0.66,0.65
UNALLOCATED,2026-05-01,Sysplex Coupling,3,27060.69,28.45,0.32
UNALLOCATED,2026-05-01,Tomcat,3,1455.22,1.53,2.7
UNALLOCATED,2026-05-01,VMware vSphere,1,1801.73,1.89,4.45
UNALLOCATED,2026-05-01,VSAM Storage,3,12687.11,13.34,-0.56
UNALLOCATED,2026-05-01,Veeam Backup,1,428.31,0.45,-1.43
UNALLOCATED,2026-05-01,WebSphere Application Server,2,368.1,0.39,-0.77
UNALLOCATED,2026-05-01,Windows Server,1,615.94,0.65,0.08
UNALLOCATED,2026-05-01,z/OS Connect,1,2055.57,2.16,2.75
UNALLOCATED,2026-06-01,API Gateway,3,375.06,0.37,0.12
UNALLOCATED,2026-06-01,Active Directory,2,287.02,0.29,1.01
UNALLOCATED,2026-06-01,Block Storage,4,652.61,0.65,1.78
UNALLOCATED,2026-06-01,CICS Transaction Server,1,6440.18,6.42,3.71
UNALLOCATED,2026-06-01,Compute Instances,2,186.87,0.19,-0.9
UNALLOCATED,2026-06-01,Content Delivery,2,288.17,0.29,1.77
UNALLOCATED,2026-06-01,Data Warehouse,1,133.4,0.13,-3.42
UNALLOCATED,2026-06-01,Db2 for z/OS,2,10326.18,10.29,3.22
UNALLOCATED,2026-06-01,F5 Load Balancing,2,225.83,0.23,0.8
UNALLOCATED,2026-06-01,IMS Transaction Manager,5,6798.97,6.78,7.95
UNALLOCATED,2026-06-01,JCL Scheduler,2,9841.57,9.81,4.78
UNALLOCATED,2026-06-01,Kubernetes Service,1,245.53,0.24,0.8
UNALLOCATED,2026-06-01,Log Analytics,4,592.91,0.59,-0.23
UNALLOCATED,2026-06-01,MQ for z/OS,1,774.79,0.77,7.19
UNALLOCATED,2026-06-01,Machine Learning Platform,2,319.67,0.32,4.02
UNALLOCATED,2026-06-01,Managed PostgreSQL,1,166.1,0.17,-0.99
UNALLOCATED,2026-06-01,Managed Redis,2,195.94,0.2,1.02
UNALLOCATED,2026-06-01,NetApp Storage,1,129.48,0.13,-3.0
UNALLOCATED,2026-06-01,Object Storage,2,153.09,0.15,0.26
UNALLOCATED,2026-06-01,Oracle Database,3,910.71,0.91,-1.5
UNALLOCATED,2026-06-01,SMF Analytics,4,10373.16,10.34,6.44
UNALLOCATED,2026-06-01,SQL Server,2,384.49,0.38,2.09
UNALLOCATED,2026-06-01,Serverless Functions,4,399.28,0.4,-1.49
UNALLOCATED,2026-06-01,Streaming Ingest,1,628.02,0.63,-0.58
UNALLOCATED,2026-06-01,Sysplex Coupling,3,29010.06,28.92,7.2
UNALLOCATED,2026-06-01,Tomcat,3,1402.08,1.4,-3.65
UNALLOCATED,2026-06-01,VMware vSphere,1,1767.65,1.76,-1.89
UNALLOCATED,2026-06-01,VSAM Storage,3,13726.37,13.68,8.19
UNALLOCATED,2026-06-01,Veeam Backup,1,430.99,0.43,0.63
UNALLOCATED,2026-06-01,WebSphere Application Server,2,357.53,0.36,-2.87
UNALLOCATED,2026-06-01,Windows Server,1,613.09,0.61,-0.46
UNALLOCATED,2026-06-01,z/OS Connect,1,2172.78,2.17,5.7
UNALLOCATED,2026-07-01,API Gateway,3,392.92,0.39,4.76
UNALLOCATED,2026-07-01,Active Directory,2,298.29,0.3,3.93
UNALLOCATED,2026-07-01,Block Storage,4,658.03,0.66,0.83
UNALLOCATED,2026-07-01,CICS Transaction Server,1,6569.27,6.58,2.0
UNALLOCATED,2026-07-01,Compute Instances,2,197.85,0.2,5.88
UNALLOCATED,2026-07-01,Content Delivery,2,293.32,0.29,1.79
UNALLOCATED,2026-07-01,Data Warehouse,1,137.59,0.14,3.14
UNALLOCATED,2026-07-01,Db2 for z/OS,2,10302.79,10.32,-0.23
UNALLOCATED,2026-07-01,F5 Load Balancing,2,236.95,0.24,4.92
UNALLOCATED,2026-07-01,IMS Transaction Manager,5,6731.94,6.75,-0.99
UNALLOCATED,2026-07-01,JCL Scheduler,2,9617.79,9.64,-2.27
UNALLOCATED,2026-07-01,Kubernetes Service,1,264.38,0.26,7.68
UNALLOCATED,2026-07-01,Log Analytics,4,602.51,0.6,1.62
UNALLOCATED,2026-07-01,MQ for z/OS,1,705.73,0.71,-8.91
UNALLOCATED,2026-07-01,Machine Learning Platform,2,324.03,0.32,1.36
UNALLOCATED,2026-07-01,Managed PostgreSQL,1,167.35,0.17,0.75
UNALLOCATED,2026-07-01,Managed Redis,2,192.56,0.19,-1.73
UNALLOCATED,2026-07-01,NetApp Storage,1,138.59,0.14,7.04
UNALLOCATED,2026-07-01,Object Storage,2,160.02,0.16,4.53
UNALLOCATED,2026-07-01,Oracle Database,3,965.46,0.97,6.01
UNALLOCATED,2026-07-01,SMF Analytics,4,10166.24,10.19,-1.99
UNALLOCATED,2026-07-01,SQL Server,2,393.73,0.39,2.4
UNALLOCATED,2026-07-01,Serverless Functions,4,407.21,0.41,1.99
UNALLOCATED,2026-07-01,Streaming Ingest,1,638.49,0.64,1.67
UNALLOCATED,2026-07-01,Sysplex Coupling,3,29180.69,29.24,0.59
UNALLOCATED,2026-07-01,Tomcat,3,1456.49,1.46,3.88
UNALLOCATED,2026-07-01,VMware vSphere,1,1814.86,1.82,2.67
UNALLOCATED,2026-07-01,VSAM Storage,3,13179.21,13.21,-3.99
UNALLOCATED,2026-07-01,Veeam Backup,1,433.12,0.43,0.49
UNALLOCATED,2026-07-01,WebSphere Application Server,2,376.0,0.38,5.17
UNALLOCATED,2026-07-01,Windows Server,1,649.02,0.65,5.86
UNALLOCATED,2026-07-01,z/OS Connect,1,2150.45,2.15,-1.03
UNALLOCATED,2026-08-01,API Gateway,3,379.82,0.4,-3.33
UNALLOCATED,2026-08-01,Active Directory,2,289.49,0.3,-2.95
UNALLOCATED,2026-08-01,Block Storage,4,638.79,0.67,-2.92
UNALLOCATED,2026-08-01,CICS Transaction Server,1,6069.05,6.39,-7.61
UNALLOCATED,2026-08-01,Compute Instances,2,189.1,0.2,-4.42
UNALLOCATED,2026-08-01,Content Delivery,2,273.9,0.29,-6.62
UNALLOCATED,2026-08-01,Data Warehouse,1,135.65,0.14,-1.41
UNALLOCATED,2026-08-01,Db2 for z/OS,2,10118.0,10.65,-1.79
UNALLOCATED,2026-08-01,F5 Load Balancing,2,228.29,0.24,-3.65
UNALLOCATED,2026-08-01,IMS Transaction Manager,5,6487.12,6.83,-3.64
UNALLOCATED,2026-08-01,JCL Scheduler,2,9188.88,9.68,-4.46
UNALLOCATED,2026-08-01,Kubernetes Service,1,244.78,0.26,-7.41
UNALLOCATED,2026-08-01,Log Analytics,4,595.07,0.63,-1.23
UNALLOCATED,2026-08-01,MQ for z/OS,1,712.17,0.75,0.91
UNALLOCATED,2026-08-01,Machine Learning Platform,2,313.15,0.33,-3.36
UNALLOCATED,2026-08-01,Managed PostgreSQL,1,166.86,0.18,-0.29
UNALLOCATED,2026-08-01,Managed Redis,2,192.79,0.2,0.12
UNALLOCATED,2026-08-01,NetApp Storage,1,126.72,0.13,-8.56
UNALLOCATED,2026-08-01,Object Storage,2,153.08,0.16,-4.34
UNALLOCATED,2026-08-01,Oracle Database,3,927.72,0.98,-3.91
UNALLOCATED,2026-08-01,SMF Analytics,4,9877.07,10.4,-2.84
UNALLOCATED,2026-08-01,SQL Server,2,393.92,0.41,0.05
UNALLOCATED,2026-08-01,Serverless Functions,4,393.82,0.41,-3.29
UNALLOCATED,2026-08-01,Streaming Ingest,1,613.78,0.65,-3.87
UNALLOCATED,2026-08-01,Sysplex Coupling,3,26623.76,28.03,-8.76
UNALLOCATED,2026-08-01,Tomcat,3,1391.91,1.47,-4.43
UNALLOCATED,2026-08-01,VMware vSphere,1,1729.6,1.82,-4.7
UNALLOCATED,2026-08-01,VSAM Storage,3,12987.6,13.68,-1.45
UNALLOCATED,2026-08-01,Veeam Backup,1,425.25,0.45,-1.82
UNALLOCATED,2026-08-01,WebSphere Application Server,2,368.51,0.39,-1.99
UNALLOCATED,2026-08-01,Windows Server,1,619.42,0.65,-4.56
UNALLOCATED,2026-08-01,z/OS Connect,1,2112.86,2.22,-1.75
UNALLOCATED,2026-09-01,API Gateway,3,371.09,0.38,-2.3
UNALLOCATED,2026-09-01,Active Directory,2,284.12,0.29,-1.85
UNALLOCATED,2026-09-01,Block Storage,4,641.62,0.65,0.44
UNALLOCATED,2026-09-01,CICS Transaction Server,1,6418.53,6.54,5.76
UNALLOCATED,2026-09-01,Compute Instances,2,190.53,0.19,0.76
UNALLOCATED,2026-09-01,Content Delivery,2,279.77,0.29,2.14
UNALLOCATED,2026-09-01,Data Warehouse,1,132.44,0.13,-2.37
UNALLOCATED,2026-09-01,Db2 for z/OS,2,10459.77,10.66,3.38
UNALLOCATED,2026-09-01,F5 Load Balancing,2,232.64,0.24,1.91
UNALLOCATED,2026-09-01,IMS Transaction Manager,5,6691.1,6.82,3.14
UNALLOCATED,2026-09-01,JCL Scheduler,2,9776.34,9.96,6.39
UNALLOCATED,2026-09-01,Kubernetes Service,1,247.39,0.25,1.07
UNALLOCATED,2026-09-01,Log Analytics,4,586.57,0.6,-1.43
UNALLOCATED,2026-09-01,MQ for z/OS,1,758.78,0.77,6.54
UNALLOCATED,2026-09-01,Machine Learning Platform,2,315.77,0.32,0.84
UNALLOCATED,2026-09-01,Managed PostgreSQL,1,166.88,0.17,0.01
UNALLOCATED,2026-09-01,Managed Redis,2,192.43,0.2,-0.19
UNALLOCATED,2026-09-01,NetApp Storage,1,133.73,0.14,5.53
UNALLOCATED,2026-09-01,Object Storage,2,155.27,0.16,1.43
UNALLOCATED,2026-09-01,Oracle Database,3,915.63,0.93,-1.3
UNALLOCATED,2026-09-01,SMF Analytics,4,10044.49,10.23,1.7
UNALLOCATED,2026-09-01,SQL Server,2,376.37,0.38,-4.46
UNALLOCATED,2026-09-01,Serverless Functions,4,391.46,0.4,-0.6
UNALLOCATED,2026-09-01,Streaming Ingest,1,605.89,0.62,-1.29
UNALLOCATED,2026-09-01,Sysplex Coupling,3,27741.33,28.26,4.2
UNALLOCATED,2026-09-01,Tomcat,3,1406.83,1.43,1.07
UNALLOCATED,2026-09-01,VMware vSphere,1,1709.1,1.74,-1.19
UNALLOCATED,2026-09-01,VSAM Storage,3,13342.87,13.59,2.74
UNALLOCATED,2026-09-01,Veeam Backup,1,423.34,0.43,-0.45
UNALLOCATED,2026-09-01,WebSphere Application Server,2,367.19,0.37,-0.36
UNALLOCATED,2026-09-01,Windows Server,1,636.45,0.65,2.75
UNALLOCATED,2026-09-01,z/OS Connect,1,2156.64,2.2,2.07
Wealth Management,2025-10-01,Active Directory,4,2287.83,3.84,
Wealth Management,2025-10-01,Block Storage,2,1023.34,1.72,
Wealth Management,2025-10-01,CICS Transaction Server,2,8281.82,13.91,
Wealth Management,2025-10-01,COBOL Batch,4,10560.42,17.73,
Wealth Management,2025-10-01,Content Delivery,1,253.17,0.43,
Wealth Management,2025-10-01,Data Warehouse,2,255.29,0.43,
Wealth Management,2025-10-01,Db2 for z/OS,2,5327.14,8.95,
Wealth Management,2025-10-01,IMS Transaction Manager,1,1375.88,2.31,
Wealth Management,2025-10-01,JCL Scheduler,1,2600.86,4.37,
Wealth Management,2025-10-01,Log Analytics,1,314.14,0.53,
Wealth Management,2025-10-01,MQ for z/OS,2,4734.4,7.95,
Wealth Management,2025-10-01,Machine Learning Platform,1,40.86,0.07,
Wealth Management,2025-10-01,Managed PostgreSQL,1,392.92,0.66,
Wealth Management,2025-10-01,Message Queue,1,74.05,0.12,
Wealth Management,2025-10-01,Nagios Monitoring,1,340.52,0.57,
Wealth Management,2025-10-01,Object Storage,2,570.77,0.96,
Wealth Management,2025-10-01,Oracle Database,1,61.27,0.1,
Wealth Management,2025-10-01,RACF Security,2,11694.8,19.64,
Wealth Management,2025-10-01,SMF Analytics,3,2741.29,4.6,
Wealth Management,2025-10-01,SQL Server,1,272.09,0.46,
Wealth Management,2025-10-01,Secrets Manager,3,488.57,0.82,
Wealth Management,2025-10-01,Serverless Functions,1,185.15,0.31,
Wealth Management,2025-10-01,Streaming Ingest,1,70.25,0.12,
Wealth Management,2025-10-01,Sysplex Coupling,1,2446.11,4.11,
Wealth Management,2025-10-01,Tomcat,3,527.85,0.89,
Wealth Management,2025-10-01,VMware vSphere,1,1087.4,1.83,
Wealth Management,2025-10-01,VSAM Storage,1,412.85,0.69,
Wealth Management,2025-10-01,WebSphere Application Server,3,435.44,0.73,
Wealth Management,2025-10-01,Windows Server,2,694.7,1.17,
Wealth Management,2025-11-01,Active Directory,4,2119.53,3.85,-7.36
Wealth Management,2025-11-01,Block Storage,2,948.94,1.73,-7.27
Wealth Management,2025-11-01,CICS Transaction Server,2,7291.0,13.26,-11.96
Wealth Management,2025-11-01,COBOL Batch,4,9883.89,17.97,-6.41
Wealth Management,2025-11-01,Content Delivery,1,239.21,0.43,-5.51
Wealth Management,2025-11-01,Data Warehouse,2,247.2,0.45,-3.17
Wealth Management,2025-11-01,Db2 for z/OS,2,4951.36,9.0,-7.05
Wealth Management,2025-11-01,IMS Transaction Manager,1,1254.3,2.28,-8.84
Wealth Management,2025-11-01,JCL Scheduler,1,2403.13,4.37,-7.6
Wealth Management,2025-11-01,Log Analytics,1,284.0,0.52,-9.59
Wealth Management,2025-11-01,MQ for z/OS,2,4369.05,7.94,-7.72
Wealth Management,2025-11-01,Machine Learning Platform,1,37.95,0.07,-7.12
Wealth Management,2025-11-01,Managed PostgreSQL,1,375.67,0.68,-4.39
Wealth Management,2025-11-01,Message Queue,1,70.6,0.13,-4.66
Wealth Management,2025-11-01,Nagios Monitoring,1,321.23,0.58,-5.66
Wealth Management,2025-11-01,Object Storage,2,545.43,0.99,-4.44
Wealth Management,2025-11-01,Oracle Database,1,59.1,0.11,-3.54
Wealth Management,2025-11-01,RACF Security,2,10867.09,19.76,-7.08
Wealth Management,2025-11-01,SMF Analytics,3,2478.94,4.51,-9.57
Wealth Management,2025-11-01,SQL Server,1,235.63,0.43,-13.4
Wealth Management,2025-11-01,Secrets Manager,3,467.26,0.85,-4.36
Wealth Management,2025-11-01,Serverless Functions,1,171.45,0.31,-7.4
Wealth Management,2025-11-01,Streaming Ingest,1,64.99,0.12,-7.49
Wealth Management,2025-11-01,Sysplex Coupling,1,2351.3,4.28,-3.88
Wealth Management,2025-11-01,Tomcat,3,491.52,0.89,-6.88
Wealth Management,2025-11-01,VMware vSphere,1,1021.4,1.86,-6.07
Wealth Management,2025-11-01,VSAM Storage,1,369.57,0.67,-10.48
Wealth Management,2025-11-01,WebSphere Application Server,3,407.45,0.74,-6.43
Wealth Management,2025-11-01,Windows Server,2,667.18,1.21,-3.96
Wealth Management,2025-12-01,Active Directory,4,2199.61,3.61,3.78
Wealth Management,2025-12-01,Block Storage,2,1020.0,1.67,7.49
Wealth Management,2025-12-01,CICS Transaction Server,2,8453.57,13.88,15.95
Wealth Management,2025-12-01,COBOL Batch,4,10867.03,17.84,9.95
Wealth Management,2025-12-01,Content Delivery,1,260.86,0.43,9.05
Wealth Management,2025-12-01,Data Warehouse,2,250.58,0.41,1.37
Wealth Management,2025-12-01,Db2 for z/OS,2,5670.34,9.31,14.52
Wealth Management,2025-12-01,IMS Transaction Manager,1,1458.22,2.39,16.26
Wealth Management,2025-12-01,JCL Scheduler,1,2847.4,4.68,18.49
Wealth Management,2025-12-01,Log Analytics,1,311.69,0.51,9.75
Wealth Management,2025-12-01,MQ for z/OS,2,4809.12,7.9,10.07
Wealth Management,2025-12-01,Machine Learning Platform,1,38.58,0.06,1.66
Wealth Management,2025-12-01,Managed PostgreSQL,1,410.85,0.67,9.36
Wealth Management,2025-12-01,Message Queue,1,73.41,0.12,3.98
Wealth Management,2025-12-01,Nagios Monitoring,1,339.9,0.56,5.81
Wealth Management,2025-12-01,Object Storage,2,590.72,0.97,8.3
Wealth Management,2025-12-01,Oracle Database,1,64.23,0.11,8.68
Wealth Management,2025-12-01,RACF Security,2,11752.28,19.3,8.15
Wealth Management,2025-12-01,SMF Analytics,3,2786.49,4.58,12.41
Wealth Management,2025-12-01,SQL Server,1,270.36,0.44,14.74
Wealth Management,2025-12-01,Secrets Manager,3,480.15,0.79,2.76
Wealth Management,2025-12-01,Serverless Functions,1,186.1,0.31,8.54
Wealth Management,2025-12-01,Streaming Ingest,1,68.54,0.11,5.46
Wealth Management,2025-12-01,Sysplex Coupling,1,2556.75,4.2,8.74
Wealth Management,2025-12-01,Tomcat,3,525.61,0.86,6.94
Wealth Management,2025-12-01,VMware vSphere,1,1054.16,1.73,3.21
Wealth Management,2025-12-01,VSAM Storage,1,429.92,0.71,16.33
Wealth Management,2025-12-01,WebSphere Application Server,3,435.26,0.71,6.83
Wealth Management,2025-12-01,Windows Server,2,686.7,1.13,2.93
Wealth Management,2026-01-01,Active Directory,4,2177.92,3.78,-0.99
Wealth Management,2026-01-01,Block Storage,2,1004.36,1.74,-1.53
Wealth Management,2026-01-01,CICS Transaction Server,2,8001.33,13.9,-5.35
Wealth Management,2026-01-01,COBOL Batch,4,10127.13,17.59,-6.81
Wealth Management,2026-01-01,Content Delivery,1,249.31,0.43,-4.43
Wealth Management,2026-01-01,Data Warehouse,2,257.78,0.45,2.87
Wealth Management,2026-01-01,Db2 for z/OS,2,5069.22,8.81,-10.6
Wealth Management,2026-01-01,IMS Transaction Manager,1,1389.13,2.41,-4.74
Wealth Management,2026-01-01,JCL Scheduler,1,2574.35,4.47,-9.59
Wealth Management,2026-01-01,Log Analytics,1,300.55,0.52,-3.57
Wealth Management,2026-01-01,MQ for z/OS,2,4540.94,7.89,-5.58
Wealth Management,2026-01-01,Machine Learning Platform,1,42.32,0.07,9.69
Wealth Management,2026-01-01,Managed PostgreSQL,1,381.71,0.66,-7.09
Wealth Management,2026-01-01,Message Queue,1,73.86,0.13,0.61
Wealth Management,2026-01-01,Nagios Monitoring,1,343.22,0.6,0.98
Wealth Management,2026-01-01,Object Storage,2,578.35,1.0,-2.09
Wealth Management,2026-01-01,Oracle Database,1,62.27,0.11,-3.05
Wealth Management,2026-01-01,RACF Security,2,11217.09,19.49,-4.55
Wealth Management,2026-01-01,SMF Analytics,3,2597.38,4.51,-6.79
Wealth Management,2026-01-01,SQL Server,1,256.75,0.45,-5.03
Wealth Management,2026-01-01,Secrets Manager,3,485.46,0.84,1.11
Wealth Management,2026-01-01,Serverless Functions,1,180.74,0.31,-2.88
Wealth Management,2026-01-01,Streaming Ingest,1,68.2,0.12,-0.5
Wealth Management,2026-01-01,Sysplex Coupling,1,2469.43,4.29,-3.42
Wealth Management,2026-01-01,Tomcat,3,506.57,0.88,-3.62
Wealth Management,2026-01-01,VMware vSphere,1,1089.0,1.89,3.31
Wealth Management,2026-01-01,VSAM Storage,1,391.65,0.68,-8.9
Wealth Management,2026-01-01,WebSphere Application Server,3,431.3,0.75,-0.91
Wealth Management,2026-01-01,Windows Server,2,698.21,1.21,1.68
Wealth Management,2026-02-01,Active Directory,4,2034.12,3.88,-6.6
Wealth Management,2026-02-01,Block Storage,2,905.29,1.73,-9.86
Wealth Management,2026-02-01,CICS Transaction Server,2,7234.77,13.8,-9.58
Wealth Management,2026-02-01,COBOL Batch,4,9251.35,17.65,-8.65
Wealth Management,2026-02-01,Content Delivery,1,226.45,0.43,-9.17
Wealth Management,2026-02-01,Data Warehouse,2,226.35,0.43,-12.19
Wealth Management,2026-02-01,Db2 for z/OS,2,4610.74,8.8,-9.04
Wealth Management,2026-02-01,IMS Transaction Manager,1,1200.93,2.29,-13.55
Wealth Management,2026-02-01,JCL Scheduler,1,2310.48,4.41,-10.25
Wealth Management,2026-02-01,Log Analytics,1,267.05,0.51,-11.15
Wealth Management,2026-02-01,MQ for z/OS,2,4228.84,8.07,-6.87
Wealth Management,2026-02-01,Machine Learning Platform,1,37.0,0.07,-12.57
Wealth Management,2026-02-01,Managed PostgreSQL,1,360.26,0.69,-5.62
Wealth Management,2026-02-01,Message Queue,1,65.17,0.12,-11.77
Wealth Management,2026-02-01,Nagios Monitoring,1,312.07,0.6,-9.08
Wealth Management,2026-02-01,Object Storage,2,531.45,1.01,-8.11
Wealth Management,2026-02-01,Oracle Database,1,59.08,0.11,-5.12
Wealth Management,2026-02-01,RACF Security,2,10296.09,19.64,-8.21
Wealth Management,2026-02-01,SMF Analytics,3,2383.85,4.55,-8.22
Wealth Management,2026-02-01,SQL Server,1,236.12,0.45,-8.04
Wealth Management,2026-02-01,Secrets Manager,3,436.34,0.83,-10.12
Wealth Management,2026-02-01,Serverless Functions,1,166.02,0.32,-8.14
Wealth Management,2026-02-01,Streaming Ingest,1,60.96,0.12,-10.62
Wealth Management,2026-02-01,Sysplex Coupling,1,2218.97,4.23,-10.14
Wealth Management,2026-02-01,Tomcat,3,476.14,0.91,-6.01
Wealth Management,2026-02-01,VMware vSphere,1,935.1,1.78,-14.13
Wealth Management,2026-02-01,VSAM Storage,1,354.74,0.68,-9.42
Wealth Management,2026-02-01,WebSphere Application Server,3,384.08,0.73,-10.95
Wealth Management,2026-02-01,Windows Server,2,614.13,1.17,-12.04
Wealth Management,2026-03-01,Active Directory,4,2211.04,3.66,8.7
Wealth Management,2026-03-01,Block Storage,2,965.32,1.6,6.63
Wealth Management,2026-03-01,CICS Transaction Server,2,8492.84,14.05,17.39
Wealth Management,2026-03-01,COBOL Batch,4,10469.11,17.32,13.16
Wealth Management,2026-03-01,Content Delivery,1,245.2,0.41,8.28
Wealth Management,2026-03-01,Data Warehouse,2,245.03,0.41,8.25
Wealth Management,2026-03-01,Db2 for z/OS,2,5443.47,9.0,18.06
Wealth Management,2026-03-01,IMS Transaction Manager,1,1441.24,2.38,20.01
Wealth Management,2026-03-01,JCL Scheduler,1,2670.82,4.42,15.6
Wealth Management,2026-03-01,Log Analytics,1,305.03,0.5,14.22
Wealth Management,2026-03-01,MQ for z/OS,2,4841.47,8.01,14.49
Wealth Management,2026-03-01,Machine Learning Platform,1,39.99,0.07,8.08
Wealth Management,2026-03-01,Managed PostgreSQL,1,399.4,0.66,10.86
Wealth Management,2026-03-01,Message Queue,1,72.63,0.12,11.45
Wealth Management,2026-03-01,Nagios Monitoring,1,340.3,0.56,9.05
Wealth Management,2026-03-01,Object Storage,2,577.86,0.96,8.73
Wealth Management,2026-03-01,Oracle Database,1,63.19,0.1,6.96
Wealth Management,2026-03-01,RACF Security,2,12115.32,20.04,17.67
Wealth Management,2026-03-01,SMF Analytics,3,2780.97,4.6,16.66
Wealth Management,2026-03-01,SQL Server,1,262.09,0.43,11.0
Wealth Management,2026-03-01,Secrets Manager,3,488.64,0.81,11.99
Wealth Management,2026-03-01,Serverless Functions,1,179.43,0.3,8.08
Wealth Management,2026-03-01,Streaming Ingest,1,68.79,0.11,12.84
Wealth Management,2026-03-01,Sysplex Coupling,1,2617.64,4.33,17.97
Wealth Management,2026-03-01,Tomcat,3,493.62,0.82,3.67
Wealth Management,2026-03-01,VMware vSphere,1,1071.75,1.77,14.61
Wealth Management,2026-03-01,VSAM Storage,1,405.36,0.67,14.27
Wealth Management,2026-03-01,WebSphere Application Server,3,438.64,0.73,14.21
Wealth Management,2026-03-01,Windows Server,2,706.51,1.17,15.04
Wealth Management,2026-04-01,Active Directory,4,2155.94,3.79,-2.49
Wealth Management,2026-04-01,Block Storage,2,986.44,1.74,2.19
Wealth Management,2026-04-01,CICS Transaction Server,2,8084.16,14.22,-4.81
Wealth Management,2026-04-01,COBOL Batch,4,9933.03,17.47,-5.12
Wealth Management,2026-04-01,Content Delivery,1,241.71,0.43,-1.42
Wealth Management,2026-04-01,Data Warehouse,2,245.2,0.43,0.07
Wealth Management,2026-04-01,Db2 for z/OS,2,5080.03,8.94,-6.68
Wealth Management,2026-04-01,IMS Transaction Manager,1,1342.25,2.36,-6.87
Wealth Management,2026-04-01,JCL Scheduler,1,2432.14,4.28,-8.94
Wealth Management,2026-04-01,Log Analytics,1,303.07,0.53,-0.64
Wealth Management,2026-04-01,MQ for z/OS,2,4499.89,7.91,-7.06
Wealth Management,2026-04-01,Machine Learning Platform,1,39.95,0.07,-0.1
Wealth Management,2026-04-01,Managed PostgreSQL,1,378.18,0.67,-5.31
Wealth Management,2026-04-01,Message Queue,1,71.49,0.13,-1.57
Wealth Management,2026-04-01,Nagios Monitoring,1,330.51,0.58,-2.88
Wealth Management,2026-04-01,Object Storage,2,565.44,0.99,-2.15
Wealth Management,2026-04-01,Oracle Database,1,61.85,0.11,-2.12
Wealth Management,2026-04-01,RACF Security,2,11048.66,19.43,-8.8
Wealth Management,2026-04-01,SMF Analytics,3,2596.96,4.57,-6.62
Wealth Management,2026-04-01,SQL Server,1,251.15,0.44,-4.17
Wealth Management,2026-04-01,Secrets Manager,3,475.4,0.84,-2.71
Wealth Management,2026-04-01,Serverless Functions,1,176.45,0.31,-1.66
Wealth Management,2026-04-01,Streaming Ingest,1,65.85,0.12,-4.27
Wealth Management,2026-04-01,Sysplex Coupling,1,2453.29,4.31,-6.28
Wealth Management,2026-04-01,Tomcat,3,503.07,0.88,1.91
Wealth Management,2026-04-01,VMware vSphere,1,1036.62,1.82,-3.28
Wealth Management,2026-04-01,VSAM Storage,1,382.94,0.67,-5.53
Wealth Management,2026-04-01,WebSphere Application Server,3,431.89,0.76,-1.54
Wealth Management,2026-04-01,Windows Server,2,681.77,1.2,-3.5
Wealth Management,2026-05-01,Active Directory,4,2204.19,3.86,2.24
Wealth Management,2026-05-01,Block Storage,2,996.75,1.75,1.05
Wealth Management,2026-05-01,CICS Transaction Server,2,7916.13,13.88,-2.08
Wealth Management,2026-05-01,COBOL Batch,4,10164.76,17.82,2.33
Wealth Management,2026-05-01,Content Delivery,1,241.62,0.42,-0.04
Wealth Management,2026-05-01,Data Warehouse,2,251.81,0.44,2.7
Wealth Management,2026-05-01,Db2 for z/OS,2,5016.95,8.8,-1.24
Wealth Management,2026-05-01,IMS Transaction Manager,1,1339.52,2.35,-0.2
Wealth Management,2026-05-01,JCL Scheduler,1,2486.43,4.36,2.23
Wealth Management,2026-05-01,Log Analytics,1,296.93,0.52,-2.03
Wealth Management,2026-05-01,MQ for z/OS,2,4509.3,7.91,0.21
Wealth Management,2026-05-01,Machine Learning Platform,1,39.5,0.07,-1.13
Wealth Management,2026-05-01,Managed PostgreSQL,1,387.91,0.68,2.57
Wealth Management,2026-05-01,Message Queue,1,72.22,0.13,1.02
Wealth Management,2026-05-01,Nagios Monitoring,1,328.25,0.58,-0.68
Wealth Management,2026-05-01,Object Storage,2,590.68,1.04,4.46
Wealth Management,2026-05-01,Oracle Database,1,61.6,0.11,-0.4
Wealth Management,2026-05-01,RACF Security,2,11107.92,19.47,0.54
Wealth Management,2026-05-01,SMF Analytics,3,2552.16,4.47,-1.73
Wealth Management,2026-05-01,SQL Server,1,253.64,0.44,0.99
Wealth Management,2026-05-01,Secrets Manager,3,479.49,0.84,0.86
Wealth Management,2026-05-01,Serverless Functions,1,178.01,0.31,0.88
Wealth Management,2026-05-01,Streaming Ingest,1,66.19,0.12,0.52
Wealth Management,2026-05-01,Sysplex Coupling,1,2473.23,4.34,0.81
Wealth Management,2026-05-01,Tomcat,3,506.56,0.89,0.69
Wealth Management,2026-05-01,VMware vSphere,1,1064.47,1.87,2.69
Wealth Management,2026-05-01,VSAM Storage,1,378.97,0.66,-1.04
Wealth Management,2026-05-01,WebSphere Application Server,3,413.58,0.73,-4.24
Wealth Management,2026-05-01,Windows Server,2,663.21,1.16,-2.72
Wealth Management,2026-06-01,Active Directory,4,2147.27,3.59,-2.58
Wealth Management,2026-06-01,Block Storage,2,977.52,1.64,-1.93
Wealth Management,2026-06-01,CICS Transaction Server,2,8250.62,13.81,4.23
Wealth Management,2026-06-01,COBOL Batch,4,10748.99,18.0,5.75
Wealth Management,2026-06-01,Content Delivery,1,245.14,0.41,1.46
Wealth Management,2026-06-01,Data Warehouse,2,241.41,0.4,-4.13
Wealth Management,2026-06-01,Db2 for z/OS,2,5370.21,8.99,7.04
Wealth Management,2026-06-01,IMS Transaction Manager,1,1438.42,2.41,7.38
Wealth Management,2026-06-01,JCL Scheduler,1,2631.87,4.41,5.85
Wealth Management,2026-06-01,Log Analytics,1,310.24,0.52,4.48
Wealth Management,2026-06-01,MQ for z/OS,2,4862.46,8.14,7.83
Wealth Management,2026-06-01,Machine Learning Platform,1,39.33,0.07,-0.43
Wealth Management,2026-06-01,Managed PostgreSQL,1,400.29,0.67,3.19
Wealth Management,2026-06-01,Message Queue,1,69.96,0.12,-3.13
Wealth Management,2026-06-01,Nagios Monitoring,1,325.18,0.54,-0.94
Wealth Management,2026-06-01,Object Storage,2,568.29,0.95,-3.79
Wealth Management,2026-06-01,Oracle Database,1,60.47,0.1,-1.83
Wealth Management,2026-06-01,RACF Security,2,11725.98,19.63,5.56
Wealth Management,2026-06-01,SMF Analytics,3,2760.82,4.62,8.18
Wealth Management,2026-06-01,SQL Server,1,253.22,0.42,-0.17
Wealth Management,2026-06-01,Secrets Manager,3,474.53,0.79,-1.03
Wealth Management,2026-06-01,Serverless Functions,1,175.0,0.29,-1.69
Wealth Management,2026-06-01,Streaming Ingest,1,65.62,0.11,-0.86
Wealth Management,2026-06-01,Sysplex Coupling,1,2537.43,4.25,2.6
Wealth Management,2026-06-01,Tomcat,3,511.42,0.86,0.96
Wealth Management,2026-06-01,VMware vSphere,1,1074.2,1.8,0.91
Wealth Management,2026-06-01,VSAM Storage,1,389.56,0.65,2.79
Wealth Management,2026-06-01,WebSphere Application Server,3,422.65,0.71,2.19
Wealth Management,2026-06-01,Windows Server,2,653.43,1.09,-1.47
Wealth Management,2026-07-01,Active Directory,4,2194.96,3.7,2.22
Wealth Management,2026-07-01,Block Storage,2,1005.25,1.7,2.84
Wealth Management,2026-07-01,CICS Transaction Server,2,8295.23,13.99,0.54
Wealth Management,2026-07-01,COBOL Batch,4,10626.67,17.92,-1.14
Wealth Management,2026-07-01,Content Delivery,1,258.8,0.44,5.57
Wealth Management,2026-07-01,Data Warehouse,2,249.61,0.42,3.4
Wealth Management,2026-07-01,Db2 for z/OS,2,5358.75,9.04,-0.21
Wealth Management,2026-07-01,IMS Transaction Manager,1,1418.13,2.39,-1.41
Wealth Management,2026-07-01,JCL Scheduler,1,2533.53,4.27,-3.74
Wealth Management,2026-07-01,Log Analytics,1,318.21,0.54,2.57
Wealth Management,2026-07-01,MQ for z/OS,2,4813.76,8.12,-1.0
Wealth Management,2026-07-01,Machine Learning Platform,1,43.4,0.07,10.35
Wealth Management,2026-07-01,Managed PostgreSQL,1,405.92,0.68,1.41
Wealth Management,2026-07-01,Message Queue,1,74.05,0.12,5.85
Wealth Management,2026-07-01,Nagios Monitoring,1,339.7,0.57,4.47
Wealth Management,2026-07-01,Object Storage,2,585.81,0.99,3.08
Wealth Management,2026-07-01,Oracle Database,1,61.6,0.1,1.87
Wealth Management,2026-07-01,RACF Security,2,11344.46,19.13,-3.25
Wealth Management,2026-07-01,SMF Analytics,3,2726.49,4.6,-1.24
Wealth Management,2026-07-01,SQL Server,1,263.99,0.45,4.25
Wealth Management,2026-07-01,Secrets Manager,3,490.45,0.83,3.35
Wealth Management,2026-07-01,Serverless Functions,1,185.87,0.31,6.21
Wealth Management,2026-07-01,Streaming Ingest,1,70.37,0.12,7.24
Wealth Management,2026-07-01,Sysplex Coupling,1,2508.33,4.23,-1.15
Wealth Management,2026-07-01,Tomcat,3,528.31,0.89,3.3
Wealth Management,2026-07-01,VMware vSphere,1,1060.02,1.79,-1.32
Wealth Management,2026-07-01,VSAM Storage,1,381.84,0.64,-1.98
Wealth Management,2026-07-01,WebSphere Application Server,3,444.03,0.75,5.06
Wealth Management,2026-07-01,Windows Server,2,705.74,1.19,8.01
Wealth Management,2026-08-01,Active Directory,4,2210.19,3.83,0.69
Wealth Management,2026-08-01,Block Storage,2,1004.95,1.74,-0.03
Wealth Management,2026-08-01,CICS Transaction Server,2,8023.68,13.91,-3.27
Wealth Management,2026-08-01,COBOL Batch,4,10374.18,17.99,-2.38
Wealth Management,2026-08-01,Content Delivery,1,246.61,0.43,-4.71
Wealth Management,2026-08-01,Data Warehouse,2,246.74,0.43,-1.15
Wealth Management,2026-08-01,Db2 for z/OS,2,5244.32,9.09,-2.14
Wealth Management,2026-08-01,IMS Transaction Manager,1,1354.88,2.35,-4.46
Wealth Management,2026-08-01,JCL Scheduler,1,2562.51,4.44,1.14
Wealth Management,2026-08-01,Log Analytics,1,284.79,0.49,-10.5
Wealth Management,2026-08-01,MQ for z/OS,2,4620.44,8.01,-4.02
Wealth Management,2026-08-01,Machine Learning Platform,1,40.8,0.07,-5.99
Wealth Management,2026-08-01,Managed PostgreSQL,1,393.18,0.68,-3.14
Wealth Management,2026-08-01,Message Queue,1,70.93,0.12,-4.21
Wealth Management,2026-08-01,Nagios Monitoring,1,330.68,0.57,-2.66
Wealth Management,2026-08-01,Object Storage,2,570.74,0.99,-2.57
Wealth Management,2026-08-01,Oracle Database,1,64.07,0.11,4.01
Wealth Management,2026-08-01,RACF Security,2,10949.92,18.98,-3.48
Wealth Management,2026-08-01,SMF Analytics,3,2645.95,4.59,-2.95
Wealth Management,2026-08-01,SQL Server,1,261.24,0.45,-1.04
Wealth Management,2026-08-01,Secrets Manager,3,484.7,0.84,-1.17
Wealth Management,2026-08-01,Serverless Functions,1,178.5,0.31,-3.97
Wealth Management,2026-08-01,Streaming Ingest,1,65.68,0.11,-6.66
Wealth Management,2026-08-01,Sysplex Coupling,1,2404.64,4.17,-4.13
Wealth Management,2026-08-01,Tomcat,3,500.78,0.87,-5.21
Wealth Management,2026-08-01,VMware vSphere,1,1060.39,1.84,0.03
Wealth Management,2026-08-01,VSAM Storage,1,380.33,0.66,-0.4
Wealth Management,2026-08-01,WebSphere Application Server,3,414.78,0.72,-6.59
Wealth Management,2026-08-01,Windows Server,2,688.79,1.19,-2.4
Wealth Management,2026-09-01,Active Directory,4,2106.26,3.54,-4.7
Wealth Management,2026-09-01,Block Storage,2,983.74,1.65,-2.11
Wealth Management,2026-09-01,CICS Transaction Server,2,8205.62,13.79,2.27
Wealth Management,2026-09-01,COBOL Batch,4,10687.35,17.96,3.02
Wealth Management,2026-09-01,Content Delivery,1,251.6,0.42,2.02
Wealth Management,2026-09-01,Data Warehouse,2,245.56,0.41,-0.48
Wealth Management,2026-09-01,Db2 for z/OS,2,5346.71,8.98,1.95
Wealth Management,2026-09-01,IMS Transaction Manager,1,1383.25,2.32,2.09
Wealth Management,2026-09-01,JCL Scheduler,1,2750.94,4.62,7.35
Wealth Management,2026-09-01,Log Analytics,1,298.22,0.5,4.72
Wealth Management,2026-09-01,MQ for z/OS,2,4886.2,8.21,5.75
Wealth Management,2026-09-01,Machine Learning Platform,1,39.1,0.07,-4.17
Wealth Management,2026-09-01,Managed PostgreSQL,1,387.3,0.65,-1.5
Wealth Management,2026-09-01,Message Queue,1,69.27,0.12,-2.34
Wealth Management,2026-09-01,Nagios Monitoring,1,339.8,0.57,2.76
Wealth Management,2026-09-01,Object Storage,2,543.03,0.91,-4.86
Wealth Management,2026-09-01,Oracle Database,1,63.1,0.11,-1.51
Wealth Management,2026-09-01,RACF Security,2,11589.03,19.47,5.84
Wealth Management,2026-09-01,SMF Analytics,3,2698.91,4.53,2.0
Wealth Management,2026-09-01,SQL Server,1,252.42,0.42,-3.38
Wealth Management,2026-09-01,Secrets Manager,3,480.88,0.81,-0.79
Wealth Management,2026-09-01,Serverless Functions,1,177.63,0.3,-0.49
Wealth Management,2026-09-01,Streaming Ingest,1,66.98,0.11,1.98
Wealth Management,2026-09-01,Sysplex Coupling,1,2576.67,4.33,7.15
Wealth Management,2026-09-01,Tomcat,3,519.63,0.87,3.76
Wealth Management,2026-09-01,VMware vSphere,1,1080.19,1.81,1.87
Wealth Management,2026-09-01,VSAM Storage,1,402.04,0.68,5.71
Wealth Management,2026-09-01,WebSphere Application Server,3,422.32,0.71,1.82
Wealth Management,2026-09-01,Windows Server,2,663.26,1.11,-3.71
